{"ambientocclusion":false,"elements":[{"faces":{"down":{"cullface":"down","texture":"#sign","uv":[4.0,6.0,7.5,7.0]},"east":{"texture":"#sign","uv":[0.0,7.0,0.5,12.0]},"north":{"texture":"#sign","uv":[0.5,7.0,4.0,12.0]},"south":{"texture":"#sign","uv":[4.5,7.0,8.0,12.0]},"up":{"texture":"#sign","uv":[0.5,7.0,4.0,6.0]},"west":{"texture":"#sign","uv":[4.0,7.0,4.5,12.0]}},"from":[0.96,-0.04,6.96],"rotation":{"angle":0.0,"axis":"y","origin":[8.0,0.0,8.0]},"to":[15.04,10.04,9.04]}],"textures":{"particle":"#sign","sign":"minecraft:block/stone"}}