{"ambientocclusion":false,"elements":[{"faces":{"down":{"cullface":"down","texture":"#sign","uv":[4.0,6.0,7.5,7.0]},"east":{"texture":"#sign","uv":[0.0,7.0,0.5,12.0]},"north":{"texture":"#sign","uv":[0.5,7.0,4.0,12.0]},"south":{"texture":"#sign","uv":[4.5,7.0,8.0,12.0]},"up":{"texture":"#sign","uv":[0.5,7.0,4.0,6.0]},"west":{"texture":"#sign","uv":[4.0,7.0,4.5,12.0]}},"from":[0.96,-0.04,6.96],"rotation":{"angle":0.0,"axis":"y","origin":[8.0,0.0,8.0]},"to":[15.04,10.04,9.04]},{"faces":{"down":{"texture":"#sign","uv":[5.0,0.0,9.0,2.0]},"east":{"cullface":"west","texture":"#sign","uv":[0.0,2.0,1.0,3.0]},"north":{"texture":"#sign","uv":[1.0,2.0,5.0,3.0]},"south":{"texture":"#sign","uv":[6.0,2.0,10.0,3.0]},"up":{"cullface":"up","texture":"#sign","uv":[1.0,2.0,5.0,0.0]},"west":{"cullface":"west","texture":"#sign","uv":[5.0,2.0,6.0,3.0]}},"from":[-0.04,13.96,5.96],"to":[16.04,16.04,10.04]}],"textures":{"particle":"#sign","sign":"minecraft:block/stone"}}