{"display":{"firstperson_lefthand":{"rotation":[-111.93,83.17,88.04],"scale":[0.65,0.65,0.65],"translation":[1.25,3.5,1.5]},"firstperson_righthand":{"rotation":[-111.93,83.17,88.04],"scale":[0.65,0.65,0.65],"translation":[1.25,3.5,1.5]},"head":{"rotation":[-158.94,-4.56,165.18],"translation":[-10.25,3.25,-1.75]},"thirdperson_lefthand":{"rotation":[0,180,0],"scale":[0.55,0.55,0.55],"translation":[0,3,0.75]},"thirdperson_righthand":{"rotation":[0,180,0],"scale":[0.55,0.55,0.55],"translation":[0,3,0.75]}},"elements":[{"faces":{"down":{"texture":"#0","uv":[14,1,10,2]},"east":{"texture":"#0","uv":[10,1,11,2]},"north":{"texture":"#0","uv":[10,1,14,2]},"south":{"texture":"#0","uv":[14,2,10,1]},"up":{"texture":"#0","uv":[14,1,10,2]},"west":{"texture":"#0","uv":[13,1,14,2]}},"from":[2,14,7],"rotation":{"angle":0,"axis":"y","origin":[4,14.5,7.5]},"to":[6,15,8]},{"faces":{"down":{"texture":"#0","uv":[15,2,9,3]},"east":{"texture":"#0","uv":[9,2,10,3]},"north":{"texture":"#0","uv":[9,2,15,3]},"south":{"texture":"#0","uv":[15,3,9,2]},"up":{"texture":"#0","uv":[15,2,9,3]},"west":{"texture":"#0","uv":[14,2,15,3]}},"from":[1,13,7],"rotation":{"angle":0,"axis":"y","origin":[4,13.5,7.5]},"to":[7,14,8]},{"faces":{"down":{"texture":"#0","uv":[15,3,9,4]},"east":{"texture":"#0","uv":[9,3,10,4]},"north":{"texture":"#0","uv":[9,3,15,4]},"south":{"texture":"#0","uv":[15,4,9,3]},"up":{"texture":"#0","uv":[15,3,9,4]},"west":{"texture":"#0","uv":[14,3,15,4]}},"from":[1,12,7],"rotation":{"angle":0,"axis":"y","origin":[4,12.5,7.5]},"to":[7,13,8]},{"faces":{"down":{"texture":"#0","uv":[15,4,13,5]},"east":{"texture":"#0","uv":[13,4,14,5]},"north":{"texture":"#0","uv":[13,4,15,5]},"south":{"texture":"#0","uv":[15,5,13,4]},"up":{"texture":"#0","uv":[15,4,13,5]},"west":{"texture":"#0","uv":[14,4,15,5]}},"from":[1,11,7],"rotation":{"angle":0,"axis":"y","origin":[2,11.5,7.5]},"to":[3,12,8]},{"faces":{"down":{"texture":"#0","uv":[11,4,7,5]},"east":{"texture":"#0","uv":[7,4,8,5]},"north":{"texture":"#0","uv":[7,4,11,5]},"south":{"texture":"#0","uv":[11,5,7,4]},"up":{"texture":"#0","uv":[11,4,7,5]},"west":{"texture":"#0","uv":[10,4,11,5]}},"from":[5,11,7],"rotation":{"angle":0,"axis":"y","origin":[7,11.5,7.5]},"to":[9,12,8]},{"faces":{"down":{"texture":"#0","uv":[15,5,13,6]},"east":{"texture":"#0","uv":[13,5,14,6]},"north":{"texture":"#0","uv":[13,5,15,6]},"south":{"texture":"#0","uv":[15,6,13,5]},"up":{"texture":"#0","uv":[15,5,13,6]},"west":{"texture":"#0","uv":[14,5,15,6]}},"from":[1,10,7],"rotation":{"angle":0,"axis":"y","origin":[2,10.5,7.5]},"to":[3,11,8]},{"faces":{"down":{"texture":"#0","uv":[11,5,6,6]},"east":{"texture":"#0","uv":[6,5,7,6]},"north":{"texture":"#0","uv":[6,5,11,6]},"south":{"texture":"#0","uv":[11,6,6,5]},"up":{"texture":"#0","uv":[11,5,6,6]},"west":{"texture":"#0","uv":[10,5,11,6]}},"from":[5,10,7],"rotation":{"angle":0,"axis":"y","origin":[7.5,10.5,7.5]},"to":[10,11,8]},{"faces":{"down":{"texture":"#0","uv":[15,6,13,7]},"east":{"texture":"#0","uv":[13,6,14,7]},"north":{"texture":"#0","uv":[13,6,15,7]},"south":{"texture":"#0","uv":[15,7,13,6]},"up":{"texture":"#0","uv":[15,6,13,7]},"west":{"texture":"#0","uv":[14,6,15,7]}},"from":[1,9,7],"rotation":{"angle":0,"axis":"y","origin":[2,9.5,7.5]},"to":[3,10,8]},{"faces":{"down":{"texture":"#0","uv":[12,6,5,7]},"east":{"texture":"#0","uv":[5,6,6,7]},"north":{"texture":"#0","uv":[5,6,12,7]},"south":{"texture":"#0","uv":[12,7,5,6]},"up":{"texture":"#0","uv":[12,6,5,7]},"west":{"texture":"#0","uv":[11,6,12,7]}},"from":[4,9,7],"rotation":{"angle":0,"axis":"y","origin":[7.5,9.5,7.5]},"to":[11,10,8]},{"faces":{"down":{"texture":"#0","uv":[14,7,4,8]},"east":{"texture":"#0","uv":[4,7,5,8]},"north":{"texture":"#0","uv":[4,7,14,8]},"south":{"texture":"#0","uv":[14,8,4,7]},"up":{"texture":"#0","uv":[14,7,4,8]},"west":{"texture":"#0","uv":[13,7,14,8]}},"from":[2,8,7],"rotation":{"angle":0,"axis":"y","origin":[7,8.5,7.5]},"to":[12,9,8]},{"faces":{"down":{"texture":"#0","uv":[13,8,3,9]},"east":{"texture":"#0","uv":[3,8,4,9]},"north":{"texture":"#0","uv":[3,8,13,9]},"south":{"texture":"#0","uv":[13,9,3,8]},"up":{"texture":"#0","uv":[13,8,3,9]},"west":{"texture":"#0","uv":[12,8,13,9]}},"from":[3,7,7],"rotation":{"angle":0,"axis":"y","origin":[8,7.5,7.5]},"to":[13,8,8]},{"faces":{"down":{"texture":"#0","uv":[11,9,2,10]},"east":{"texture":"#0","uv":[2,9,3,10]},"north":{"texture":"#0","uv":[2,9,11,10]},"south":{"texture":"#0","uv":[11,10,2,9]},"up":{"texture":"#0","uv":[11,9,2,10]},"west":{"texture":"#0","uv":[10,9,11,10]}},"from":[5,6,7],"rotation":{"angle":0,"axis":"y","origin":[9.5,6.5,7.5]},"to":[14,7,8]},{"faces":{"down":{"texture":"#0","uv":[10,10,1,11]},"east":{"texture":"#0","uv":[1,10,2,11]},"north":{"texture":"#0","uv":[1,10,10,11]},"south":{"texture":"#0","uv":[10,11,1,10]},"up":{"texture":"#0","uv":[10,10,1,11]},"west":{"texture":"#0","uv":[9,10,10,11]}},"from":[6,5,7],"rotation":{"angle":0,"axis":"y","origin":[10.5,5.5,7.5]},"to":[15,6,8]},{"faces":{"down":{"texture":"#0","uv":[9,11,0,12]},"east":{"texture":"#0","uv":[0,11,1,12]},"north":{"texture":"#0","uv":[0,11,9,12]},"south":{"texture":"#0","uv":[9,12,0,11]},"up":{"texture":"#0","uv":[9,11,0,12]},"west":{"texture":"#0","uv":[8,11,9,12]}},"from":[7,4,7],"rotation":{"angle":0,"axis":"y","origin":[11.5,4.5,7.5]},"to":[16,5,8]},{"faces":{"down":{"texture":"#0","uv":[8,12,0,13]},"east":{"texture":"#0","uv":[0,12,1,13]},"north":{"texture":"#0","uv":[0,12,8,13]},"south":{"texture":"#0","uv":[8,13,0,12]},"up":{"texture":"#0","uv":[8,12,0,13]},"west":{"texture":"#0","uv":[7,12,8,13]}},"from":[8,3,7],"rotation":{"angle":0,"axis":"y","origin":[12,3.5,7.5]},"to":[16,4,8]},{"faces":{"down":{"texture":"#0","uv":[7,13,0,14]},"east":{"texture":"#0","uv":[0,13,1,14]},"north":{"texture":"#0","uv":[0,13,7,14]},"south":{"texture":"#0","uv":[7,14,0,13]},"up":{"texture":"#0","uv":[7,13,0,14]},"west":{"texture":"#0","uv":[6,13,7,14]}},"from":[9,2,7],"rotation":{"angle":0,"axis":"y","origin":[12.5,2.5,7.5]},"to":[16,3,8]},{"faces":{"down":{"texture":"#0","uv":[6,14,1,15]},"east":{"texture":"#0","uv":[1,14,2,15]},"north":{"texture":"#0","uv":[1,14,6,15]},"south":{"texture":"#0","uv":[6,15,1,14]},"up":{"texture":"#0","uv":[6,14,1,15]},"west":{"texture":"#0","uv":[5,14,6,15]}},"from":[10,1,7],"rotation":{"angle":0,"axis":"y","origin":[12.5,1.5,7.5]},"to":[15,2,8]},{"faces":{"down":{"texture":"#0","uv":[5,15,2,16]},"east":{"texture":"#0","uv":[2,15,3,16]},"north":{"texture":"#0","uv":[2,15,5,16]},"south":{"texture":"#0","uv":[5,16,2,15]},"up":{"texture":"#0","uv":[5,15,2,16]},"west":{"texture":"#0","uv":[4,15,5,16]}},"from":[11,0,7],"rotation":{"angle":0,"axis":"y","origin":[12.5,0.5,7.5]},"to":[14,1,8]}],"parent":"carved_pumpkin","textures":{"0":"spooncraftadditions:item/tag/participation","particle":"spooncraftadditions:item/tag/participation"}}