{
	"credit": "Made with Blockbench",
	"parent": "carved_pumpkin",
	"textures": {
		"0": "spooncraftadditions:item/hat/arrow_hat",
		"particle": "spooncraftadditions:item/hat/arrow_hat"
	},
	"elements": [
		{
			"name": "shaft",
			"from": [0, 1.72751, 7.94896],
			"to": [13, 2.72751, 7.94896],
			"rotation": {"angle": 45, "axis": "x", "origin": [8.25, 2.225, 7.94645]},
			"faces": {
				"north": {"uv": [0, 1, 6.5, 1.5], "rotation": 180, "texture": "#0"},
				"east": {"uv": [0, 0, 0.5, 0], "rotation": 90, "texture": "#0"},
				"south": {"uv": [0, 1, 6.5, 1.5], "texture": "#0"},
				"west": {"uv": [0, 0, 0.5, 0], "rotation": 270, "texture": "#0"},
				"up": {"uv": [0, 0, 11, 0], "texture": "#0"},
				"down": {"uv": [0, 0, 11, 0], "rotation": 180, "texture": "#0"}
			}
		},
		{
			"name": "shaft",
			"from": [0, 2.225, 7.44645],
			"to": [13, 2.225, 8.44645],
			"rotation": {"angle": 45, "axis": "x", "origin": [8.25, 2.225, 7.94645]},
			"faces": {
				"north": {"uv": [0, 0, 11, 0], "rotation": 180, "texture": "#0"},
				"east": {"uv": [0, 0, 0.5, 0], "rotation": 180, "texture": "#0"},
				"south": {"uv": [0, 0, 11, 0], "rotation": 180, "texture": "#0"},
				"west": {"uv": [0, 0, 0.5, 0], "rotation": 180, "texture": "#0"},
				"up": {"uv": [0, 1, 6.5, 1.5], "texture": "#0"},
				"down": {"uv": [0, 1, 6.5, 1.5], "texture": "#0"}
			}
		},
		{
			"name": "shaft",
			"from": [13, 0.77041, 7.94896],
			"to": [15, 3.77041, 7.94896],
			"rotation": {"angle": 45, "axis": "x", "origin": [8.25, 2.225, 7.94645]},
			"faces": {
				"north": {"uv": [6.5, 0.5, 7.5, 2], "rotation": 180, "texture": "#0"},
				"east": {"uv": [0, 0, 1, 0], "rotation": 90, "texture": "#0"},
				"south": {"uv": [6.5, 0.5, 7.5, 2], "texture": "#0"},
				"west": {"uv": [0, 0, 1, 0], "rotation": 270, "texture": "#0"},
				"up": {"uv": [0, 0, 1, 0], "texture": "#0"},
				"down": {"uv": [0, 0, 1, 0], "rotation": 180, "texture": "#0"}
			}
		},
		{
			"name": "shaft",
			"from": [13, 2.225, 6.40355],
			"to": [15, 2.225, 9.40355],
			"rotation": {"angle": 45, "axis": "x", "origin": [8.25, 2.225, 7.94645]},
			"faces": {
				"north": {"uv": [0, 0, 1, 0], "rotation": 180, "texture": "#0"},
				"east": {"uv": [0, 0, 1, 0], "rotation": 180, "texture": "#0"},
				"south": {"uv": [0, 0, 1, 0], "rotation": 180, "texture": "#0"},
				"west": {"uv": [0, 0, 1, 0], "rotation": 180, "texture": "#0"},
				"up": {"uv": [6.5, 0.5, 7.5, 2], "texture": "#0"},
				"down": {"uv": [6.5, 0.5, 7.5, 2], "texture": "#0"}
			}
		},
		{
			"name": "shaft",
			"from": [15, 1.76287, 7.94896],
			"to": [16, 2.76287, 7.94896],
			"rotation": {"angle": 45, "axis": "x", "origin": [8.25, 2.225, 7.94645]},
			"faces": {
				"north": {"uv": [7.5, 1, 8, 1.5], "rotation": 180, "texture": "#0"},
				"east": {"uv": [0, 0, 0.5, 0], "rotation": 90, "texture": "#0"},
				"south": {"uv": [7.5, 1, 8, 1.5], "texture": "#0"},
				"west": {"uv": [0, 0, 0.5, 0], "rotation": 270, "texture": "#0"},
				"up": {"uv": [0, 0, 0.5, 0], "texture": "#0"},
				"down": {"uv": [0, 0, 0.5, 0], "rotation": 180, "texture": "#0"}
			}
		},
		{
			"name": "shaft",
			"from": [15, 2.225, 7.41109],
			"to": [16, 2.225, 8.41109],
			"rotation": {"angle": 45, "axis": "x", "origin": [8.25, 2.225, 7.94645]},
			"faces": {
				"north": {"uv": [0, 0, 0.5, 0], "rotation": 180, "texture": "#0"},
				"east": {"uv": [0, 0, 0.5, 0], "rotation": 180, "texture": "#0"},
				"south": {"uv": [0, 0, 0.5, 0], "rotation": 180, "texture": "#0"},
				"west": {"uv": [0, 0, 0.5, 0], "rotation": 180, "texture": "#0"},
				"up": {"uv": [7.5, 1, 8, 1.5], "texture": "#0"},
				"down": {"uv": [7.5, 1, 8, 1.5], "texture": "#0"}
			}
		},
		{
			"name": "fletching",
			"from": [1, 2.225, 6.4565],
			"to": [4, 2.225, 7.4565],
			"rotation": {"angle": 45, "axis": "x", "origin": [8.25, 2.225, 7.94645]},
			"faces": {
				"north": {"uv": [0, 0, 11, 0], "rotation": 180, "texture": "#0"},
				"east": {"uv": [0, 0, 0.5, 0], "rotation": 180, "texture": "#0"},
				"south": {"uv": [0, 0, 11, 0], "rotation": 180, "texture": "#0"},
				"west": {"uv": [0, 0, 0.5, 0], "rotation": 180, "texture": "#0"},
				"up": {"uv": [0.5, 0.5, 2, 1], "texture": "#0"},
				"down": {"uv": [0.5, 0.5, 2, 1], "texture": "#0"}
			}
		},
		{
			"name": "fletching",
			"from": [0, 2.225, 5.4565],
			"to": [3, 2.225, 6.4565],
			"rotation": {"angle": 45, "axis": "x", "origin": [8.25, 2.225, 7.94645]},
			"faces": {
				"north": {"uv": [0, 0, 11, 0], "rotation": 180, "texture": "#0"},
				"east": {"uv": [0, 0, 0.5, 0], "rotation": 180, "texture": "#0"},
				"south": {"uv": [0, 0, 11, 0], "rotation": 180, "texture": "#0"},
				"west": {"uv": [0, 0, 0.5, 0], "rotation": 180, "texture": "#0"},
				"up": {"uv": [0, 0, 1.5, 0.5], "texture": "#0"},
				"down": {"uv": [0, 0, 1.5, 0.5], "texture": "#0"}
			}
		},
		{
			"name": "fletching",
			"from": [1, 2.225, 8.4364],
			"to": [4, 2.225, 9.4364],
			"rotation": {"angle": 45, "axis": "x", "origin": [8.25, 2.225, 7.94645]},
			"faces": {
				"north": {"uv": [0, 0, 11, 0], "rotation": 180, "texture": "#0"},
				"east": {"uv": [0, 0, 0.5, 0], "rotation": 180, "texture": "#0"},
				"south": {"uv": [0, 0, 11, 0], "rotation": 180, "texture": "#0"},
				"west": {"uv": [0, 0, 0.5, 0], "rotation": 180, "texture": "#0"},
				"up": {"uv": [0.5, 1.5, 2, 2], "texture": "#0"},
				"down": {"uv": [0.5, 1.5, 2, 2], "texture": "#0"}
			}
		},
		{
			"name": "fletching",
			"from": [0, 2.225, 9.4364],
			"to": [3, 2.225, 10.4364],
			"rotation": {"angle": 45, "axis": "x", "origin": [8.25, 2.225, 7.94645]},
			"faces": {
				"north": {"uv": [0, 0, 11, 0], "rotation": 180, "texture": "#0"},
				"east": {"uv": [0, 0, 0.5, 0], "rotation": 180, "texture": "#0"},
				"south": {"uv": [0, 0, 11, 0], "rotation": 180, "texture": "#0"},
				"west": {"uv": [0, 0, 0.5, 0], "rotation": 180, "texture": "#0"},
				"up": {"uv": [0, 2, 1.5, 2.5], "texture": "#0"},
				"down": {"uv": [0, 2, 1.5, 2.5], "texture": "#0"}
			}
		},
		{
			"name": "fletching",
			"from": [1, 2.71495, 7.94645],
			"to": [4, 3.71495, 7.94645],
			"rotation": {"angle": 45, "axis": "x", "origin": [8.25, 2.225, 7.94645]},
			"faces": {
				"north": {"uv": [0.5, 0.5, 2, 1], "rotation": 180, "texture": "#0"},
				"east": {"uv": [0, 0, 0.5, 0], "rotation": 90, "texture": "#0"},
				"south": {"uv": [0.5, 0.5, 2, 1], "texture": "#0"},
				"west": {"uv": [0, 0, 0.5, 0], "rotation": 270, "texture": "#0"},
				"up": {"uv": [0, 0, 11, 0], "texture": "#0"},
				"down": {"uv": [0, 0, 11, 0], "rotation": 180, "texture": "#0"}
			}
		},
		{
			"name": "fletching",
			"from": [0, 3.71495, 7.94645],
			"to": [3, 4.71495, 7.94645],
			"rotation": {"angle": 45, "axis": "x", "origin": [8.25, 2.225, 7.94645]},
			"faces": {
				"north": {"uv": [0, 0, 1.5, 0.5], "rotation": 180, "texture": "#0"},
				"east": {"uv": [0, 0, 0.5, 0], "rotation": 90, "texture": "#0"},
				"south": {"uv": [0, 0, 1.5, 0.5], "texture": "#0"},
				"west": {"uv": [0, 0, 0.5, 0], "rotation": 270, "texture": "#0"},
				"up": {"uv": [0, 0, 11, 0], "texture": "#0"},
				"down": {"uv": [0, 0, 11, 0], "rotation": 180, "texture": "#0"}
			}
		},
		{
			"name": "fletching",
			"from": [1, 0.73505, 7.94645],
			"to": [4, 1.73505, 7.94645],
			"rotation": {"angle": 45, "axis": "x", "origin": [8.25, 2.225, 7.94645]},
			"faces": {
				"north": {"uv": [0.5, 1.5, 2, 2], "rotation": 180, "texture": "#0"},
				"east": {"uv": [0, 0, 0.5, 0], "rotation": 90, "texture": "#0"},
				"south": {"uv": [0.5, 1.5, 2, 2], "texture": "#0"},
				"west": {"uv": [0, 0, 0.5, 0], "rotation": 270, "texture": "#0"},
				"up": {"uv": [0, 0, 11, 0], "texture": "#0"},
				"down": {"uv": [0, 0, 11, 0], "rotation": 180, "texture": "#0"}
			}
		},
		{
			"name": "fletching",
			"from": [0, -0.26495, 7.94645],
			"to": [3, 0.73505, 7.94645],
			"rotation": {"angle": 45, "axis": "x", "origin": [8.25, 2.225, 7.94645]},
			"faces": {
				"north": {"uv": [0, 2, 1.5, 2.5], "rotation": 180, "texture": "#0"},
				"east": {"uv": [0, 0, 0.5, 0], "rotation": 90, "texture": "#0"},
				"south": {"uv": [0, 2, 1.5, 2.5], "texture": "#0"},
				"west": {"uv": [0, 0, 0.5, 0], "rotation": 270, "texture": "#0"},
				"up": {"uv": [0, 0, 11, 0], "texture": "#0"},
				"down": {"uv": [0, 0, 11, 0], "rotation": 180, "texture": "#0"}
			}
		},
		{
			"name": "tail",
			"from": [1, 1.65, 7.5],
			"to": [1, 2.65, 8.5],
			"rotation": {"angle": 45, "axis": "x", "origin": [8.25, 2.225, 7.94645]},
			"faces": {
				"north": {"uv": [0, 0, 0, 1], "texture": "#0"},
				"east": {"uv": [1, 3.5, 1.5, 4], "texture": "#0"},
				"south": {"uv": [0, 0, 0, 1], "texture": "#0"},
				"west": {"uv": [1, 3.5, 1.5, 4], "texture": "#0"},
				"up": {"uv": [0, 0, 0, 1], "texture": "#0"},
				"down": {"uv": [0, 0, 0, 1], "texture": "#0"}
			}
		},
		{
			"name": "tail",
			"from": [1, 1.65, 8.5],
			"to": [1, 2.65, 10.5],
			"rotation": {"angle": 45, "axis": "x", "origin": [8.25, 2.225, 7.94645]},
			"faces": {
				"north": {"uv": [0, 0, 0, 1], "texture": "#0"},
				"east": {"uv": [1.5, 3.5, 2.5, 4], "texture": "#0"},
				"south": {"uv": [0, 0, 0, 1], "texture": "#0"},
				"west": {"uv": [1.5, 3.5, 2.5, 4], "texture": "#0"},
				"up": {"uv": [0, 0, 0, 1], "texture": "#0"},
				"down": {"uv": [0, 0, 0, 1], "texture": "#0"}
			}
		},
		{
			"name": "tail",
			"from": [1, 1.65, 5.5],
			"to": [1, 2.65, 7.5],
			"rotation": {"angle": 45, "axis": "x", "origin": [8.25, 2.225, 7.94645]},
			"faces": {
				"north": {"uv": [0, 0, 0, 1], "texture": "#0"},
				"east": {"uv": [0, 3.5, 1, 4], "texture": "#0"},
				"south": {"uv": [0, 0, 0, 1], "texture": "#0"},
				"west": {"uv": [0, 3.5, 1, 4], "texture": "#0"},
				"up": {"uv": [0, 0, 0, 1], "texture": "#0"},
				"down": {"uv": [0, 0, 0, 1], "texture": "#0"}
			}
		},
		{
			"name": "tail",
			"from": [1, 2.65, 7.5],
			"to": [1, 4.65, 8.5],
			"rotation": {"angle": 45, "axis": "x", "origin": [8.25, 2.225, 7.94645]},
			"faces": {
				"north": {"uv": [0, 0, 0, 1], "texture": "#0"},
				"east": {"uv": [1, 2.5, 1.5, 3.5], "texture": "#0"},
				"south": {"uv": [0, 0, 0, 1], "texture": "#0"},
				"west": {"uv": [1, 2.5, 1.5, 3.5], "texture": "#0"},
				"up": {"uv": [0, 0, 0, 1], "texture": "#0"},
				"down": {"uv": [0, 0, 0, 1], "texture": "#0"}
			}
		},
		{
			"name": "tail",
			"from": [1, -0.35, 7.5],
			"to": [1, 1.65, 8.5],
			"rotation": {"angle": 45, "axis": "x", "origin": [8.25, 2.225, 7.94645]},
			"faces": {
				"north": {"uv": [0, 0, 0, 1], "texture": "#0"},
				"east": {"uv": [1, 4, 1.5, 5], "texture": "#0"},
				"south": {"uv": [0, 0, 0, 1], "texture": "#0"},
				"west": {"uv": [1, 4, 1.5, 5], "texture": "#0"},
				"up": {"uv": [0, 0, 0, 1], "texture": "#0"},
				"down": {"uv": [0, 0, 0, 1], "texture": "#0"}
			}
		}
	],
	"display": {
		"thirdperson_righthand": {
			"rotation": [0, 0, 90],
			"translation": [-5.75, 0, 0]
		},
		"thirdperson_lefthand": {
			"rotation": [0, 0, -90],
			"translation": [5.75, 0, 0]
		},
		"firstperson_righthand": {
			"rotation": [-25, 0, 90]
		},
		"firstperson_lefthand": {
			"rotation": [-25, 0, -90],
			"translation": [11.5, 0, 0]
		},
		"ground": {
			"translation": [0, 5, 0]
		},
		"gui": {
			"rotation": [0, 0, 45],
			"translation": [-3, 4.75, 0]
		},
		"head": {
			"rotation": [0, 0, -14.5],
			"translation": [1.75, 10.75, 0],
			"scale": [2, 1.75, 1.75]
		},
		"fixed": {
			"rotation": [0, 0, -90],
			"translation": [5.5, 0, -1.75]
		}
	},
	"groups": [
		{
			"name": "shaft",
			"origin": [8, 8, 8],
			"color": 0,
			"children": [0, 1]
		},
		{
			"name": "tip",
			"origin": [8, 8, 8],
			"color": 0,
			"children": [
				2,
				3,
				{
					"name": "tipy-tip-tip",
					"origin": [8, 8, 8],
					"color": 0,
					"children": [4, 5]
				}
			]
		},
		{
			"name": "fletching",
			"origin": [6.5, 1.32322, 7.94822],
			"color": 0,
			"children": [6, 7, 8, 9, 10, 11, 12, 13]
		},
		{
			"name": "tail",
			"origin": [8, 1.075, 6.94645],
			"color": 0,
			"children": [14, 15, 16, 17, 18]
		}
	]
}