{
	"credit": "Made with Blockbench",
	"parent": "carved_pumpkin",
	"textures": {
		"0": "spooncraftadditions:item/hat/baltop_hat/brim",
		"1": "spooncraftadditions:item/hat/baltop_hat/top",
		"2": "spooncraftadditions:item/hat/baltop_hat/bank_note_1k",
		"3": "spooncraftadditions:item/hat/baltop_hat/bank_note_1m",
		"4": "spooncraftadditions:item/hat/baltop_hat/bank_note_10k",
		"5": "spooncraftadditions:item/hat/baltop_hat/bank_note_100k",
		"6": "spooncraftadditions:item/hat/baltop_hat/stripe"
	},
	"elements": [
		{
			"from": [12, 0.5, 4.5],
			"to": [12.5, 9, 11.5],
			"rotation": {"angle": 0, "axis": "y", "origin": [12.25, 4.75, 8]},
			"faces": {
				"north": {"uv": [7.5, 0.5, 8, 9], "texture": "#1"},
				"east": {"uv": [0.5, 0.5, 7.5, 9], "texture": "#1"},
				"south": {"uv": [0, 0.5, 0.5, 9], "texture": "#1"},
				"west": {"uv": [0.5, 0.5, 7.5, 9], "texture": "#1"},
				"up": {"uv": [0.5, 0, 7.5, 0.5], "texture": "#1"},
				"down": {"uv": [0.5, 9, 7.5, 9.5], "texture": "#1"}
			}
		},
		{
			"from": [4.5, 0.5, 12],
			"to": [11.5, 9, 12.5],
			"rotation": {"angle": 0, "axis": "y", "origin": [8, 4.75, 12.25]},
			"faces": {
				"north": {"uv": [0.5, 0.5, 7.5, 9], "texture": "#1"},
				"east": {"uv": [7.5, 0.5, 8, 9], "texture": "#1"},
				"south": {"uv": [0.5, 0.5, 7.5, 9], "texture": "#1"},
				"west": {"uv": [0, 0.5, 0.5, 9], "texture": "#1"},
				"up": {"uv": [0.5, 0, 7.5, 0.5], "texture": "#1"},
				"down": {"uv": [0.5, 9, 7.5, 9.5], "texture": "#1"}
			}
		},
		{
			"from": [4.5, 9.5, 4.5],
			"to": [11.5, 10, 11.5],
			"rotation": {"angle": 0, "axis": "y", "origin": [7.875, 9.75, 8]},
			"faces": {
				"north": {"uv": [8.5, 0, 15.5, 0.5], "texture": "#1"},
				"east": {"uv": [15.5, 0.5, 16, 7.5], "rotation": 270, "texture": "#1"},
				"south": {"uv": [8.5, 7.5, 15.5, 8], "texture": "#1"},
				"west": {"uv": [8, 0.5, 8.5, 7.5], "rotation": 270, "texture": "#1"},
				"up": {"uv": [8.5, 0.5, 15.5, 7.5], "texture": "#1"},
				"down": {"uv": [8.5, 0.5, 15.5, 7.5], "texture": "#1"}
			}
		},
		{
			"from": [4, 0.5, 4],
			"to": [12, 9.5, 12],
			"rotation": {"angle": 0, "axis": "y", "origin": [8, 5, 8]},
			"faces": {
				"north": {"uv": [0, 0, 8, 9], "texture": "#1"},
				"east": {"uv": [0, 0, 8, 9], "texture": "#1"},
				"south": {"uv": [0, 0, 8, 9], "texture": "#1"},
				"west": {"uv": [0, 0, 8, 9], "texture": "#1"},
				"up": {"uv": [8, 0, 16, 8], "texture": "#1"},
				"down": {"uv": [8, 0, 16, 8], "texture": "#1"}
			}
		},
		{
			"from": [4.5, 0.5, 3.5],
			"to": [11.5, 9, 4],
			"rotation": {"angle": 0, "axis": "y", "origin": [8, 4.75, 3.75]},
			"faces": {
				"north": {"uv": [0.5, 0.5, 7.5, 9], "texture": "#1"},
				"east": {"uv": [0, 0.5, 0.5, 9], "texture": "#1"},
				"south": {"uv": [0.5, 0.5, 7.5, 9], "texture": "#1"},
				"west": {"uv": [7.5, 0.5, 8, 9], "texture": "#1"},
				"up": {"uv": [0.5, 0, 7.5, 0.5], "texture": "#1"},
				"down": {"uv": [0.5, 9, 7.5, 9.5], "texture": "#1"}
			}
		},
		{
			"from": [3.5, 0.5, 4.5],
			"to": [4, 9, 11.5],
			"rotation": {"angle": 0, "axis": "y", "origin": [3.75, 4.75, 8]},
			"faces": {
				"north": {"uv": [0, 0.5, 0.5, 9], "texture": "#1"},
				"east": {"uv": [0.5, 0.5, 7.5, 9], "texture": "#1"},
				"south": {"uv": [7.5, 0.5, 8, 9], "texture": "#1"},
				"west": {"uv": [0.5, 0.5, 7.5, 9], "texture": "#1"},
				"up": {"uv": [0.5, 0, 7.5, 0.5], "texture": "#1"},
				"down": {"uv": [0.5, 9, 7.5, 9.5], "texture": "#1"}
			}
		},
		{
			"from": [4.4999, 2.5, 3.4994],
			"to": [11.5001, 4.5, 12.5002],
			"rotation": {"angle": 0, "axis": "y", "origin": [8, 3.5, 8]},
			"faces": {
				"north": {"uv": [1, 0, 15, 4], "texture": "#6"},
				"east": {"uv": [1, 0, 15, 4], "texture": "#6"},
				"south": {"uv": [1, 0, 15, 4], "texture": "#6"},
				"west": {"uv": [1, 0, 15, 4], "texture": "#6"}
			}
		},
		{
			"from": [3.4999, 2.5, 4.4999],
			"to": [12.5001, 4.5, 11.5001],
			"rotation": {"angle": 0, "axis": "y", "origin": [8, 3.5, 8]},
			"faces": {
				"north": {"uv": [1, 0, 15, 4], "texture": "#6"},
				"east": {"uv": [1, 0, 15, 4], "texture": "#6"},
				"south": {"uv": [2, 0, 14, 0], "texture": "#6"},
				"west": {"uv": [1, 0, 15, 4], "texture": "#6"}
			}
		},
		{
			"from": [0.38261, 0.66463, 4],
			"to": [1.38261, 1.16463, 12],
			"rotation": {"angle": -45, "axis": "z", "origin": [0.88261, 0.91463, 8]},
			"faces": {
				"north": {"uv": [15, 11.5, 16, 12], "texture": "#0"},
				"east": {"uv": [15.5, 4, 16, 12], "rotation": 270, "texture": "#0"},
				"south": {"uv": [15, 4, 16, 4.5], "texture": "#0"},
				"west": {"uv": [15, 4, 15.5, 12], "rotation": 270, "texture": "#0"},
				"up": {"uv": [15, 4, 16, 12], "texture": "#0"},
				"down": {"uv": [15, 4, 16, 12], "texture": "#0"}
			}
		},
		{
			"from": [1.125, 0.175, 2],
			"to": [2.125, 0.675, 14],
			"rotation": {"angle": -22.5, "axis": "z", "origin": [1.625, 0.425, 8]},
			"faces": {
				"north": {"uv": [14, 13.5, 15, 14], "texture": "#0"},
				"east": {"uv": [14.5, 2, 15, 14], "rotation": 270, "texture": "#0"},
				"south": {"uv": [14, 2, 15, 2.5], "texture": "#0"},
				"west": {"uv": [14, 2, 14.5, 14], "rotation": 270, "texture": "#0"},
				"up": {"uv": [14, 2, 15, 14], "texture": "#0"},
				"down": {"uv": [14, 2, 15, 14], "texture": "#0"}
			}
		},
		{
			"from": [4, 0.655, 0.43485],
			"to": [12, 1.155, 1.43485],
			"rotation": {"angle": 45, "axis": "x", "origin": [8, 0.905, 0.93485]},
			"faces": {
				"north": {"uv": [4, 15.5, 12, 16], "texture": "#0"},
				"east": {"uv": [11.5, 15, 12, 16], "rotation": 270, "texture": "#0"},
				"south": {"uv": [4, 15.5, 12, 16], "texture": "#0"},
				"west": {"uv": [4, 15, 4.5, 16], "rotation": 270, "texture": "#0"},
				"up": {"uv": [4, 15, 12, 16], "texture": "#0"},
				"down": {"uv": [4, 15, 12, 16], "texture": "#0"}
			}
		},
		{
			"from": [2, 0.175, 1.15],
			"to": [14, 0.675, 2.15],
			"rotation": {"angle": 22.5, "axis": "x", "origin": [8, 0.425, 1.65]},
			"faces": {
				"north": {"uv": [2, 14.5, 14, 15], "texture": "#0"},
				"east": {"uv": [13.5, 14, 14, 15], "rotation": 270, "texture": "#0"},
				"south": {"uv": [2, 14, 14, 14.5], "texture": "#0"},
				"west": {"uv": [2, 14, 2.5, 15], "rotation": 270, "texture": "#0"},
				"up": {"uv": [2, 14, 14, 15], "texture": "#0"},
				"down": {"uv": [2, 14, 14, 15], "texture": "#0"}
			}
		},
		{
			"from": [2, 0.175, 13.85],
			"to": [14, 0.675, 14.85],
			"rotation": {"angle": -22.5, "axis": "x", "origin": [8, 0.425, 14.35]},
			"faces": {
				"north": {"uv": [2, 1.5, 14, 2], "texture": "#0"},
				"east": {"uv": [13.5, 1, 14, 2], "rotation": 270, "texture": "#0"},
				"south": {"uv": [2, 1, 14, 1.5], "texture": "#0"},
				"west": {"uv": [2, 1, 2.5, 2], "rotation": 270, "texture": "#0"},
				"up": {"uv": [2, 1, 14, 2], "texture": "#0"},
				"down": {"uv": [2, 1, 14, 2], "texture": "#0"}
			}
		},
		{
			"from": [4, 0.65694, 14.56851],
			"to": [12, 1.15694, 15.56851],
			"rotation": {"angle": -45, "axis": "x", "origin": [8, 0.90694, 15.06851]},
			"faces": {
				"north": {"uv": [4, 0.5, 12, 1], "texture": "#0"},
				"east": {"uv": [11.5, 0, 12, 1], "rotation": 270, "texture": "#0"},
				"south": {"uv": [4, 0.5, 12, 1], "texture": "#0"},
				"west": {"uv": [4, 0, 4.5, 1], "rotation": 270, "texture": "#0"},
				"up": {"uv": [4, 0, 12, 1], "texture": "#0"},
				"down": {"uv": [4, 0, 12, 1], "texture": "#0"}
			}
		},
		{
			"from": [13.85, 0.175, 2],
			"to": [14.85, 0.675, 14],
			"rotation": {"angle": 22.5, "axis": "z", "origin": [14.35, 0.425, 8]},
			"faces": {
				"north": {"uv": [1, 13.5, 2, 14], "texture": "#0"},
				"east": {"uv": [1.5, 2, 2, 14], "rotation": 270, "texture": "#0"},
				"south": {"uv": [1, 2, 2, 2.5], "texture": "#0"},
				"west": {"uv": [1, 2, 1.5, 14], "rotation": 270, "texture": "#0"},
				"up": {"uv": [1, 2, 2, 14], "texture": "#0"},
				"down": {"uv": [1, 2, 2, 14], "texture": "#0"}
			}
		},
		{
			"from": [14.51627, 0.64731, 4],
			"to": [15.51627, 1.14731, 12],
			"rotation": {"angle": 45, "axis": "z", "origin": [15.01627, 0.89731, 8]},
			"faces": {
				"north": {"uv": [0, 11.5, 1, 12], "texture": "#0"},
				"east": {"uv": [0.5, 4, 1, 12], "rotation": 270, "texture": "#0"},
				"south": {"uv": [0, 4, 1, 4.5], "texture": "#0"},
				"west": {"uv": [0, 4, 0.5, 12], "rotation": 270, "texture": "#0"},
				"up": {"uv": [0, 4, 1, 12], "texture": "#0"},
				"down": {"uv": [0, 4, 1, 12], "texture": "#0"}
			}
		},
		{
			"from": [2, 0, 2],
			"to": [14, 0.5, 14],
			"rotation": {"angle": 0, "axis": "y", "origin": [8, 0.25, 8]},
			"faces": {
				"north": {"uv": [2, 2, 14, 2.5], "texture": "#0"},
				"east": {"uv": [13.5, 2, 14, 14], "rotation": 270, "texture": "#0"},
				"south": {"uv": [2, 13.5, 14, 14], "texture": "#0"},
				"west": {"uv": [2, 2, 2.5, 14], "rotation": 270, "texture": "#0"},
				"up": {"uv": [2, 2, 14, 14], "texture": "#0"},
				"down": {"uv": [2, 2, 14, 14], "texture": "#0", "cullface": "down"}
			}
		},
		{
			"from": [6, 3, 3.4998],
			"to": [8, 7, 3.4998],
			"rotation": {"angle": 22.5, "axis": "z", "origin": [7, 5, 3.4999]},
			"faces": {
				"north": {"uv": [1, 4.5, 15, 11.5], "rotation": 270, "texture": "#5"}
			}
		},
		{
			"from": [7, 3.475, 3.4996],
			"to": [9, 7.475, 3.4996],
			"rotation": {"angle": 0, "axis": "y", "origin": [8, 5.475, 3.4998]},
			"faces": {
				"north": {"uv": [1, 4.5, 15, 11.5], "rotation": 270, "texture": "#2"}
			}
		},
		{
			"from": [8, 2.975, 3.4998],
			"to": [10, 6.975, 3.4998],
			"rotation": {"angle": -22.5, "axis": "z", "origin": [9, 4.975, 3.4998]},
			"faces": {
				"north": {"uv": [1, 4.5, 15, 11.5], "rotation": 270, "texture": "#4"}
			}
		},
		{
			"from": [6, 2.5, 3.4992],
			"to": [10, 4.5, 3.4992],
			"rotation": {"angle": 0, "axis": "y", "origin": [8, 3.5, 3.4998]},
			"faces": {
				"north": {"uv": [1, 4.5, 15, 11.5], "texture": "#3"}
			}
		}
	],
	"display": {
		"thirdperson_righthand": {
			"translation": [0, 7.75, 0]
		},
		"thirdperson_lefthand": {
			"translation": [0, 7.75, 0]
		},
		"firstperson_righthand": {
			"rotation": [-180, 54, -180],
			"translation": [3.5, 5, 0]
		},
		"firstperson_lefthand": {
			"rotation": [-180, 54, -180],
			"translation": [3.5, 5, 0]
		},
		"ground": {
			"translation": [0, 4, 0],
			"scale": [0.86, 0.86, 0.86]
		},
		"gui": {
			"rotation": [200, -35.25, 180],
			"translation": [0, 3.25, 0],
			"scale": [0.9, 0.9, 0.9]
		},
		"head": {
			"rotation": [1, 4, 3],
			"translation": [-0.5, 18, 0],
			"scale": [1.73, 1.73, 1.73]
		},
		"fixed": {
			"translation": [0, 3, 0]
		}
	},
	"groups": [
		{
			"name": "Hat",
			"origin": [3.75, 4.25, 8],
			"color": 0,
			"children": [
				0,
				1,
				2,
				3,
				4,
				5,
				{
					"name": "stripe",
					"origin": [3.75, 4.25, 8],
					"color": 0,
					"children": [6, 7]
				}
			]
		},
		{
			"name": "Brim",
			"origin": [15.36627, 0.42231, 8],
			"color": 0,
			"children": [8, 9, 10, 11, 12, 13, 14, 15, 16]
		},
		{
			"name": "Notes",
			"origin": [8, 8, 8],
			"color": 0,
			"children": [17, 18, 19, 20]
		}
	]
}