{
  "credit": "Made with Blockbench",
  "parent": "minecraft:carved_pumpkin",
  "texture_size": [32, 32],
  "textures": {
    "0": "spooncraftadditions:item/hat/skyblock_hat",
    "particle": "spooncraftadditions:item/hat/skyblock_hat"
  },
  "elements": [
    {
      "from": [1, 0, 7],
      "to": [7, 6, 15],
      "rotation": {"angle": 0, "axis": "y", "origin": [1, 0, 7]},
      "faces": {
        "north": {"uv": [11, 3, 14, 6], "texture": "#0"},
        "east": {"uv": [7, 3, 11, 6], "texture": "#0"},
        "south": {"uv": [11, 6, 14, 9], "texture": "#0"},
        "west": {"uv": [7, 6, 11, 9], "texture": "#0"},
        "up": {"uv": [3, 13, 0, 9], "texture": "#0"},
        "down": {"uv": [6, 9, 3, 13], "texture": "#0"}
      }
    },
    {
      "from": [1, 0, 1],
      "to": [15, 6, 7],
      "rotation": {"angle": 0, "axis": "y", "origin": [1, 0, 1]},
      "faces": {
        "north": {"uv": [0, 0, 7, 3], "texture": "#0"},
        "east": {"uv": [6, 9, 9, 12], "texture": "#0"},
        "south": {"uv": [0, 3, 7, 6], "texture": "#0"},
        "west": {"uv": [9, 9, 12, 12], "texture": "#0"},
        "up": {"uv": [7, 9, 0, 6], "texture": "#0"},
        "down": {"uv": [14, 0, 7, 3], "texture": "#0"}
      }
    },
    {
      "name": "chest",
      "from": [3, 6, 12.5],
      "to": [5, 8, 14.5],
      "rotation": {"angle": 0, "axis": "y", "origin": [3, 6, 12.5]},
      "faces": {
        "north": {"uv": [5, 13, 6, 14], "texture": "#0"},
        "east": {"uv": [13.5, 10, 14.5, 11], "texture": "#0"},
        "south": {"uv": [12.5, 13.5, 13.5, 14.5], "texture": "#0"},
        "west": {"uv": [13.5, 13.5, 14.5, 14.5], "texture": "#0"},
        "up": {"uv": [1, 15, 0, 14], "texture": "#0"},
        "down": {"uv": [15, 0, 14, 1], "texture": "#0"}
      }
    },
    {
      "from": [11.5, 6, 3.5],
      "to": [12.5, 10, 4.5],
      "rotation": {"angle": 0, "axis": "y", "origin": [11.5, 6, 3.5]},
      "faces": {
        "north": {"uv": [1, 14, 1.5, 16], "texture": "#0"},
        "east": {"uv": [14, 1, 14.5, 3], "texture": "#0"},
        "south": {"uv": [1.5, 14, 2, 16], "texture": "#0"},
        "west": {"uv": [2, 14, 2.5, 16], "texture": "#0"},
        "up": {"uv": [12.5, 12, 12, 11.5], "texture": "#0"},
        "down": {"uv": [15, 2.5, 14.5, 3], "texture": "#0"}
      }
    },
    {
      "from": [9.5, 9, 1.5],
      "to": [14.5, 11, 6.5],
      "rotation": {"angle": 0, "axis": "y", "origin": [9.5, 9, 1.5]},
      "faces": {
        "north": {"uv": [12.5, 11.5, 15, 12.5], "texture": "#0"},
        "east": {"uv": [12.5, 12.5, 15, 13.5], "texture": "#0"},
        "south": {"uv": [0, 13, 2.5, 14], "texture": "#0"},
        "west": {"uv": [2.5, 13, 5, 14], "texture": "#0"},
        "up": {"uv": [8.5, 14.5, 6, 12], "texture": "#0"},
        "down": {"uv": [11, 12, 8.5, 14.5], "texture": "#0"}
      }
    },
    {
      "from": [10.5, 11, 1.5],
      "to": [13.5, 12, 6.5],
      "rotation": {"angle": 0, "axis": "y", "origin": [10.5, 11, 1.5]},
      "faces": {
        "north": {"uv": [13.5, 11, 15, 11.5], "texture": "#0"},
        "east": {"uv": [13.5, 9, 16, 9.5], "texture": "#0"},
        "south": {"uv": [2.5, 14, 4, 14.5], "texture": "#0"},
        "west": {"uv": [13.5, 9.5, 16, 10], "texture": "#0"},
        "up": {"uv": [13.5, 11.5, 12, 9], "texture": "#0"},
        "down": {"uv": [12.5, 12, 11, 14.5], "texture": "#0"}
      }
    },
    {
      "from": [10.5, 12, 3.5],
      "to": [13.5, 13, 4.5],
      "rotation": {"angle": 0, "axis": "y", "origin": [10.5, 12, 3.5]},
      "faces": {
        "north": {"uv": [14.5, 1, 16, 1.5], "texture": "#0"},
        "east": {"uv": [14.5, 6.5, 15, 7], "texture": "#0"},
        "south": {"uv": [14.5, 1.5, 16, 2], "texture": "#0"},
        "west": {"uv": [7, 14.5, 7.5, 15], "texture": "#0"},
        "up": {"uv": [16, 2.5, 14.5, 2], "texture": "#0"},
        "down": {"uv": [4, 14.5, 2.5, 15], "texture": "#0"}
      }
    },
    {
      "from": [11.5, 12, 4.5],
      "to": [12.5, 13, 5.5],
      "rotation": {"angle": 0, "axis": "y", "origin": [11.5, 12, 4.5]},
      "faces": {
        "north": {"uv": [14.5, 7, 15, 7.5], "texture": "#0"},
        "east": {"uv": [7.5, 14.5, 8, 15], "texture": "#0"},
        "south": {"uv": [14.5, 7.5, 15, 8], "texture": "#0"},
        "west": {"uv": [8, 14.5, 8.5, 15], "texture": "#0"},
        "up": {"uv": [15, 8.5, 14.5, 8], "texture": "#0"},
        "down": {"uv": [9, 14.5, 8.5, 15], "texture": "#0"}
      }
    },
    {
      "from": [11.5, 12, 2.5],
      "to": [12.5, 13, 3.5],
      "rotation": {"angle": 0, "axis": "y", "origin": [11.5, 12, 2.5]},
      "faces": {
        "north": {"uv": [9.5, 14.5, 10, 15], "texture": "#0"},
        "east": {"uv": [10, 14.5, 10.5, 15], "texture": "#0"},
        "south": {"uv": [14.5, 10, 15, 10.5], "texture": "#0"},
        "west": {"uv": [10.5, 14.5, 11, 15], "texture": "#0"},
        "up": {"uv": [15, 11, 14.5, 10.5], "texture": "#0"},
        "down": {"uv": [11.5, 14.5, 11, 15], "texture": "#0"}
      }
    },
    {
      "from": [13.5, 11, 2.5],
      "to": [14.5, 12, 5.5],
      "rotation": {"angle": 0, "axis": "y", "origin": [13.5, 11, 2.5]},
      "faces": {
        "north": {"uv": [14.5, 5, 15, 5.5], "texture": "#0"},
        "east": {"uv": [14, 3, 15.5, 3.5], "texture": "#0"},
        "south": {"uv": [6, 14.5, 6.5, 15], "texture": "#0"},
        "west": {"uv": [14, 3.5, 15.5, 4], "texture": "#0"},
        "up": {"uv": [4.5, 15.5, 4, 14], "texture": "#0"},
        "down": {"uv": [14.5, 4, 14, 5.5], "texture": "#0"}
      }
    },
    {
      "from": [9.5, 11, 2.5],
      "to": [10.5, 12, 5.5],
      "rotation": {"angle": 0, "axis": "y", "origin": [9.5, 11, 2.5]},
      "faces": {
        "north": {"uv": [14.5, 6, 15, 6.5], "texture": "#0"},
        "east": {"uv": [4.5, 14, 6, 14.5], "texture": "#0"},
        "south": {"uv": [6.5, 14.5, 7, 15], "texture": "#0"},
        "west": {"uv": [14, 5.5, 15.5, 6], "texture": "#0"},
        "up": {"uv": [14.5, 7.5, 14, 6], "texture": "#0"},
        "down": {"uv": [14.5, 7.5, 14, 9], "texture": "#0"}
      }
    }
  ],
  "groups": [
    {
      "name": "island",
      "origin": [1, 0, 1],
      "color": 0,
      "children": [0, 1]
    },
    2,
    {
      "name": "tree",
      "origin": [11, 7, 3],
      "color": 0,
      "children": [3, 4, 5, 6, 7, 8, 9, 10]
    }
  ],
  "display": {
    "thirdperson_righthand": {
      "translation": [2, 2, -1],
      "rotation":[0, 30, 0],
      "scale": [0.75, 0.75, 0.75]
    },
    "thirdperson_lefthand": {
      "translation": [-2, 2, -1],
      "rotation":[0, 30, 0],
      "scale": [0.75, 0.75, 0.75]
    },
    "firstperson_righthand": {
      "translation": [3, 0, 0]
    },
    "ground": {
      "translation": [0, 4, 0],
      "scale": [0.5, 0.5, 0.5]
    },
    "gui": {
      "rotation": [30, -30, 0],
      "translation": [0, 1, 0],
      "scale": [0.8, 0.8, 0.8]
    },
    "head": {
      "translation": [2.5, 15.5, 0],
      "rotation":[0, 30, 0],
      "scale": [1.2, 1.2, 1.2]
    },
    "fixed": {
      "translation": [4, 3, 4]
    }
  }
}