{"display":{"firstperson_lefthand":{"rotation":[-25,0,-90],"translation":[11.5,0,0]},"firstperson_righthand":{"rotation":[-25,0,90]},"fixed":{"rotation":[0,0,-90],"translation":[5.5,0,-1.75]},"ground":{"translation":[0,5,0]},"gui":{"rotation":[0,0,45],"translation":[-3,4.75,0]},"head":{"rotation":[0,0,-14.5],"scale":[2,1.75,1.75],"translation":[1.75,10.75,0]},"thirdperson_lefthand":{"rotation":[0,0,-90],"translation":[5.75,0,0]},"thirdperson_righthand":{"rotation":[0,0,90],"translation":[-5.75,0,0]}},"elements":[{"faces":{"down":{"rotation":180,"texture":"#0","uv":[0,0,11,0]},"east":{"rotation":90,"texture":"#0","uv":[0,0,0.5,0]},"north":{"rotation":180,"texture":"#0","uv":[0,1,6.5,1.5]},"south":{"texture":"#0","uv":[0,1,6.5,1.5]},"up":{"texture":"#0","uv":[0,0,11,0]},"west":{"rotation":270,"texture":"#0","uv":[0,0,0.5,0]}},"from":[0,1.72751,7.94896],"name":"shaft","rotation":{"angle":45,"axis":"x","origin":[8.25,2.225,7.94645]},"to":[13,2.72751,7.94896]},{"faces":{"down":{"texture":"#0","uv":[0,1,6.5,1.5]},"east":{"rotation":180,"texture":"#0","uv":[0,0,0.5,0]},"north":{"rotation":180,"texture":"#0","uv":[0,0,11,0]},"south":{"rotation":180,"texture":"#0","uv":[0,0,11,0]},"up":{"texture":"#0","uv":[0,1,6.5,1.5]},"west":{"rotation":180,"texture":"#0","uv":[0,0,0.5,0]}},"from":[0,2.225,7.44645],"name":"shaft","rotation":{"angle":45,"axis":"x","origin":[8.25,2.225,7.94645]},"to":[13,2.225,8.44645]},{"faces":{"down":{"rotation":180,"texture":"#0","uv":[0,0,1,0]},"east":{"rotation":90,"texture":"#0","uv":[0,0,1,0]},"north":{"rotation":180,"texture":"#0","uv":[6.5,0.5,7.5,2]},"south":{"texture":"#0","uv":[6.5,0.5,7.5,2]},"up":{"texture":"#0","uv":[0,0,1,0]},"west":{"rotation":270,"texture":"#0","uv":[0,0,1,0]}},"from":[13,0.77041,7.94896],"name":"shaft","rotation":{"angle":45,"axis":"x","origin":[8.25,2.225,7.94645]},"to":[15,3.77041,7.94896]},{"faces":{"down":{"texture":"#0","uv":[6.5,0.5,7.5,2]},"east":{"rotation":180,"texture":"#0","uv":[0,0,1,0]},"north":{"rotation":180,"texture":"#0","uv":[0,0,1,0]},"south":{"rotation":180,"texture":"#0","uv":[0,0,1,0]},"up":{"texture":"#0","uv":[6.5,0.5,7.5,2]},"west":{"rotation":180,"texture":"#0","uv":[0,0,1,0]}},"from":[13,2.225,6.40355],"name":"shaft","rotation":{"angle":45,"axis":"x","origin":[8.25,2.225,7.94645]},"to":[15,2.225,9.40355]},{"faces":{"down":{"rotation":180,"texture":"#0","uv":[0,0,0.5,0]},"east":{"rotation":90,"texture":"#0","uv":[0,0,0.5,0]},"north":{"rotation":180,"texture":"#0","uv":[7.5,1,8,1.5]},"south":{"texture":"#0","uv":[7.5,1,8,1.5]},"up":{"texture":"#0","uv":[0,0,0.5,0]},"west":{"rotation":270,"texture":"#0","uv":[0,0,0.5,0]}},"from":[15,1.76287,7.94896],"name":"shaft","rotation":{"angle":45,"axis":"x","origin":[8.25,2.225,7.94645]},"to":[16,2.76287,7.94896]},{"faces":{"down":{"texture":"#0","uv":[7.5,1,8,1.5]},"east":{"rotation":180,"texture":"#0","uv":[0,0,0.5,0]},"north":{"rotation":180,"texture":"#0","uv":[0,0,0.5,0]},"south":{"rotation":180,"texture":"#0","uv":[0,0,0.5,0]},"up":{"texture":"#0","uv":[7.5,1,8,1.5]},"west":{"rotation":180,"texture":"#0","uv":[0,0,0.5,0]}},"from":[15,2.225,7.41109],"name":"shaft","rotation":{"angle":45,"axis":"x","origin":[8.25,2.225,7.94645]},"to":[16,2.225,8.41109]},{"faces":{"down":{"texture":"#0","uv":[0.5,0.5,2,1]},"east":{"rotation":180,"texture":"#0","uv":[0,0,0.5,0]},"north":{"rotation":180,"texture":"#0","uv":[0,0,11,0]},"south":{"rotation":180,"texture":"#0","uv":[0,0,11,0]},"up":{"texture":"#0","uv":[0.5,0.5,2,1]},"west":{"rotation":180,"texture":"#0","uv":[0,0,0.5,0]}},"from":[1,2.225,6.4565],"name":"fletching","rotation":{"angle":45,"axis":"x","origin":[8.25,2.225,7.94645]},"to":[4,2.225,7.4565]},{"faces":{"down":{"texture":"#0","uv":[0,0,1.5,0.5]},"east":{"rotation":180,"texture":"#0","uv":[0,0,0.5,0]},"north":{"rotation":180,"texture":"#0","uv":[0,0,11,0]},"south":{"rotation":180,"texture":"#0","uv":[0,0,11,0]},"up":{"texture":"#0","uv":[0,0,1.5,0.5]},"west":{"rotation":180,"texture":"#0","uv":[0,0,0.5,0]}},"from":[0,2.225,5.4565],"name":"fletching","rotation":{"angle":45,"axis":"x","origin":[8.25,2.225,7.94645]},"to":[3,2.225,6.4565]},{"faces":{"down":{"texture":"#0","uv":[0.5,1.5,2,2]},"east":{"rotation":180,"texture":"#0","uv":[0,0,0.5,0]},"north":{"rotation":180,"texture":"#0","uv":[0,0,11,0]},"south":{"rotation":180,"texture":"#0","uv":[0,0,11,0]},"up":{"texture":"#0","uv":[0.5,1.5,2,2]},"west":{"rotation":180,"texture":"#0","uv":[0,0,0.5,0]}},"from":[1,2.225,8.4364],"name":"fletching","rotation":{"angle":45,"axis":"x","origin":[8.25,2.225,7.94645]},"to":[4,2.225,9.4364]},{"faces":{"down":{"texture":"#0","uv":[0,2,1.5,2.5]},"east":{"rotation":180,"texture":"#0","uv":[0,0,0.5,0]},"north":{"rotation":180,"texture":"#0","uv":[0,0,11,0]},"south":{"rotation":180,"texture":"#0","uv":[0,0,11,0]},"up":{"texture":"#0","uv":[0,2,1.5,2.5]},"west":{"rotation":180,"texture":"#0","uv":[0,0,0.5,0]}},"from":[0,2.225,9.4364],"name":"fletching","rotation":{"angle":45,"axis":"x","origin":[8.25,2.225,7.94645]},"to":[3,2.225,10.4364]},{"faces":{"down":{"rotation":180,"texture":"#0","uv":[0,0,11,0]},"east":{"rotation":90,"texture":"#0","uv":[0,0,0.5,0]},"north":{"rotation":180,"texture":"#0","uv":[0.5,0.5,2,1]},"south":{"texture":"#0","uv":[0.5,0.5,2,1]},"up":{"texture":"#0","uv":[0,0,11,0]},"west":{"rotation":270,"texture":"#0","uv":[0,0,0.5,0]}},"from":[1,2.71495,7.94645],"name":"fletching","rotation":{"angle":45,"axis":"x","origin":[8.25,2.225,7.94645]},"to":[4,3.71495,7.94645]},{"faces":{"down":{"rotation":180,"texture":"#0","uv":[0,0,11,0]},"east":{"rotation":90,"texture":"#0","uv":[0,0,0.5,0]},"north":{"rotation":180,"texture":"#0","uv":[0,0,1.5,0.5]},"south":{"texture":"#0","uv":[0,0,1.5,0.5]},"up":{"texture":"#0","uv":[0,0,11,0]},"west":{"rotation":270,"texture":"#0","uv":[0,0,0.5,0]}},"from":[0,3.71495,7.94645],"name":"fletching","rotation":{"angle":45,"axis":"x","origin":[8.25,2.225,7.94645]},"to":[3,4.71495,7.94645]},{"faces":{"down":{"rotation":180,"texture":"#0","uv":[0,0,11,0]},"east":{"rotation":90,"texture":"#0","uv":[0,0,0.5,0]},"north":{"rotation":180,"texture":"#0","uv":[0.5,1.5,2,2]},"south":{"texture":"#0","uv":[0.5,1.5,2,2]},"up":{"texture":"#0","uv":[0,0,11,0]},"west":{"rotation":270,"texture":"#0","uv":[0,0,0.5,0]}},"from":[1,0.73505,7.94645],"name":"fletching","rotation":{"angle":45,"axis":"x","origin":[8.25,2.225,7.94645]},"to":[4,1.73505,7.94645]},{"faces":{"down":{"rotation":180,"texture":"#0","uv":[0,0,11,0]},"east":{"rotation":90,"texture":"#0","uv":[0,0,0.5,0]},"north":{"rotation":180,"texture":"#0","uv":[0,2,1.5,2.5]},"south":{"texture":"#0","uv":[0,2,1.5,2.5]},"up":{"texture":"#0","uv":[0,0,11,0]},"west":{"rotation":270,"texture":"#0","uv":[0,0,0.5,0]}},"from":[0,-0.26495,7.94645],"name":"fletching","rotation":{"angle":45,"axis":"x","origin":[8.25,2.225,7.94645]},"to":[3,0.73505,7.94645]},{"faces":{"down":{"texture":"#0","uv":[0,0,0,1]},"east":{"texture":"#0","uv":[1,3.5,1.5,4]},"north":{"texture":"#0","uv":[0,0,0,1]},"south":{"texture":"#0","uv":[0,0,0,1]},"up":{"texture":"#0","uv":[0,0,0,1]},"west":{"texture":"#0","uv":[1,3.5,1.5,4]}},"from":[1,1.65,7.5],"name":"tail","rotation":{"angle":45,"axis":"x","origin":[8.25,2.225,7.94645]},"to":[1,2.65,8.5]},{"faces":{"down":{"texture":"#0","uv":[0,0,0,1]},"east":{"texture":"#0","uv":[1.5,3.5,2.5,4]},"north":{"texture":"#0","uv":[0,0,0,1]},"south":{"texture":"#0","uv":[0,0,0,1]},"up":{"texture":"#0","uv":[0,0,0,1]},"west":{"texture":"#0","uv":[1.5,3.5,2.5,4]}},"from":[1,1.65,8.5],"name":"tail","rotation":{"angle":45,"axis":"x","origin":[8.25,2.225,7.94645]},"to":[1,2.65,10.5]},{"faces":{"down":{"texture":"#0","uv":[0,0,0,1]},"east":{"texture":"#0","uv":[0,3.5,1,4]},"north":{"texture":"#0","uv":[0,0,0,1]},"south":{"texture":"#0","uv":[0,0,0,1]},"up":{"texture":"#0","uv":[0,0,0,1]},"west":{"texture":"#0","uv":[0,3.5,1,4]}},"from":[1,1.65,5.5],"name":"tail","rotation":{"angle":45,"axis":"x","origin":[8.25,2.225,7.94645]},"to":[1,2.65,7.5]},{"faces":{"down":{"texture":"#0","uv":[0,0,0,1]},"east":{"texture":"#0","uv":[1,2.5,1.5,3.5]},"north":{"texture":"#0","uv":[0,0,0,1]},"south":{"texture":"#0","uv":[0,0,0,1]},"up":{"texture":"#0","uv":[0,0,0,1]},"west":{"texture":"#0","uv":[1,2.5,1.5,3.5]}},"from":[1,2.65,7.5],"name":"tail","rotation":{"angle":45,"axis":"x","origin":[8.25,2.225,7.94645]},"to":[1,4.65,8.5]},{"faces":{"down":{"texture":"#0","uv":[0,0,0,1]},"east":{"texture":"#0","uv":[1,4,1.5,5]},"north":{"texture":"#0","uv":[0,0,0,1]},"south":{"texture":"#0","uv":[0,0,0,1]},"up":{"texture":"#0","uv":[0,0,0,1]},"west":{"texture":"#0","uv":[1,4,1.5,5]}},"from":[1,-0.35,7.5],"name":"tail","rotation":{"angle":45,"axis":"x","origin":[8.25,2.225,7.94645]},"to":[1,1.65,8.5]}],"parent":"carved_pumpkin","textures":{"0":"spooncraftadditions:item/hat/arrow_hat","particle":"spooncraftadditions:item/hat/arrow_hat"}}