{"display":{"firstperson_lefthand":{"scale":[0.55,0.55,0.55],"translation":[0,4.5,2.75]},"firstperson_righthand":{"scale":[0.55,0.55,0.55],"translation":[0,4.5,2.75]},"fixed":{"scale":[0.8,0.8,0.8],"translation":[0,4.5,2.75]},"ground":{"scale":[0.8,0.8,0.8],"translation":[0,4.5,2.75]},"gui":{"rotation":[30,-135,0],"scale":[0.8,0.8,0.8],"translation":[-2,2.5,0]},"head":{"scale":[1.6,1.6,1.6],"translation":[0,14.25,5.5]},"thirdperson_lefthand":{"scale":[0.55,0.55,0.55],"translation":[0,3,1]},"thirdperson_righthand":{"scale":[0.55,0.55,0.55],"translation":[0,3,1]}},"elements":[{"faces":{"down":{"texture":"#0","uv":[5,11.5,10,14]},"east":{"texture":"#0","uv":[0,14,2.5,16]},"north":{"texture":"#0","uv":[5,11.5,10,13.5]},"south":{"texture":"#0","uv":[5,11.5,10,13.5]},"up":{"texture":"#0","uv":[0,11.5,5,14]},"west":{"texture":"#0","uv":[2.5,14,0,16]}},"from":[3,0.1,2],"rotation":{"angle":0,"axis":"y","origin":[3,0,0]},"to":[13,4,7]},{"faces":{"down":{"texture":"#0","uv":[5,10.5,10,11.5]},"east":{"texture":"#0","uv":[1.5,7,0.5,10.5]},"north":{"texture":"#0","uv":[10,9.5,15,13]},"south":{"texture":"#0","uv":[5,7,10,10.5]},"up":{"texture":"#0","uv":[5,6,10,7]},"west":{"texture":"#0","uv":[0.5,7,1.5,10.5]}},"from":[3,0,7],"rotation":{"angle":0,"axis":"y","origin":[3,0,7]},"to":[13,7,9]},{"faces":{"down":{"texture":"#0","uv":[1.5,10.5,3,11.5]},"east":{"texture":"#missing","uv":[0,0,1,2.5]},"north":{"texture":"#0","uv":[11.5,7.5,10,9.5]},"south":{"texture":"#0","uv":[1.5,8.5,3,10.5]},"up":{"texture":"#0","uv":[1.5,7.5,3,8.5]},"west":{"texture":"#0","uv":[0.5,8.5,1.5,10.5]}},"from":[-4,0.1,7],"rotation":{"angle":-30,"axis":"y","origin":[3,0,9]},"to":[-1,3.95,9]},{"faces":{"down":{"texture":"#0","uv":[3,10.5,5,11.5]},"east":{"texture":"#0","uv":[4,8,5,10.5]},"north":{"texture":"#0","uv":[13.5,7,11.5,9.5]},"south":{"texture":"#0","uv":[3,8,5,10.5]},"up":{"texture":"#0","uv":[3,7,5,8]},"west":{"texture":"#0","uv":[0.5,8,1.5,10.5]}},"from":[-1,0.05,7],"rotation":{"angle":-30,"axis":"y","origin":[3,0,9]},"to":[3,5,9]},{"faces":{"down":{"texture":"#0","uv":[10,6,5,5]},"east":{"texture":"#0","uv":[0,1,1,5]},"north":{"texture":"#0","uv":[5,1,10,5]},"south":{"texture":"#0","uv":[10,3,15,7]},"up":{"texture":"#0","uv":[10,1,5,0]},"west":{"texture":"#0","uv":[1,1,0,5]}},"from":[3,0,0],"rotation":{"angle":0,"axis":"y","origin":[3,0,0]},"to":[13,8,2]},{"faces":{"down":{"texture":"#0","uv":[3,6,5,5]},"east":{"texture":"#0","uv":[4,2,5,5]},"north":{"texture":"#0","uv":[5,2,3,5]},"south":{"texture":"#0","uv":[12,0,14,3]},"up":{"texture":"#0","uv":[3,2,5,1]},"west":{"texture":"#0","uv":[1,2,0,5]}},"from":[-1,0.05,0],"rotation":{"angle":30,"axis":"y","origin":[3,0,0]},"to":[3,6,2]},{"faces":{"down":{"texture":"#0","uv":[1,6,3,5]},"east":{"texture":"#missing","uv":[8,9,9,11]},"north":{"texture":"#0","uv":[3,3,1,5]},"south":{"texture":"#0","uv":[10,1,12,3]},"up":{"texture":"#0","uv":[1,3,3,2]},"west":{"texture":"#0","uv":[1,3,0,5]}},"from":[-5,0.05,0],"rotation":{"angle":30,"axis":"y","origin":[3,0,0]},"to":[-1,4,2]},{"faces":{"down":{"texture":"#0","uv":[3,6,1,5]},"east":{"texture":"#0","uv":[0,3,1,5]},"north":{"texture":"#0","uv":[1,3,3,5]},"south":{"texture":"#0","uv":[12,1,10,3]},"up":{"texture":"#0","uv":[3,3,1,2]},"west":{"texture":"#missing","uv":[10,8,11,10]}},"from":[17,0.05,0],"rotation":{"angle":-30,"axis":"y","origin":[13,0,0]},"to":[21,4,2]},{"faces":{"down":{"texture":"#0","uv":[5,6,3,5]},"east":{"texture":"#0","uv":[0,2,1,5]},"north":{"texture":"#0","uv":[3,2,5,5]},"south":{"texture":"#0","uv":[14,0,12,3]},"up":{"texture":"#0","uv":[5,2,3,1]},"west":{"texture":"#0","uv":[4,2,5,5]}},"from":[13,0.05,0],"rotation":{"angle":-30,"axis":"y","origin":[13,0,0]},"to":[17,6,2]},{"faces":{"down":{"texture":"#0","uv":[5,10.5,3,11.5]},"east":{"texture":"#0","uv":[1.5,8,0.5,10.5]},"north":{"texture":"#0","uv":[11.5,7,13.5,9.5]},"south":{"texture":"#0","uv":[5,8,3,10.5]},"up":{"texture":"#0","uv":[5,7,3,8]},"west":{"texture":"#0","uv":[4,8,5,10.5]}},"from":[13,0.05,7],"rotation":{"angle":30,"axis":"y","origin":[13,0,9]},"to":[17,5,9]},{"faces":{"down":{"texture":"#0","uv":[3,10.5,1.5,11.5]},"east":{"texture":"#0","uv":[1.5,8.5,0.5,10.5]},"north":{"texture":"#0","uv":[10,7.5,11.5,9.5]},"south":{"texture":"#0","uv":[3,8.5,1.5,10.5]},"up":{"texture":"#0","uv":[3,7.5,1.5,8.5]},"west":{"texture":"#missing","uv":[0,0,1,2.5]}},"from":[17,0.1,7],"rotation":{"angle":30,"axis":"y","origin":[13,0,9]},"to":[20,3.95,9]}],"format_version":"1.21.6","texture_size":[32,32],"textures":{"0":"spooncraftadditions:item/hat/pirate_hat","particle":"spooncraftadditions:item/hat/pirate_hat"}}