{"display":{"firstperson_lefthand":{"rotation":[-8,0,0],"translation":[5.5,6.5,1.5]},"firstperson_righthand":{"rotation":[-8,0,0],"translation":[5.5,6.5,1.5]},"ground":{"translation":[0,4.5,0]},"gui":{"rotation":[14.56,160,0.97],"translation":[0,3.75,0]},"head":{"rotation":[1.95,-2.41,-3.07],"scale":[1.38,1.38,1.38],"translation":[0.5,13.25,0.25]},"thirdperson_lefthand":{"rotation":[53,0,0],"translation":[0,6.5,1.5]},"thirdperson_righthand":{"rotation":[53,0,0],"translation":[0,6.5,1.5]}},"elements":[{"faces":{"down":{"texture":"#1","uv":[1,0,0,1]},"east":{"texture":"#1","uv":[0,0,1,1]},"north":{"texture":"#1","uv":[0,0,1,1]},"south":{"texture":"#1","uv":[0,0,1,1]},"up":{"texture":"#1","uv":[1,1,0,0]},"west":{"texture":"#1","uv":[0,0,1,1]}},"from":[8,1,2],"rotation":{"angle":0,"axis":"y","origin":[8.5,1.5,2.5]},"to":[9,2,3]},{"faces":{"down":{"texture":"#1","uv":[1,1,0,2]},"east":{"texture":"#1","uv":[0,1,1,2]},"north":{"texture":"#1","uv":[0,1,1,2]},"south":{"texture":"#1","uv":[0,1,1,2]},"up":{"texture":"#1","uv":[1,2,0,1]},"west":{"texture":"#1","uv":[0,1,1,2]}},"from":[9,1,2],"rotation":{"angle":0,"axis":"y","origin":[9.5,1.5,2.5]},"to":[10,2,3]},{"faces":{"down":{"texture":"#1","uv":[2,0,1,1]},"east":{"texture":"#1","uv":[1,0,2,1]},"north":{"texture":"#1","uv":[1,0,2,1]},"south":{"texture":"#1","uv":[1,0,2,1]},"up":{"texture":"#1","uv":[2,1,1,0]},"west":{"texture":"#1","uv":[1,0,2,1]}},"from":[10,1,3],"rotation":{"angle":0,"axis":"y","origin":[10.5,1.5,3.5]},"to":[11,2,4]},{"faces":{"down":{"texture":"#1","uv":[2,1,1,2]},"east":{"texture":"#1","uv":[1,1,2,2]},"north":{"texture":"#1","uv":[1,1,2,2]},"south":{"texture":"#1","uv":[1,1,2,2]},"up":{"texture":"#1","uv":[2,2,1,1]},"west":{"texture":"#1","uv":[1,1,2,2]}},"from":[10,0,3],"rotation":{"angle":0,"axis":"y","origin":[10.5,0.5,3.5]},"to":[11,1,4]},{"faces":{"down":{"texture":"#1","uv":[1,2,0,3]},"east":{"texture":"#1","uv":[0,2,1,3]},"north":{"texture":"#1","uv":[0,2,1,3]},"south":{"texture":"#1","uv":[0,2,1,3]},"up":{"texture":"#1","uv":[1,3,0,2]},"west":{"texture":"#1","uv":[0,2,1,3]}},"from":[3,1,5],"rotation":{"angle":0,"axis":"y","origin":[3.5,1.5,5.5]},"to":[4,2,6]},{"faces":{"down":{"texture":"#1","uv":[3,0,2,1]},"east":{"texture":"#1","uv":[2,0,3,1]},"north":{"texture":"#1","uv":[2,0,3,1]},"south":{"texture":"#1","uv":[2,0,3,1]},"up":{"texture":"#1","uv":[3,1,2,0]},"west":{"texture":"#1","uv":[2,0,3,1]}},"from":[2,1,6],"rotation":{"angle":0,"axis":"y","origin":[2.5,1.5,6.5]},"to":[3,2,7]},{"faces":{"down":{"texture":"#1","uv":[2,2,1,3]},"east":{"texture":"#1","uv":[1,2,2,3]},"north":{"texture":"#1","uv":[1,2,2,3]},"south":{"texture":"#1","uv":[1,2,2,3]},"up":{"texture":"#1","uv":[2,3,1,2]},"west":{"texture":"#1","uv":[1,2,2,3]}},"from":[2,0,6],"rotation":{"angle":0,"axis":"y","origin":[2.5,0.5,6.5]},"to":[3,1,7]},{"faces":{"down":{"texture":"#1","uv":[3,1,2,2]},"east":{"texture":"#1","uv":[2,1,3,2]},"north":{"texture":"#1","uv":[2,1,3,2]},"south":{"texture":"#1","uv":[2,1,3,2]},"up":{"texture":"#1","uv":[3,2,2,1]},"west":{"texture":"#1","uv":[2,1,3,2]}},"from":[3,1,11],"rotation":{"angle":0,"axis":"y","origin":[3.5,1.5,11.5]},"to":[4,2,12]},{"faces":{"down":{"texture":"#1","uv":[3,2,2,3]},"east":{"texture":"#1","uv":[2,2,3,3]},"north":{"texture":"#1","uv":[2,2,3,3]},"south":{"texture":"#1","uv":[2,2,3,3]},"up":{"texture":"#1","uv":[3,3,2,2]},"west":{"texture":"#1","uv":[2,2,3,3]}},"from":[4,1,12],"rotation":{"angle":0,"axis":"y","origin":[4.5,1.5,12.5]},"to":[5,2,13]},{"faces":{"down":{"texture":"#1","uv":[1,3,0,4]},"east":{"texture":"#1","uv":[0,3,1,4]},"north":{"texture":"#1","uv":[0,3,1,4]},"south":{"texture":"#1","uv":[0,3,1,4]},"up":{"texture":"#1","uv":[1,4,0,3]},"west":{"texture":"#1","uv":[0,3,1,4]}},"from":[4,0,12],"rotation":{"angle":0,"axis":"y","origin":[4.5,0.5,12.5]},"to":[5,1,13]},{"faces":{"down":{"texture":"#1","uv":[2,0,1,1]},"east":{"texture":"#1","uv":[1,0,2,1]},"north":{"texture":"#1","uv":[1,0,2,1]},"south":{"texture":"#1","uv":[1,0,2,1]},"up":{"texture":"#1","uv":[2,1,1,0]},"west":{"texture":"#1","uv":[1,0,2,1]}},"from":[5,1,12],"rotation":{"angle":0,"axis":"y","origin":[5.5,1.5,12.5]},"to":[6,2,13]},{"faces":{"down":{"texture":"#1","uv":[1,1,0,2]},"east":{"texture":"#1","uv":[0,1,1,2]},"north":{"texture":"#1","uv":[0,1,1,2]},"south":{"texture":"#1","uv":[0,1,1,2]},"up":{"texture":"#1","uv":[1,2,0,1]},"west":{"texture":"#1","uv":[0,1,1,2]}},"from":[6,1,13],"rotation":{"angle":0,"axis":"y","origin":[6.5,1.5,13.5]},"to":[7,2,14]},{"faces":{"down":{"texture":"#1","uv":[4,0,3,1]},"east":{"texture":"#1","uv":[3,0,4,1]},"north":{"texture":"#1","uv":[3,0,4,1]},"south":{"texture":"#1","uv":[3,0,4,1]},"up":{"texture":"#1","uv":[4,1,3,0]},"west":{"texture":"#1","uv":[3,0,4,1]}},"from":[10,1,12],"rotation":{"angle":0,"axis":"y","origin":[10.5,1.5,12.5]},"to":[11,2,13]},{"faces":{"down":{"texture":"#1","uv":[2,3,1,4]},"east":{"texture":"#1","uv":[1,3,2,4]},"north":{"texture":"#1","uv":[1,3,2,4]},"south":{"texture":"#1","uv":[1,3,2,4]},"up":{"texture":"#1","uv":[2,4,1,3]},"west":{"texture":"#1","uv":[1,3,2,4]}},"from":[11,1,12],"rotation":{"angle":0,"axis":"y","origin":[11.5,1.5,12.5]},"to":[12,2,13]},{"faces":{"down":{"texture":"#1","uv":[4,1,3,2]},"east":{"texture":"#1","uv":[3,1,4,2]},"north":{"texture":"#1","uv":[3,1,4,2]},"south":{"texture":"#1","uv":[3,1,4,2]},"up":{"texture":"#1","uv":[4,2,3,1]},"west":{"texture":"#1","uv":[3,1,4,2]}},"from":[11,0,12],"rotation":{"angle":0,"axis":"y","origin":[11.5,0.5,12.5]},"to":[12,1,13]},{"faces":{"down":{"texture":"#1","uv":[3,3,2,4]},"east":{"texture":"#1","uv":[2,3,3,4]},"north":{"texture":"#1","uv":[2,3,3,4]},"south":{"texture":"#1","uv":[2,3,3,4]},"up":{"texture":"#1","uv":[3,4,2,3]},"west":{"texture":"#1","uv":[2,3,3,4]}},"from":[12,1,11],"rotation":{"angle":0,"axis":"y","origin":[12.5,1.5,11.5]},"to":[13,2,12]},{"faces":{"down":{"texture":"#1","uv":[4,2,3,3]},"east":{"texture":"#1","uv":[3,2,4,3]},"north":{"texture":"#1","uv":[3,2,4,3]},"south":{"texture":"#1","uv":[3,2,4,3]},"up":{"texture":"#1","uv":[4,3,3,2]},"west":{"texture":"#1","uv":[3,2,4,3]}},"from":[13,1,6],"rotation":{"angle":0,"axis":"y","origin":[13.5,1.5,6.5]},"to":[14,2,7]},{"faces":{"down":{"texture":"#1","uv":[4,3,3,4]},"east":{"texture":"#1","uv":[3,3,4,4]},"north":{"texture":"#1","uv":[3,3,4,4]},"south":{"texture":"#1","uv":[3,3,4,4]},"up":{"texture":"#1","uv":[4,4,3,3]},"west":{"texture":"#1","uv":[3,3,4,4]}},"from":[12,1,5],"rotation":{"angle":0,"axis":"y","origin":[12.5,1.5,5.5]},"to":[13,2,6]},{"faces":{"down":{"texture":"#1","uv":[1,4,0,5]},"east":{"texture":"#1","uv":[0,4,1,5]},"north":{"texture":"#1","uv":[0,4,1,5]},"south":{"texture":"#1","uv":[0,4,1,5]},"up":{"texture":"#1","uv":[1,5,0,4]},"west":{"texture":"#1","uv":[0,4,1,5]}},"from":[12,0,5],"rotation":{"angle":0,"axis":"y","origin":[12.5,0.5,5.5]},"to":[13,1,6]},{"faces":{"down":{"texture":"#1","uv":[5,0,4,1]},"east":{"texture":"#1","uv":[4,0,5,1]},"north":{"texture":"#1","uv":[4,0,5,1]},"south":{"texture":"#1","uv":[4,0,5,1]},"up":{"texture":"#1","uv":[5,1,4,0]},"west":{"texture":"#1","uv":[4,0,5,1]}},"from":[12,2,11],"rotation":{"angle":0,"axis":"y","origin":[12.5,2.5,11.5]},"to":[13,3,12]},{"faces":{"down":{"texture":"#1","uv":[2,4,1,5]},"east":{"texture":"#1","uv":[1,4,2,5]},"north":{"texture":"#1","uv":[1,4,2,5]},"south":{"texture":"#1","uv":[1,4,2,5]},"up":{"texture":"#1","uv":[2,5,1,4]},"west":{"texture":"#1","uv":[1,4,2,5]}},"from":[3,2,11],"rotation":{"angle":0,"axis":"y","origin":[3.5,2.5,11.5]},"to":[4,3,12]},{"faces":{"down":{"texture":"#1","uv":[5,1,4,2]},"east":{"texture":"#1","uv":[4,1,5,2]},"north":{"texture":"#1","uv":[4,1,5,2]},"south":{"texture":"#1","uv":[4,1,5,2]},"up":{"texture":"#1","uv":[5,2,4,1]},"west":{"texture":"#1","uv":[4,1,5,2]}},"from":[12,2,10],"rotation":{"angle":0,"axis":"y","origin":[12.5,2.5,10.5]},"to":[13,3,11]},{"faces":{"down":{"texture":"#1","uv":[3,4,2,5]},"east":{"texture":"#1","uv":[2,4,3,5]},"north":{"texture":"#1","uv":[2,4,3,5]},"south":{"texture":"#1","uv":[2,4,3,5]},"up":{"texture":"#1","uv":[3,5,2,4]},"west":{"texture":"#1","uv":[2,4,3,5]}},"from":[4,2,12],"rotation":{"angle":0,"axis":"y","origin":[4.5,2.5,12.5]},"to":[5,3,13]},{"faces":{"down":{"texture":"#1","uv":[5,2,4,3]},"east":{"texture":"#1","uv":[4,2,5,3]},"north":{"texture":"#1","uv":[4,2,5,3]},"south":{"texture":"#1","uv":[4,2,5,3]},"up":{"texture":"#1","uv":[5,3,4,2]},"west":{"texture":"#1","uv":[4,2,5,3]}},"from":[3,2,10],"rotation":{"angle":0,"axis":"y","origin":[3.5,2.5,10.5]},"to":[4,3,11]},{"faces":{"down":{"texture":"#1","uv":[4,4,3,5]},"east":{"texture":"#1","uv":[3,4,4,5]},"north":{"texture":"#1","uv":[3,4,4,5]},"south":{"texture":"#1","uv":[3,4,4,5]},"up":{"texture":"#1","uv":[4,5,3,4]},"west":{"texture":"#1","uv":[3,4,4,5]}},"from":[11,2,12],"rotation":{"angle":0,"axis":"y","origin":[11.5,2.5,12.5]},"to":[12,3,13]},{"faces":{"down":{"texture":"#1","uv":[5,3,4,4]},"east":{"texture":"#1","uv":[4,3,5,4]},"north":{"texture":"#1","uv":[4,3,5,4]},"south":{"texture":"#1","uv":[4,3,5,4]},"up":{"texture":"#1","uv":[5,4,4,3]},"west":{"texture":"#1","uv":[4,3,5,4]}},"from":[9,2,13],"rotation":{"angle":0,"axis":"y","origin":[9.5,2.5,13.5]},"to":[10,3,14]},{"faces":{"down":{"texture":"#1","uv":[5,4,4,5]},"east":{"texture":"#1","uv":[4,4,5,5]},"north":{"texture":"#1","uv":[4,4,5,5]},"south":{"texture":"#1","uv":[4,4,5,5]},"up":{"texture":"#1","uv":[5,5,4,4]},"west":{"texture":"#1","uv":[4,4,5,5]}},"from":[8,2,13],"rotation":{"angle":0,"axis":"y","origin":[8.5,2.5,13.5]},"to":[9,3,14]},{"faces":{"down":{"texture":"#1","uv":[1,5,0,6]},"east":{"texture":"#1","uv":[0,5,1,6]},"north":{"texture":"#1","uv":[0,5,1,6]},"south":{"texture":"#1","uv":[0,5,1,6]},"up":{"texture":"#1","uv":[1,6,0,5]},"west":{"texture":"#1","uv":[0,5,1,6]}},"from":[7,2,13],"rotation":{"angle":0,"axis":"y","origin":[7.5,2.5,13.5]},"to":[8,3,14]},{"faces":{"down":{"texture":"#1","uv":[6,0,5,1]},"east":{"texture":"#1","uv":[5,0,6,1]},"north":{"texture":"#1","uv":[5,0,6,1]},"south":{"texture":"#1","uv":[5,0,6,1]},"up":{"texture":"#1","uv":[6,1,5,0]},"west":{"texture":"#1","uv":[5,0,6,1]}},"from":[6,2,13],"rotation":{"angle":0,"axis":"y","origin":[6.5,2.5,13.5]},"to":[7,3,14]},{"faces":{"down":{"texture":"#1","uv":[2,5,1,6]},"east":{"texture":"#1","uv":[1,5,2,6]},"north":{"texture":"#1","uv":[1,5,2,6]},"south":{"texture":"#1","uv":[1,5,2,6]},"up":{"texture":"#1","uv":[2,6,1,5]},"west":{"texture":"#1","uv":[1,5,2,6]}},"from":[5,2,12],"rotation":{"angle":0,"axis":"y","origin":[5.5,2.5,12.5]},"to":[6,3,13]},{"faces":{"down":{"texture":"#1","uv":[6,1,5,2]},"east":{"texture":"#1","uv":[5,1,6,2]},"north":{"texture":"#1","uv":[5,1,6,2]},"south":{"texture":"#1","uv":[5,1,6,2]},"up":{"texture":"#1","uv":[6,2,5,1]},"west":{"texture":"#1","uv":[5,1,6,2]}},"from":[2,2,9],"rotation":{"angle":0,"axis":"y","origin":[2.5,2.5,9.5]},"to":[3,3,10]},{"faces":{"down":{"texture":"#1","uv":[3,5,2,6]},"east":{"texture":"#1","uv":[2,5,3,6]},"north":{"texture":"#1","uv":[2,5,3,6]},"south":{"texture":"#1","uv":[2,5,3,6]},"up":{"texture":"#1","uv":[3,6,2,5]},"west":{"texture":"#1","uv":[2,5,3,6]}},"from":[2,2,8],"rotation":{"angle":0,"axis":"y","origin":[2.5,2.5,8.5]},"to":[3,3,9]},{"faces":{"down":{"texture":"#1","uv":[6,2,5,3]},"east":{"texture":"#1","uv":[5,2,6,3]},"north":{"texture":"#1","uv":[5,2,6,3]},"south":{"texture":"#1","uv":[5,2,6,3]},"up":{"texture":"#1","uv":[6,3,5,2]},"west":{"texture":"#1","uv":[5,2,6,3]}},"from":[2,2,6],"rotation":{"angle":0,"axis":"y","origin":[2.5,2.5,6.5]},"to":[3,3,7]},{"faces":{"down":{"texture":"#1","uv":[4,5,3,6]},"east":{"texture":"#1","uv":[3,5,4,6]},"north":{"texture":"#1","uv":[3,5,4,6]},"south":{"texture":"#1","uv":[3,5,4,6]},"up":{"texture":"#1","uv":[4,6,3,5]},"west":{"texture":"#1","uv":[3,5,4,6]}},"from":[2,2,7],"rotation":{"angle":0,"axis":"y","origin":[2.5,2.5,7.5]},"to":[3,3,8]},{"faces":{"down":{"texture":"#1","uv":[6,3,5,4]},"east":{"texture":"#1","uv":[5,3,6,4]},"north":{"texture":"#1","uv":[5,3,6,4]},"south":{"texture":"#1","uv":[5,3,6,4]},"up":{"texture":"#1","uv":[6,4,5,3]},"west":{"texture":"#1","uv":[5,3,6,4]}},"from":[10,2,12],"rotation":{"angle":0,"axis":"y","origin":[10.5,2.5,12.5]},"to":[11,3,13]},{"faces":{"down":{"texture":"#1","uv":[5,1,4,2]},"east":{"texture":"#1","uv":[4,1,5,2]},"north":{"texture":"#1","uv":[4,1,5,2]},"south":{"texture":"#1","uv":[4,1,5,2]},"up":{"texture":"#1","uv":[5,2,4,1]},"west":{"texture":"#1","uv":[4,1,5,2]}},"from":[3,2,5],"rotation":{"angle":0,"axis":"y","origin":[3.5,2.5,5.5]},"to":[4,3,6]},{"faces":{"down":{"texture":"#1","uv":[6,3,5,4]},"east":{"texture":"#1","uv":[5,3,6,4]},"north":{"texture":"#1","uv":[5,3,6,4]},"south":{"texture":"#1","uv":[5,3,6,4]},"up":{"texture":"#1","uv":[6,4,5,3]},"west":{"texture":"#1","uv":[5,3,6,4]}},"from":[5,2,3],"rotation":{"angle":0,"axis":"y","origin":[5.5,2.5,3.5]},"to":[6,3,4]},{"faces":{"down":{"texture":"#1","uv":[4,5,3,6]},"east":{"texture":"#1","uv":[3,5,4,6]},"north":{"texture":"#1","uv":[3,5,4,6]},"south":{"texture":"#1","uv":[3,5,4,6]},"up":{"texture":"#1","uv":[4,6,3,5]},"west":{"texture":"#1","uv":[3,5,4,6]}},"from":[13,2,8],"rotation":{"angle":0,"axis":"y","origin":[13.5,2.5,8.5]},"to":[14,3,9]},{"faces":{"down":{"texture":"#1","uv":[6,2,5,3]},"east":{"texture":"#1","uv":[5,2,6,3]},"north":{"texture":"#1","uv":[5,2,6,3]},"south":{"texture":"#1","uv":[5,2,6,3]},"up":{"texture":"#1","uv":[6,3,5,2]},"west":{"texture":"#1","uv":[5,2,6,3]}},"from":[13,2,9],"rotation":{"angle":0,"axis":"y","origin":[13.5,2.5,9.5]},"to":[14,3,10]},{"faces":{"down":{"texture":"#1","uv":[3,5,2,6]},"east":{"texture":"#1","uv":[2,5,3,6]},"north":{"texture":"#1","uv":[2,5,3,6]},"south":{"texture":"#1","uv":[2,5,3,6]},"up":{"texture":"#1","uv":[3,6,2,5]},"west":{"texture":"#1","uv":[2,5,3,6]}},"from":[13,2,7],"rotation":{"angle":0,"axis":"y","origin":[13.5,2.5,7.5]},"to":[14,3,8]},{"faces":{"down":{"texture":"#1","uv":[6,1,5,2]},"east":{"texture":"#1","uv":[5,1,6,2]},"north":{"texture":"#1","uv":[5,1,6,2]},"south":{"texture":"#1","uv":[5,1,6,2]},"up":{"texture":"#1","uv":[6,2,5,1]},"west":{"texture":"#1","uv":[5,1,6,2]}},"from":[13,2,6],"rotation":{"angle":0,"axis":"y","origin":[13.5,2.5,6.5]},"to":[14,3,7]},{"faces":{"down":{"texture":"#1","uv":[2,5,1,6]},"east":{"texture":"#1","uv":[1,5,2,6]},"north":{"texture":"#1","uv":[1,5,2,6]},"south":{"texture":"#1","uv":[1,5,2,6]},"up":{"texture":"#1","uv":[2,6,1,5]},"west":{"texture":"#1","uv":[1,5,2,6]}},"from":[10,2,3],"rotation":{"angle":0,"axis":"y","origin":[10.5,2.5,3.5]},"to":[11,3,4]},{"faces":{"down":{"texture":"#1","uv":[6,0,5,1]},"east":{"texture":"#1","uv":[5,0,6,1]},"north":{"texture":"#1","uv":[5,0,6,1]},"south":{"texture":"#1","uv":[5,0,6,1]},"up":{"texture":"#1","uv":[6,1,5,0]},"west":{"texture":"#1","uv":[5,0,6,1]}},"from":[9,2,2],"rotation":{"angle":0,"axis":"y","origin":[9.5,2.5,2.5]},"to":[10,3,3]},{"faces":{"down":{"texture":"#1","uv":[1,5,0,6]},"east":{"texture":"#1","uv":[0,5,1,6]},"north":{"texture":"#1","uv":[0,5,1,6]},"south":{"texture":"#1","uv":[0,5,1,6]},"up":{"texture":"#1","uv":[1,6,0,5]},"west":{"texture":"#1","uv":[0,5,1,6]}},"from":[8,2,2],"rotation":{"angle":0,"axis":"y","origin":[8.5,2.5,2.5]},"to":[9,3,3]},{"faces":{"down":{"texture":"#1","uv":[5,4,4,5]},"east":{"texture":"#1","uv":[4,4,5,5]},"north":{"texture":"#1","uv":[4,4,5,5]},"south":{"texture":"#1","uv":[4,4,5,5]},"up":{"texture":"#1","uv":[5,5,4,4]},"west":{"texture":"#1","uv":[4,4,5,5]}},"from":[7,2,2],"rotation":{"angle":0,"axis":"y","origin":[7.5,2.5,2.5]},"to":[8,3,3]},{"faces":{"down":{"texture":"#1","uv":[5,3,4,4]},"east":{"texture":"#1","uv":[4,3,5,4]},"north":{"texture":"#1","uv":[4,3,5,4]},"south":{"texture":"#1","uv":[4,3,5,4]},"up":{"texture":"#1","uv":[5,4,4,3]},"west":{"texture":"#1","uv":[4,3,5,4]}},"from":[6,2,2],"rotation":{"angle":0,"axis":"y","origin":[6.5,2.5,2.5]},"to":[7,3,3]},{"faces":{"down":{"texture":"#1","uv":[4,4,3,5]},"east":{"texture":"#1","uv":[3,4,4,5]},"north":{"texture":"#1","uv":[3,4,4,5]},"south":{"texture":"#1","uv":[3,4,4,5]},"up":{"texture":"#1","uv":[4,5,3,4]},"west":{"texture":"#1","uv":[3,4,4,5]}},"from":[4,2,3],"rotation":{"angle":0,"axis":"y","origin":[4.5,2.5,3.5]},"to":[5,3,4]},{"faces":{"down":{"texture":"#1","uv":[5,2,4,3]},"east":{"texture":"#1","uv":[4,2,5,3]},"north":{"texture":"#1","uv":[4,2,5,3]},"south":{"texture":"#1","uv":[4,2,5,3]},"up":{"texture":"#1","uv":[5,3,4,2]},"west":{"texture":"#1","uv":[4,2,5,3]}},"from":[12,2,5],"rotation":{"angle":0,"axis":"y","origin":[12.5,2.5,5.5]},"to":[13,3,6]},{"faces":{"down":{"texture":"#1","uv":[3,4,2,5]},"east":{"texture":"#1","uv":[2,4,3,5]},"north":{"texture":"#1","uv":[2,4,3,5]},"south":{"texture":"#1","uv":[2,4,3,5]},"up":{"texture":"#1","uv":[3,5,2,4]},"west":{"texture":"#1","uv":[2,4,3,5]}},"from":[11,2,3],"rotation":{"angle":0,"axis":"y","origin":[11.5,2.5,3.5]},"to":[12,3,4]},{"faces":{"down":{"texture":"#1","uv":[2,4,1,5]},"east":{"texture":"#1","uv":[1,4,2,5]},"north":{"texture":"#1","uv":[1,4,2,5]},"south":{"texture":"#1","uv":[1,4,2,5]},"up":{"texture":"#1","uv":[2,5,1,4]},"west":{"texture":"#1","uv":[1,4,2,5]}},"from":[12,2,4],"rotation":{"angle":0,"axis":"y","origin":[12.5,2.5,4.5]},"to":[13,3,5]},{"faces":{"down":{"texture":"#1","uv":[5,0,4,1]},"east":{"texture":"#1","uv":[4,0,5,1]},"north":{"texture":"#1","uv":[4,0,5,1]},"south":{"texture":"#1","uv":[4,0,5,1]},"up":{"texture":"#1","uv":[5,1,4,0]},"west":{"texture":"#1","uv":[4,0,5,1]}},"from":[3,2,4],"rotation":{"angle":0,"axis":"y","origin":[3.5,2.5,4.5]},"to":[4,3,5]},{"faces":{"down":{"texture":"#1","uv":[5,5,4,6]},"east":{"texture":"#1","uv":[4,5,5,6]},"north":{"texture":"#1","uv":[4,5,5,6]},"south":{"texture":"#1","uv":[4,5,5,6]},"up":{"texture":"#1","uv":[5,6,4,5]},"west":{"texture":"#1","uv":[4,5,5,6]}},"from":[12,3,11],"rotation":{"angle":0,"axis":"y","origin":[12.5,3.5,11.5]},"to":[13,4,12]},{"faces":{"down":{"texture":"#1","uv":[6,4,5,5]},"east":{"texture":"#1","uv":[5,4,6,5]},"north":{"texture":"#1","uv":[5,4,6,5]},"south":{"texture":"#1","uv":[5,4,6,5]},"up":{"texture":"#1","uv":[6,5,5,4]},"west":{"texture":"#1","uv":[5,4,6,5]}},"from":[3,3,11],"rotation":{"angle":0,"axis":"y","origin":[3.5,3.5,11.5]},"to":[4,4,12]},{"faces":{"down":{"texture":"#1","uv":[6,5,5,6]},"east":{"texture":"#1","uv":[5,5,6,6]},"north":{"texture":"#1","uv":[5,5,6,6]},"south":{"texture":"#1","uv":[5,5,6,6]},"up":{"texture":"#1","uv":[6,6,5,5]},"west":{"texture":"#1","uv":[5,5,6,6]}},"from":[12,3,10],"rotation":{"angle":0,"axis":"y","origin":[12.5,3.5,10.5]},"to":[13,4,11]},{"faces":{"down":{"texture":"#1","uv":[1,6,0,7]},"east":{"texture":"#1","uv":[0,6,1,7]},"north":{"texture":"#1","uv":[0,6,1,7]},"south":{"texture":"#1","uv":[0,6,1,7]},"up":{"texture":"#1","uv":[1,7,0,6]},"west":{"texture":"#1","uv":[0,6,1,7]}},"from":[4,3,12],"rotation":{"angle":0,"axis":"y","origin":[4.5,3.5,12.5]},"to":[5,4,13]},{"faces":{"down":{"texture":"#1","uv":[7,0,6,1]},"east":{"texture":"#1","uv":[6,0,7,1]},"north":{"texture":"#1","uv":[6,0,7,1]},"south":{"texture":"#1","uv":[6,0,7,1]},"up":{"texture":"#1","uv":[7,1,6,0]},"west":{"texture":"#1","uv":[6,0,7,1]}},"from":[3,3,10],"rotation":{"angle":0,"axis":"y","origin":[3.5,3.5,10.5]},"to":[4,4,11]},{"faces":{"down":{"texture":"#1","uv":[2,6,1,7]},"east":{"texture":"#1","uv":[1,6,2,7]},"north":{"texture":"#1","uv":[1,6,2,7]},"south":{"texture":"#1","uv":[1,6,2,7]},"up":{"texture":"#1","uv":[2,7,1,6]},"west":{"texture":"#1","uv":[1,6,2,7]}},"from":[11,3,12],"rotation":{"angle":0,"axis":"y","origin":[11.5,3.5,12.5]},"to":[12,4,13]},{"faces":{"down":{"texture":"#1","uv":[7,1,6,2]},"east":{"texture":"#1","uv":[6,1,7,2]},"north":{"texture":"#1","uv":[6,1,7,2]},"south":{"texture":"#1","uv":[6,1,7,2]},"up":{"texture":"#1","uv":[7,2,6,1]},"west":{"texture":"#1","uv":[6,1,7,2]}},"from":[9,3,13],"rotation":{"angle":0,"axis":"y","origin":[9.5,3.5,13.5]},"to":[10,4,14]},{"faces":{"down":{"texture":"#1","uv":[3,6,2,7]},"east":{"texture":"#1","uv":[2,6,3,7]},"north":{"texture":"#1","uv":[2,6,3,7]},"south":{"texture":"#1","uv":[2,6,3,7]},"up":{"texture":"#1","uv":[3,7,2,6]},"west":{"texture":"#1","uv":[2,6,3,7]}},"from":[8,3,13],"rotation":{"angle":0,"axis":"y","origin":[8.5,3.5,13.5]},"to":[9,4,14]},{"faces":{"down":{"texture":"#1","uv":[7,2,6,3]},"east":{"texture":"#1","uv":[6,2,7,3]},"north":{"texture":"#1","uv":[6,2,7,3]},"south":{"texture":"#1","uv":[6,2,7,3]},"up":{"texture":"#1","uv":[7,3,6,2]},"west":{"texture":"#1","uv":[6,2,7,3]}},"from":[7,3,13],"rotation":{"angle":0,"axis":"y","origin":[7.5,3.5,13.5]},"to":[8,4,14]},{"faces":{"down":{"texture":"#1","uv":[4,6,3,7]},"east":{"texture":"#1","uv":[3,6,4,7]},"north":{"texture":"#1","uv":[3,6,4,7]},"south":{"texture":"#1","uv":[3,6,4,7]},"up":{"texture":"#1","uv":[4,7,3,6]},"west":{"texture":"#1","uv":[3,6,4,7]}},"from":[6,3,13],"rotation":{"angle":0,"axis":"y","origin":[6.5,3.5,13.5]},"to":[7,4,14]},{"faces":{"down":{"texture":"#1","uv":[7,3,6,4]},"east":{"texture":"#1","uv":[6,3,7,4]},"north":{"texture":"#1","uv":[6,3,7,4]},"south":{"texture":"#1","uv":[6,3,7,4]},"up":{"texture":"#1","uv":[7,4,6,3]},"west":{"texture":"#1","uv":[6,3,7,4]}},"from":[5,3,12],"rotation":{"angle":0,"axis":"y","origin":[5.5,3.5,12.5]},"to":[6,4,13]},{"faces":{"down":{"texture":"#1","uv":[5,6,4,7]},"east":{"texture":"#1","uv":[4,6,5,7]},"north":{"texture":"#1","uv":[4,6,5,7]},"south":{"texture":"#1","uv":[4,6,5,7]},"up":{"texture":"#1","uv":[5,7,4,6]},"west":{"texture":"#1","uv":[4,6,5,7]}},"from":[2,3,9],"rotation":{"angle":0,"axis":"y","origin":[2.5,3.5,9.5]},"to":[3,4,10]},{"faces":{"down":{"texture":"#1","uv":[7,4,6,5]},"east":{"texture":"#1","uv":[6,4,7,5]},"north":{"texture":"#1","uv":[6,4,7,5]},"south":{"texture":"#1","uv":[6,4,7,5]},"up":{"texture":"#1","uv":[7,5,6,4]},"west":{"texture":"#1","uv":[6,4,7,5]}},"from":[2,3,8],"rotation":{"angle":0,"axis":"y","origin":[2.5,3.5,8.5]},"to":[3,4,9]},{"faces":{"down":{"texture":"#1","uv":[6,6,5,7]},"east":{"texture":"#1","uv":[5,6,6,7]},"north":{"texture":"#1","uv":[5,6,6,7]},"south":{"texture":"#1","uv":[5,6,6,7]},"up":{"texture":"#1","uv":[6,7,5,6]},"west":{"texture":"#1","uv":[5,6,6,7]}},"from":[2,3,6],"rotation":{"angle":0,"axis":"y","origin":[2.5,3.5,6.5]},"to":[3,4,7]},{"faces":{"down":{"texture":"#1","uv":[7,5,6,6]},"east":{"texture":"#1","uv":[6,5,7,6]},"north":{"texture":"#1","uv":[6,5,7,6]},"south":{"texture":"#1","uv":[6,5,7,6]},"up":{"texture":"#1","uv":[7,6,6,5]},"west":{"texture":"#1","uv":[6,5,7,6]}},"from":[2,3,7],"rotation":{"angle":0,"axis":"y","origin":[2.5,3.5,7.5]},"to":[3,4,8]},{"faces":{"down":{"texture":"#1","uv":[7,6,6,7]},"east":{"texture":"#1","uv":[6,6,7,7]},"north":{"texture":"#1","uv":[6,6,7,7]},"south":{"texture":"#1","uv":[6,6,7,7]},"up":{"texture":"#1","uv":[7,7,6,6]},"west":{"texture":"#1","uv":[6,6,7,7]}},"from":[10,3,12],"rotation":{"angle":0,"axis":"y","origin":[10.5,3.5,12.5]},"to":[11,4,13]},{"faces":{"down":{"texture":"#1","uv":[6,5,5,6]},"east":{"texture":"#1","uv":[5,5,6,6]},"north":{"texture":"#1","uv":[5,5,6,6]},"south":{"texture":"#1","uv":[5,5,6,6]},"up":{"texture":"#1","uv":[6,6,5,5]},"west":{"texture":"#1","uv":[5,5,6,6]}},"from":[3,3,5],"rotation":{"angle":0,"axis":"y","origin":[3.5,3.5,5.5]},"to":[4,4,6]},{"faces":{"down":{"texture":"#1","uv":[7,6,6,7]},"east":{"texture":"#1","uv":[6,6,7,7]},"north":{"texture":"#1","uv":[6,6,7,7]},"south":{"texture":"#1","uv":[6,6,7,7]},"up":{"texture":"#1","uv":[7,7,6,6]},"west":{"texture":"#1","uv":[6,6,7,7]}},"from":[5,3,3],"rotation":{"angle":0,"axis":"y","origin":[5.5,3.5,3.5]},"to":[6,4,4]},{"faces":{"down":{"texture":"#1","uv":[7,5,6,6]},"east":{"texture":"#1","uv":[6,5,7,6]},"north":{"texture":"#1","uv":[6,5,7,6]},"south":{"texture":"#1","uv":[6,5,7,6]},"up":{"texture":"#1","uv":[7,6,6,5]},"west":{"texture":"#1","uv":[6,5,7,6]}},"from":[13,3,8],"rotation":{"angle":0,"axis":"y","origin":[13.5,3.5,8.5]},"to":[14,4,9]},{"faces":{"down":{"texture":"#1","uv":[6,6,5,7]},"east":{"texture":"#1","uv":[5,6,6,7]},"north":{"texture":"#1","uv":[5,6,6,7]},"south":{"texture":"#1","uv":[5,6,6,7]},"up":{"texture":"#1","uv":[6,7,5,6]},"west":{"texture":"#1","uv":[5,6,6,7]}},"from":[13,3,9],"rotation":{"angle":0,"axis":"y","origin":[13.5,3.5,9.5]},"to":[14,4,10]},{"faces":{"down":{"texture":"#1","uv":[7,4,6,5]},"east":{"texture":"#1","uv":[6,4,7,5]},"north":{"texture":"#1","uv":[6,4,7,5]},"south":{"texture":"#1","uv":[6,4,7,5]},"up":{"texture":"#1","uv":[7,5,6,4]},"west":{"texture":"#1","uv":[6,4,7,5]}},"from":[13,3,7],"rotation":{"angle":0,"axis":"y","origin":[13.5,3.5,7.5]},"to":[14,4,8]},{"faces":{"down":{"texture":"#1","uv":[5,6,4,7]},"east":{"texture":"#1","uv":[4,6,5,7]},"north":{"texture":"#1","uv":[4,6,5,7]},"south":{"texture":"#1","uv":[4,6,5,7]},"up":{"texture":"#1","uv":[5,7,4,6]},"west":{"texture":"#1","uv":[4,6,5,7]}},"from":[13,3,6],"rotation":{"angle":0,"axis":"y","origin":[13.5,3.5,6.5]},"to":[14,4,7]},{"faces":{"down":{"texture":"#1","uv":[7,3,6,4]},"east":{"texture":"#1","uv":[6,3,7,4]},"north":{"texture":"#1","uv":[6,3,7,4]},"south":{"texture":"#1","uv":[6,3,7,4]},"up":{"texture":"#1","uv":[7,4,6,3]},"west":{"texture":"#1","uv":[6,3,7,4]}},"from":[10,3,3],"rotation":{"angle":0,"axis":"y","origin":[10.5,3.5,3.5]},"to":[11,4,4]},{"faces":{"down":{"texture":"#1","uv":[4,6,3,7]},"east":{"texture":"#1","uv":[3,6,4,7]},"north":{"texture":"#1","uv":[5,11,6,12]},"south":{"texture":"#1","uv":[3,6,4,7]},"up":{"texture":"#1","uv":[4,7,3,6]},"west":{"texture":"#1","uv":[3,6,4,7]}},"from":[9,3,2],"rotation":{"angle":0,"axis":"y","origin":[9.5,3.5,2.5]},"to":[10,4,3]},{"faces":{"down":{"texture":"#1","uv":[7,2,6,3]},"east":{"texture":"#1","uv":[6,2,7,3]},"north":{"texture":"#1","uv":[4,12,5,13]},"south":{"texture":"#1","uv":[6,2,7,3]},"up":{"texture":"#1","uv":[7,3,6,2]},"west":{"texture":"#1","uv":[6,2,7,3]}},"from":[8,3,2],"rotation":{"angle":0,"axis":"y","origin":[8.5,3.5,2.5]},"to":[9,4,3]},{"faces":{"down":{"texture":"#1","uv":[3,6,2,7]},"east":{"texture":"#1","uv":[2,6,3,7]},"north":{"texture":"#1","uv":[5,11,6,12]},"south":{"texture":"#1","uv":[2,6,3,7]},"up":{"texture":"#1","uv":[3,7,2,6]},"west":{"texture":"#1","uv":[2,6,3,7]}},"from":[7,3,2],"rotation":{"angle":0,"axis":"y","origin":[7.5,3.5,2.5]},"to":[8,4,3]},{"faces":{"down":{"texture":"#1","uv":[7,1,6,2]},"east":{"texture":"#1","uv":[6,1,7,2]},"north":{"texture":"#1","uv":[4,12,5,13]},"south":{"texture":"#1","uv":[6,1,7,2]},"up":{"texture":"#1","uv":[7,2,6,1]},"west":{"texture":"#1","uv":[6,1,7,2]}},"from":[6,3,2],"rotation":{"angle":0,"axis":"y","origin":[6.5,3.5,2.5]},"to":[7,4,3]},{"faces":{"down":{"texture":"#1","uv":[2,6,1,7]},"east":{"texture":"#1","uv":[1,6,2,7]},"north":{"texture":"#1","uv":[1,6,2,7]},"south":{"texture":"#1","uv":[1,6,2,7]},"up":{"texture":"#1","uv":[2,7,1,6]},"west":{"texture":"#1","uv":[1,6,2,7]}},"from":[4,3,3],"rotation":{"angle":0,"axis":"y","origin":[4.5,3.5,3.5]},"to":[5,4,4]},{"faces":{"down":{"texture":"#1","uv":[7,0,6,1]},"east":{"texture":"#1","uv":[6,0,7,1]},"north":{"texture":"#1","uv":[6,0,7,1]},"south":{"texture":"#1","uv":[6,0,7,1]},"up":{"texture":"#1","uv":[7,1,6,0]},"west":{"texture":"#1","uv":[6,0,7,1]}},"from":[12,3,5],"rotation":{"angle":0,"axis":"y","origin":[12.5,3.5,5.5]},"to":[13,4,6]},{"faces":{"down":{"texture":"#1","uv":[1,6,0,7]},"east":{"texture":"#1","uv":[0,6,1,7]},"north":{"texture":"#1","uv":[0,6,1,7]},"south":{"texture":"#1","uv":[0,6,1,7]},"up":{"texture":"#1","uv":[1,7,0,6]},"west":{"texture":"#1","uv":[0,6,1,7]}},"from":[11,3,3],"rotation":{"angle":0,"axis":"y","origin":[11.5,3.5,3.5]},"to":[12,4,4]},{"faces":{"down":{"texture":"#1","uv":[6,4,5,5]},"east":{"texture":"#1","uv":[5,4,6,5]},"north":{"texture":"#1","uv":[5,4,6,5]},"south":{"texture":"#1","uv":[5,4,6,5]},"up":{"texture":"#1","uv":[6,5,5,4]},"west":{"texture":"#1","uv":[5,4,6,5]}},"from":[12,3,4],"rotation":{"angle":0,"axis":"y","origin":[12.5,3.5,4.5]},"to":[13,4,5]},{"faces":{"down":{"texture":"#1","uv":[5,5,4,6]},"east":{"texture":"#1","uv":[4,5,5,6]},"north":{"texture":"#1","uv":[4,5,5,6]},"south":{"texture":"#1","uv":[4,5,5,6]},"up":{"texture":"#1","uv":[5,6,4,5]},"west":{"texture":"#1","uv":[4,5,5,6]}},"from":[3,3,4],"rotation":{"angle":0,"axis":"y","origin":[3.5,3.5,4.5]},"to":[4,4,5]},{"faces":{"down":{"texture":"#1","uv":[1,7,0,8]},"east":{"texture":"#1","uv":[0,7,1,8]},"north":{"texture":"#1","uv":[0,7,1,8]},"south":{"texture":"#1","uv":[0,7,1,8]},"up":{"texture":"#1","uv":[1,8,0,7]},"west":{"texture":"#1","uv":[0,7,1,8]}},"from":[12,4,11],"rotation":{"angle":0,"axis":"y","origin":[12.5,4.5,11.5]},"to":[13,5,12]},{"faces":{"down":{"texture":"#1","uv":[8,0,7,1]},"east":{"texture":"#1","uv":[7,0,8,1]},"north":{"texture":"#1","uv":[7,0,8,1]},"south":{"texture":"#1","uv":[7,0,8,1]},"up":{"texture":"#1","uv":[8,1,7,0]},"west":{"texture":"#1","uv":[7,0,8,1]}},"from":[3,4,11],"rotation":{"angle":0,"axis":"y","origin":[3.5,4.5,11.5]},"to":[4,5,12]},{"faces":{"down":{"texture":"#1","uv":[2,7,1,8]},"east":{"texture":"#1","uv":[1,7,2,8]},"north":{"texture":"#1","uv":[1,7,2,8]},"south":{"texture":"#1","uv":[1,7,2,8]},"up":{"texture":"#1","uv":[2,8,1,7]},"west":{"texture":"#1","uv":[1,7,2,8]}},"from":[12,4,10],"rotation":{"angle":0,"axis":"y","origin":[12.5,4.5,10.5]},"to":[13,5,11]},{"faces":{"down":{"texture":"#1","uv":[8,1,7,2]},"east":{"texture":"#1","uv":[7,1,8,2]},"north":{"texture":"#1","uv":[7,1,8,2]},"south":{"texture":"#1","uv":[7,1,8,2]},"up":{"texture":"#1","uv":[8,2,7,1]},"west":{"texture":"#1","uv":[7,1,8,2]}},"from":[4,4,12],"rotation":{"angle":0,"axis":"y","origin":[4.5,4.5,12.5]},"to":[5,5,13]},{"faces":{"down":{"texture":"#1","uv":[3,7,2,8]},"east":{"texture":"#1","uv":[2,7,3,8]},"north":{"texture":"#1","uv":[2,7,3,8]},"south":{"texture":"#1","uv":[2,7,3,8]},"up":{"texture":"#1","uv":[3,8,2,7]},"west":{"texture":"#1","uv":[2,7,3,8]}},"from":[3,4,10],"rotation":{"angle":0,"axis":"y","origin":[3.5,4.5,10.5]},"to":[4,5,11]},{"faces":{"down":{"texture":"#1","uv":[8,2,7,3]},"east":{"texture":"#1","uv":[7,2,8,3]},"north":{"texture":"#1","uv":[7,2,8,3]},"south":{"texture":"#1","uv":[7,2,8,3]},"up":{"texture":"#1","uv":[8,3,7,2]},"west":{"texture":"#1","uv":[7,2,8,3]}},"from":[11,4,12],"rotation":{"angle":0,"axis":"y","origin":[11.5,4.5,12.5]},"to":[12,5,13]},{"faces":{"down":{"texture":"#1","uv":[4,7,3,8]},"east":{"texture":"#1","uv":[3,7,4,8]},"north":{"texture":"#1","uv":[3,7,4,8]},"south":{"texture":"#1","uv":[3,7,4,8]},"up":{"texture":"#1","uv":[4,8,3,7]},"west":{"texture":"#1","uv":[3,7,4,8]}},"from":[9,4,13],"rotation":{"angle":0,"axis":"y","origin":[9.5,4.5,13.5]},"to":[10,5,14]},{"faces":{"down":{"texture":"#1","uv":[8,3,7,4]},"east":{"texture":"#1","uv":[7,3,8,4]},"north":{"texture":"#1","uv":[7,3,8,4]},"south":{"texture":"#1","uv":[7,3,8,4]},"up":{"texture":"#1","uv":[8,4,7,3]},"west":{"texture":"#1","uv":[7,3,8,4]}},"from":[8,4,13],"rotation":{"angle":0,"axis":"y","origin":[8.5,4.5,13.5]},"to":[9,5,14]},{"faces":{"down":{"texture":"#1","uv":[5,7,4,8]},"east":{"texture":"#1","uv":[4,7,5,8]},"north":{"texture":"#1","uv":[4,7,5,8]},"south":{"texture":"#1","uv":[4,7,5,8]},"up":{"texture":"#1","uv":[5,8,4,7]},"west":{"texture":"#1","uv":[4,7,5,8]}},"from":[7,4,13],"rotation":{"angle":0,"axis":"y","origin":[7.5,4.5,13.5]},"to":[8,5,14]},{"faces":{"down":{"texture":"#1","uv":[8,4,7,5]},"east":{"texture":"#1","uv":[7,4,8,5]},"north":{"texture":"#1","uv":[7,4,8,5]},"south":{"texture":"#1","uv":[7,4,8,5]},"up":{"texture":"#1","uv":[8,5,7,4]},"west":{"texture":"#1","uv":[7,4,8,5]}},"from":[6,4,13],"rotation":{"angle":0,"axis":"y","origin":[6.5,4.5,13.5]},"to":[7,5,14]},{"faces":{"down":{"texture":"#1","uv":[6,7,5,8]},"east":{"texture":"#1","uv":[5,7,6,8]},"north":{"texture":"#1","uv":[5,7,6,8]},"south":{"texture":"#1","uv":[5,7,6,8]},"up":{"texture":"#1","uv":[6,8,5,7]},"west":{"texture":"#1","uv":[5,7,6,8]}},"from":[5,4,12],"rotation":{"angle":0,"axis":"y","origin":[5.5,4.5,12.5]},"to":[6,5,13]},{"faces":{"down":{"texture":"#1","uv":[8,5,7,6]},"east":{"texture":"#1","uv":[7,5,8,6]},"north":{"texture":"#1","uv":[7,5,8,6]},"south":{"texture":"#1","uv":[7,5,8,6]},"up":{"texture":"#1","uv":[8,6,7,5]},"west":{"texture":"#1","uv":[7,5,8,6]}},"from":[2,4,9],"rotation":{"angle":0,"axis":"y","origin":[2.5,4.5,9.5]},"to":[3,5,10]},{"faces":{"down":{"texture":"#1","uv":[7,7,6,8]},"east":{"texture":"#1","uv":[6,7,7,8]},"north":{"texture":"#1","uv":[6,7,7,8]},"south":{"texture":"#1","uv":[6,7,7,8]},"up":{"texture":"#1","uv":[7,8,6,7]},"west":{"texture":"#1","uv":[6,7,7,8]}},"from":[2,4,8],"rotation":{"angle":0,"axis":"y","origin":[2.5,4.5,8.5]},"to":[3,5,9]},{"faces":{"down":{"texture":"#1","uv":[8,6,7,7]},"east":{"texture":"#1","uv":[7,6,8,7]},"north":{"texture":"#1","uv":[7,6,8,7]},"south":{"texture":"#1","uv":[7,6,8,7]},"up":{"texture":"#1","uv":[8,7,7,6]},"west":{"texture":"#1","uv":[7,6,8,7]}},"from":[2,4,6],"rotation":{"angle":0,"axis":"y","origin":[2.5,4.5,6.5]},"to":[3,5,7]},{"faces":{"down":{"texture":"#1","uv":[8,7,7,8]},"east":{"texture":"#1","uv":[7,7,8,8]},"north":{"texture":"#1","uv":[7,7,8,8]},"south":{"texture":"#1","uv":[7,7,8,8]},"up":{"texture":"#1","uv":[8,8,7,7]},"west":{"texture":"#1","uv":[7,7,8,8]}},"from":[2,4,7],"rotation":{"angle":0,"axis":"y","origin":[2.5,4.5,7.5]},"to":[3,5,8]},{"faces":{"down":{"texture":"#1","uv":[1,8,0,9]},"east":{"texture":"#1","uv":[0,8,1,9]},"north":{"texture":"#1","uv":[0,8,1,9]},"south":{"texture":"#1","uv":[0,8,1,9]},"up":{"texture":"#1","uv":[1,9,0,8]},"west":{"texture":"#1","uv":[0,8,1,9]}},"from":[10,4,12],"rotation":{"angle":0,"axis":"y","origin":[10.5,4.5,12.5]},"to":[11,5,13]},{"faces":{"down":{"texture":"#1","uv":[2,7,1,8]},"east":{"texture":"#1","uv":[1,7,2,8]},"north":{"texture":"#1","uv":[1,7,2,8]},"south":{"texture":"#1","uv":[1,7,2,8]},"up":{"texture":"#1","uv":[2,8,1,7]},"west":{"texture":"#1","uv":[1,7,2,8]}},"from":[3,4,5],"rotation":{"angle":0,"axis":"y","origin":[3.5,4.5,5.5]},"to":[4,5,6]},{"faces":{"down":{"texture":"#1","uv":[1,8,0,9]},"east":{"texture":"#1","uv":[0,8,1,9]},"north":{"texture":"#1","uv":[0,8,1,9]},"south":{"texture":"#1","uv":[0,8,1,9]},"up":{"texture":"#1","uv":[1,9,0,8]},"west":{"texture":"#1","uv":[0,8,1,9]}},"from":[5,4,3],"rotation":{"angle":0,"axis":"y","origin":[5.5,4.5,3.5]},"to":[6,5,4]},{"faces":{"down":{"texture":"#1","uv":[8,7,7,8]},"east":{"texture":"#1","uv":[7,7,8,8]},"north":{"texture":"#1","uv":[7,7,8,8]},"south":{"texture":"#1","uv":[7,7,8,8]},"up":{"texture":"#1","uv":[8,8,7,7]},"west":{"texture":"#1","uv":[7,7,8,8]}},"from":[13,4,8],"rotation":{"angle":0,"axis":"y","origin":[13.5,4.5,8.5]},"to":[14,5,9]},{"faces":{"down":{"texture":"#1","uv":[8,6,7,7]},"east":{"texture":"#1","uv":[7,6,8,7]},"north":{"texture":"#1","uv":[7,6,8,7]},"south":{"texture":"#1","uv":[7,6,8,7]},"up":{"texture":"#1","uv":[8,7,7,6]},"west":{"texture":"#1","uv":[7,6,8,7]}},"from":[13,4,9],"rotation":{"angle":0,"axis":"y","origin":[13.5,4.5,9.5]},"to":[14,5,10]},{"faces":{"down":{"texture":"#1","uv":[7,7,6,8]},"east":{"texture":"#1","uv":[6,7,7,8]},"north":{"texture":"#1","uv":[6,7,7,8]},"south":{"texture":"#1","uv":[6,7,7,8]},"up":{"texture":"#1","uv":[7,8,6,7]},"west":{"texture":"#1","uv":[6,7,7,8]}},"from":[13,4,7],"rotation":{"angle":0,"axis":"y","origin":[13.5,4.5,7.5]},"to":[14,5,8]},{"faces":{"down":{"texture":"#1","uv":[8,5,7,6]},"east":{"texture":"#1","uv":[7,5,8,6]},"north":{"texture":"#1","uv":[7,5,8,6]},"south":{"texture":"#1","uv":[7,5,8,6]},"up":{"texture":"#1","uv":[8,6,7,5]},"west":{"texture":"#1","uv":[7,5,8,6]}},"from":[13,4,6],"rotation":{"angle":0,"axis":"y","origin":[13.5,4.5,6.5]},"to":[14,5,7]},{"faces":{"down":{"texture":"#1","uv":[6,7,5,8]},"east":{"texture":"#1","uv":[5,7,6,8]},"north":{"texture":"#1","uv":[5,7,6,8]},"south":{"texture":"#1","uv":[5,7,6,8]},"up":{"texture":"#1","uv":[6,8,5,7]},"west":{"texture":"#1","uv":[5,7,6,8]}},"from":[10,4,3],"rotation":{"angle":0,"axis":"y","origin":[10.5,4.5,3.5]},"to":[11,5,4]},{"faces":{"down":{"texture":"#1","uv":[8,4,7,5]},"east":{"texture":"#1","uv":[7,4,8,5]},"north":{"texture":"#1","uv":[7,4,8,5]},"south":{"texture":"#1","uv":[7,4,8,5]},"up":{"texture":"#1","uv":[8,5,7,4]},"west":{"texture":"#1","uv":[7,4,8,5]}},"from":[9,4,2],"rotation":{"angle":0,"axis":"y","origin":[9.5,4.5,2.5]},"to":[10,5,3]},{"faces":{"down":{"texture":"#1","uv":[5,7,4,8]},"east":{"texture":"#1","uv":[4,7,5,8]},"north":{"texture":"#1","uv":[4,7,5,8]},"south":{"texture":"#1","uv":[4,7,5,8]},"up":{"texture":"#1","uv":[5,8,4,7]},"west":{"texture":"#1","uv":[4,7,5,8]}},"from":[8,4,2],"rotation":{"angle":0,"axis":"y","origin":[8.5,4.5,2.5]},"to":[9,5,3]},{"faces":{"down":{"texture":"#1","uv":[8,3,7,4]},"east":{"texture":"#1","uv":[7,3,8,4]},"north":{"texture":"#1","uv":[7,3,8,4]},"south":{"texture":"#1","uv":[7,3,8,4]},"up":{"texture":"#1","uv":[8,4,7,3]},"west":{"texture":"#1","uv":[7,3,8,4]}},"from":[7,4,2],"rotation":{"angle":0,"axis":"y","origin":[7.5,4.5,2.5]},"to":[8,5,3]},{"faces":{"down":{"texture":"#1","uv":[4,7,3,8]},"east":{"texture":"#1","uv":[3,7,4,8]},"north":{"texture":"#1","uv":[3,7,4,8]},"south":{"texture":"#1","uv":[3,7,4,8]},"up":{"texture":"#1","uv":[4,8,3,7]},"west":{"texture":"#1","uv":[3,7,4,8]}},"from":[6,4,2],"rotation":{"angle":0,"axis":"y","origin":[6.5,4.5,2.5]},"to":[7,5,3]},{"faces":{"down":{"texture":"#1","uv":[8,2,7,3]},"east":{"texture":"#1","uv":[7,2,8,3]},"north":{"texture":"#1","uv":[7,2,8,3]},"south":{"texture":"#1","uv":[7,2,8,3]},"up":{"texture":"#1","uv":[8,3,7,2]},"west":{"texture":"#1","uv":[7,2,8,3]}},"from":[4,4,3],"rotation":{"angle":0,"axis":"y","origin":[4.5,4.5,3.5]},"to":[5,5,4]},{"faces":{"down":{"texture":"#1","uv":[3,7,2,8]},"east":{"texture":"#1","uv":[2,7,3,8]},"north":{"texture":"#1","uv":[2,7,3,8]},"south":{"texture":"#1","uv":[2,7,3,8]},"up":{"texture":"#1","uv":[3,8,2,7]},"west":{"texture":"#1","uv":[2,7,3,8]}},"from":[12,4,5],"rotation":{"angle":0,"axis":"y","origin":[12.5,4.5,5.5]},"to":[13,5,6]},{"faces":{"down":{"texture":"#1","uv":[8,1,7,2]},"east":{"texture":"#1","uv":[7,1,8,2]},"north":{"texture":"#1","uv":[7,1,8,2]},"south":{"texture":"#1","uv":[7,1,8,2]},"up":{"texture":"#1","uv":[8,2,7,1]},"west":{"texture":"#1","uv":[7,1,8,2]}},"from":[11,4,3],"rotation":{"angle":0,"axis":"y","origin":[11.5,4.5,3.5]},"to":[12,5,4]},{"faces":{"down":{"texture":"#1","uv":[8,0,7,1]},"east":{"texture":"#1","uv":[7,0,8,1]},"north":{"texture":"#1","uv":[7,0,8,1]},"south":{"texture":"#1","uv":[7,0,8,1]},"up":{"texture":"#1","uv":[8,1,7,0]},"west":{"texture":"#1","uv":[7,0,8,1]}},"from":[12,4,4],"rotation":{"angle":0,"axis":"y","origin":[12.5,4.5,4.5]},"to":[13,5,5]},{"faces":{"down":{"texture":"#1","uv":[1,7,0,8]},"east":{"texture":"#1","uv":[0,7,1,8]},"north":{"texture":"#1","uv":[0,7,1,8]},"south":{"texture":"#1","uv":[0,7,1,8]},"up":{"texture":"#1","uv":[1,8,0,7]},"west":{"texture":"#1","uv":[0,7,1,8]}},"from":[3,4,4],"rotation":{"angle":0,"axis":"y","origin":[3.5,4.5,4.5]},"to":[4,5,5]},{"faces":{"down":{"texture":"#1","uv":[6,4,5,5]},"east":{"texture":"#1","uv":[5,4,6,5]},"north":{"texture":"#1","uv":[5,4,6,5]},"south":{"texture":"#1","uv":[5,4,6,5]},"up":{"texture":"#1","uv":[6,5,5,4]},"west":{"texture":"#1","uv":[5,4,6,5]}},"from":[4,5,11],"rotation":{"angle":0,"axis":"y","origin":[4.5,5.5,11.5]},"to":[5,6,12]},{"faces":{"down":{"texture":"#1","uv":[6,5,5,6]},"east":{"texture":"#1","uv":[5,5,6,6]},"north":{"texture":"#1","uv":[5,5,6,6]},"south":{"texture":"#1","uv":[5,5,6,6]},"up":{"texture":"#1","uv":[6,6,5,5]},"west":{"texture":"#1","uv":[5,5,6,6]}},"from":[11,5,10],"rotation":{"angle":0,"axis":"y","origin":[11.5,5.5,10.5]},"to":[12,6,11]},{"faces":{"down":{"texture":"#1","uv":[7,0,6,1]},"east":{"texture":"#1","uv":[6,0,7,1]},"north":{"texture":"#1","uv":[6,0,7,1]},"south":{"texture":"#1","uv":[6,0,7,1]},"up":{"texture":"#1","uv":[7,1,6,0]},"west":{"texture":"#1","uv":[6,0,7,1]}},"from":[4,5,10],"rotation":{"angle":0,"axis":"y","origin":[4.5,5.5,10.5]},"to":[5,6,11]},{"faces":{"down":{"texture":"#1","uv":[2,6,1,7]},"east":{"texture":"#1","uv":[1,6,2,7]},"north":{"texture":"#1","uv":[1,6,2,7]},"south":{"texture":"#1","uv":[1,6,2,7]},"up":{"texture":"#1","uv":[2,7,1,6]},"west":{"texture":"#1","uv":[1,6,2,7]}},"from":[11,5,11],"rotation":{"angle":0,"axis":"y","origin":[11.5,5.5,11.5]},"to":[12,6,12]},{"faces":{"down":{"texture":"#1","uv":[7,1,6,2]},"east":{"texture":"#1","uv":[6,1,7,2]},"north":{"texture":"#1","uv":[6,1,7,2]},"south":{"texture":"#1","uv":[6,1,7,2]},"up":{"texture":"#1","uv":[7,2,6,1]},"west":{"texture":"#1","uv":[6,1,7,2]}},"from":[9,5,12],"rotation":{"angle":0,"axis":"y","origin":[9.5,5.5,12.5]},"to":[10,6,13]},{"faces":{"down":{"texture":"#1","uv":[3,6,2,7]},"east":{"texture":"#1","uv":[2,6,3,7]},"north":{"texture":"#1","uv":[2,6,3,7]},"south":{"texture":"#1","uv":[2,6,3,7]},"up":{"texture":"#1","uv":[3,7,2,6]},"west":{"texture":"#1","uv":[2,6,3,7]}},"from":[8,5,12],"rotation":{"angle":0,"axis":"y","origin":[8.5,5.5,12.5]},"to":[9,6,13]},{"faces":{"down":{"texture":"#1","uv":[7,2,6,3]},"east":{"texture":"#1","uv":[6,2,7,3]},"north":{"texture":"#1","uv":[6,2,7,3]},"south":{"texture":"#1","uv":[6,2,7,3]},"up":{"texture":"#1","uv":[7,3,6,2]},"west":{"texture":"#1","uv":[6,2,7,3]}},"from":[7,5,12],"rotation":{"angle":0,"axis":"y","origin":[7.5,5.5,12.5]},"to":[8,6,13]},{"faces":{"down":{"texture":"#1","uv":[4,6,3,7]},"east":{"texture":"#1","uv":[3,6,4,7]},"north":{"texture":"#1","uv":[3,6,4,7]},"south":{"texture":"#1","uv":[3,6,4,7]},"up":{"texture":"#1","uv":[4,7,3,6]},"west":{"texture":"#1","uv":[3,6,4,7]}},"from":[6,5,12],"rotation":{"angle":0,"axis":"y","origin":[6.5,5.5,12.5]},"to":[7,6,13]},{"faces":{"down":{"texture":"#1","uv":[7,3,6,4]},"east":{"texture":"#1","uv":[6,3,7,4]},"north":{"texture":"#1","uv":[6,3,7,4]},"south":{"texture":"#1","uv":[6,3,7,4]},"up":{"texture":"#1","uv":[7,4,6,3]},"west":{"texture":"#1","uv":[6,3,7,4]}},"from":[5,5,11],"rotation":{"angle":0,"axis":"y","origin":[5.5,5.5,11.5]},"to":[6,6,12]},{"faces":{"down":{"texture":"#1","uv":[5,6,4,7]},"east":{"texture":"#1","uv":[4,6,5,7]},"north":{"texture":"#1","uv":[4,6,5,7]},"south":{"texture":"#1","uv":[4,6,5,7]},"up":{"texture":"#1","uv":[5,7,4,6]},"west":{"texture":"#1","uv":[4,6,5,7]}},"from":[3,5,9],"rotation":{"angle":0,"axis":"y","origin":[3.5,5.5,9.5]},"to":[4,6,10]},{"faces":{"down":{"texture":"#1","uv":[7,4,6,5]},"east":{"texture":"#1","uv":[6,4,7,5]},"north":{"texture":"#1","uv":[6,4,7,5]},"south":{"texture":"#1","uv":[6,4,7,5]},"up":{"texture":"#1","uv":[7,5,6,4]},"west":{"texture":"#1","uv":[6,4,7,5]}},"from":[3,5,8],"rotation":{"angle":0,"axis":"y","origin":[3.5,5.5,8.5]},"to":[4,6,9]},{"faces":{"down":{"texture":"#1","uv":[6,6,5,7]},"east":{"texture":"#1","uv":[5,6,6,7]},"north":{"texture":"#1","uv":[5,6,6,7]},"south":{"texture":"#1","uv":[5,6,6,7]},"up":{"texture":"#1","uv":[6,7,5,6]},"west":{"texture":"#1","uv":[5,6,6,7]}},"from":[3,5,6],"rotation":{"angle":0,"axis":"y","origin":[3.5,5.5,6.5]},"to":[4,6,7]},{"faces":{"down":{"texture":"#1","uv":[7,5,6,6]},"east":{"texture":"#1","uv":[6,5,7,6]},"north":{"texture":"#1","uv":[6,5,7,6]},"south":{"texture":"#1","uv":[6,5,7,6]},"up":{"texture":"#1","uv":[7,6,6,5]},"west":{"texture":"#1","uv":[6,5,7,6]}},"from":[3,5,7],"rotation":{"angle":0,"axis":"y","origin":[3.5,5.5,7.5]},"to":[4,6,8]},{"faces":{"down":{"texture":"#1","uv":[7,6,6,7]},"east":{"texture":"#1","uv":[6,6,7,7]},"north":{"texture":"#1","uv":[6,6,7,7]},"south":{"texture":"#1","uv":[6,6,7,7]},"up":{"texture":"#1","uv":[7,7,6,6]},"west":{"texture":"#1","uv":[6,6,7,7]}},"from":[10,5,11],"rotation":{"angle":0,"axis":"y","origin":[10.5,5.5,11.5]},"to":[11,6,12]},{"faces":{"down":{"texture":"#1","uv":[6,5,5,6]},"east":{"texture":"#1","uv":[5,5,6,6]},"north":{"texture":"#1","uv":[5,5,6,6]},"south":{"texture":"#1","uv":[5,5,6,6]},"up":{"texture":"#1","uv":[6,6,5,5]},"west":{"texture":"#1","uv":[5,5,6,6]}},"from":[4,5,5],"rotation":{"angle":0,"axis":"y","origin":[4.5,5.5,5.5]},"to":[5,6,6]},{"faces":{"down":{"texture":"#1","uv":[7,6,6,7]},"east":{"texture":"#1","uv":[6,6,7,7]},"north":{"texture":"#1","uv":[6,6,7,7]},"south":{"texture":"#1","uv":[6,6,7,7]},"up":{"texture":"#1","uv":[7,7,6,6]},"west":{"texture":"#1","uv":[6,6,7,7]}},"from":[5,5,4],"rotation":{"angle":0,"axis":"y","origin":[5.5,5.5,4.5]},"to":[6,6,5]},{"faces":{"down":{"texture":"#1","uv":[7,5,6,6]},"east":{"texture":"#1","uv":[6,5,7,6]},"north":{"texture":"#1","uv":[6,5,7,6]},"south":{"texture":"#1","uv":[6,5,7,6]},"up":{"texture":"#1","uv":[7,6,6,5]},"west":{"texture":"#1","uv":[6,5,7,6]}},"from":[12,5,8],"rotation":{"angle":0,"axis":"y","origin":[12.5,5.5,8.5]},"to":[13,6,9]},{"faces":{"down":{"texture":"#1","uv":[6,6,5,7]},"east":{"texture":"#1","uv":[5,6,6,7]},"north":{"texture":"#1","uv":[5,6,6,7]},"south":{"texture":"#1","uv":[5,6,6,7]},"up":{"texture":"#1","uv":[6,7,5,6]},"west":{"texture":"#1","uv":[5,6,6,7]}},"from":[12,5,9],"rotation":{"angle":0,"axis":"y","origin":[12.5,5.5,9.5]},"to":[13,6,10]},{"faces":{"down":{"texture":"#1","uv":[7,4,6,5]},"east":{"texture":"#1","uv":[6,4,7,5]},"north":{"texture":"#1","uv":[6,4,7,5]},"south":{"texture":"#1","uv":[6,4,7,5]},"up":{"texture":"#1","uv":[7,5,6,4]},"west":{"texture":"#1","uv":[6,4,7,5]}},"from":[12,5,7],"rotation":{"angle":0,"axis":"y","origin":[12.5,5.5,7.5]},"to":[13,6,8]},{"faces":{"down":{"texture":"#1","uv":[5,6,4,7]},"east":{"texture":"#1","uv":[4,6,5,7]},"north":{"texture":"#1","uv":[4,6,5,7]},"south":{"texture":"#1","uv":[4,6,5,7]},"up":{"texture":"#1","uv":[5,7,4,6]},"west":{"texture":"#1","uv":[4,6,5,7]}},"from":[12,5,6],"rotation":{"angle":0,"axis":"y","origin":[12.5,5.5,6.5]},"to":[13,6,7]},{"faces":{"down":{"texture":"#1","uv":[7,3,6,4]},"east":{"texture":"#1","uv":[6,3,7,4]},"north":{"texture":"#1","uv":[6,3,7,4]},"south":{"texture":"#1","uv":[6,3,7,4]},"up":{"texture":"#1","uv":[7,4,6,3]},"west":{"texture":"#1","uv":[6,3,7,4]}},"from":[10,5,4],"rotation":{"angle":0,"axis":"y","origin":[10.5,5.5,4.5]},"to":[11,6,5]},{"faces":{"down":{"texture":"#1","uv":[4,6,3,7]},"east":{"texture":"#1","uv":[3,6,4,7]},"north":{"texture":"#1","uv":[3,6,4,7]},"south":{"texture":"#1","uv":[3,6,4,7]},"up":{"texture":"#1","uv":[4,7,3,6]},"west":{"texture":"#1","uv":[3,6,4,7]}},"from":[9,5,3],"rotation":{"angle":0,"axis":"y","origin":[9.5,5.5,3.5]},"to":[10,6,4]},{"faces":{"down":{"texture":"#1","uv":[7,2,6,3]},"east":{"texture":"#1","uv":[6,2,7,3]},"north":{"texture":"#1","uv":[6,2,7,3]},"south":{"texture":"#1","uv":[6,2,7,3]},"up":{"texture":"#1","uv":[7,3,6,2]},"west":{"texture":"#1","uv":[6,2,7,3]}},"from":[8,5,3],"rotation":{"angle":0,"axis":"y","origin":[8.5,5.5,3.5]},"to":[9,6,4]},{"faces":{"down":{"texture":"#1","uv":[3,6,2,7]},"east":{"texture":"#1","uv":[2,6,3,7]},"north":{"texture":"#1","uv":[2,6,3,7]},"south":{"texture":"#1","uv":[2,6,3,7]},"up":{"texture":"#1","uv":[3,7,2,6]},"west":{"texture":"#1","uv":[2,6,3,7]}},"from":[7,5,3],"rotation":{"angle":0,"axis":"y","origin":[7.5,5.5,3.5]},"to":[8,6,4]},{"faces":{"down":{"texture":"#1","uv":[7,1,6,2]},"east":{"texture":"#1","uv":[6,1,7,2]},"north":{"texture":"#1","uv":[6,1,7,2]},"south":{"texture":"#1","uv":[6,1,7,2]},"up":{"texture":"#1","uv":[7,2,6,1]},"west":{"texture":"#1","uv":[6,1,7,2]}},"from":[6,5,3],"rotation":{"angle":0,"axis":"y","origin":[6.5,5.5,3.5]},"to":[7,6,4]},{"faces":{"down":{"texture":"#1","uv":[7,0,6,1]},"east":{"texture":"#1","uv":[6,0,7,1]},"north":{"texture":"#1","uv":[6,0,7,1]},"south":{"texture":"#1","uv":[6,0,7,1]},"up":{"texture":"#1","uv":[7,1,6,0]},"west":{"texture":"#1","uv":[6,0,7,1]}},"from":[11,5,5],"rotation":{"angle":0,"axis":"y","origin":[11.5,5.5,5.5]},"to":[12,6,6]},{"faces":{"down":{"texture":"#1","uv":[6,4,5,5]},"east":{"texture":"#1","uv":[5,4,6,5]},"north":{"texture":"#1","uv":[5,4,6,5]},"south":{"texture":"#1","uv":[5,4,6,5]},"up":{"texture":"#1","uv":[6,5,5,4]},"west":{"texture":"#1","uv":[5,4,6,5]}},"from":[11,5,4],"rotation":{"angle":0,"axis":"y","origin":[11.5,5.5,4.5]},"to":[12,6,5]},{"faces":{"down":{"texture":"#1","uv":[5,5,4,6]},"east":{"texture":"#1","uv":[4,5,5,6]},"north":{"texture":"#1","uv":[4,5,5,6]},"south":{"texture":"#1","uv":[4,5,5,6]},"up":{"texture":"#1","uv":[5,6,4,5]},"west":{"texture":"#1","uv":[4,5,5,6]}},"from":[4,5,4],"rotation":{"angle":0,"axis":"y","origin":[4.5,5.5,4.5]},"to":[5,6,5]},{"faces":{"down":{"texture":"#1","uv":[4,8,3,9]},"east":{"texture":"#1","uv":[1,8,2,9]},"north":{"texture":"#1","uv":[8,0,9,1]},"south":{"texture":"#1","uv":[8,1,9,2]},"up":{"texture":"#1","uv":[9,3,8,2]},"west":{"texture":"#1","uv":[2,8,3,9]}},"from":[9,6,11],"rotation":{"angle":0,"axis":"y","origin":[9.5,6.5,11.5]},"to":[10,7,12]},{"faces":{"down":{"texture":"#1","uv":[1,3,0,4]},"east":{"texture":"#1","uv":[1,8,2,9]},"north":{"texture":"#1","uv":[8,1,9,2]},"south":{"texture":"#1","uv":[8,0,9,1]},"up":{"texture":"#1","uv":[9,4,8,3]},"west":{"texture":"#1","uv":[2,8,3,9]}},"from":[6,6,11],"rotation":{"angle":0,"axis":"y","origin":[6.5,6.5,11.5]},"to":[7,7,12]},{"faces":{"down":{"texture":"#1","uv":[2,1,1,2]},"east":{"texture":"#1","uv":[1,8,2,9]},"north":{"texture":"#1","uv":[4,8,5,9]},"south":{"texture":"#1","uv":[8,4,9,5]},"up":{"texture":"#1","uv":[6,9,5,8]},"west":{"texture":"#1","uv":[2,8,3,9]}},"from":[7,6,11],"rotation":{"angle":0,"axis":"y","origin":[7.5,6.5,11.5]},"to":[8,7,12]},{"faces":{"down":{"texture":"#1","uv":[7,8,6,9]},"east":{"texture":"#1","uv":[1,8,2,9]},"north":{"texture":"#1","uv":[8,4,9,5]},"south":{"texture":"#1","uv":[4,8,5,9]},"up":{"texture":"#1","uv":[9,6,8,5]},"west":{"texture":"#1","uv":[2,8,3,9]}},"from":[8,6,11],"rotation":{"angle":0,"axis":"y","origin":[8.5,6.5,11.5]},"to":[9,7,12]},{"faces":{"down":{"texture":"#1","uv":[9,8,8,9]},"east":{"texture":"#1","uv":[8,6,9,7]},"north":{"texture":"#1","uv":[8,0,9,1]},"south":{"texture":"#1","uv":[8,1,9,2]},"up":{"texture":"#1","uv":[9,8,8,7]},"west":{"texture":"#1","uv":[7,8,8,9]}},"from":[9,6,10],"rotation":{"angle":0,"axis":"y","origin":[9.5,6.5,10.5]},"to":[10,7,11]},{"faces":{"down":{"texture":"#1","uv":[10,0,9,1]},"east":{"texture":"#1","uv":[8,6,9,7]},"north":{"texture":"#1","uv":[8,1,9,2]},"south":{"texture":"#1","uv":[8,0,9,1]},"up":{"texture":"#1","uv":[1,10,0,9]},"west":{"texture":"#1","uv":[7,8,8,9]}},"from":[6,6,10],"rotation":{"angle":0,"axis":"y","origin":[6.5,6.5,10.5]},"to":[7,7,11]},{"faces":{"down":{"texture":"#1","uv":[10,1,9,2]},"east":{"texture":"#1","uv":[8,6,9,7]},"north":{"texture":"#1","uv":[4,8,5,9]},"south":{"texture":"#1","uv":[8,4,9,5]},"up":{"texture":"#1","uv":[2,10,1,9]},"west":{"texture":"#1","uv":[7,8,8,9]}},"from":[7,6,10],"rotation":{"angle":0,"axis":"y","origin":[7.5,6.5,10.5]},"to":[8,7,11]},{"faces":{"down":{"texture":"#1","uv":[10,2,9,3]},"east":{"texture":"#1","uv":[8,6,9,7]},"north":{"texture":"#1","uv":[8,4,9,5]},"south":{"texture":"#1","uv":[4,8,5,9]},"up":{"texture":"#1","uv":[3,10,2,9]},"west":{"texture":"#1","uv":[7,8,8,9]}},"from":[8,6,10],"rotation":{"angle":0,"axis":"y","origin":[8.5,6.5,10.5]},"to":[9,7,11]},{"faces":{"down":{"texture":"#1","uv":[3,8,2,9]},"east":{"texture":"#1","uv":[8,1,9,2]},"north":{"texture":"#1","uv":[1,8,2,9]},"south":{"texture":"#1","uv":[2,8,3,9]},"up":{"texture":"#1","uv":[4,10,3,9]},"west":{"texture":"#1","uv":[8,0,9,1]}},"from":[11,6,6],"rotation":{"angle":0,"axis":"y","origin":[11.5,6.5,6.5]},"to":[12,7,7]},{"faces":{"down":{"texture":"#1","uv":[4,9,3,10]},"east":{"texture":"#1","uv":[8,0,9,1]},"north":{"texture":"#1","uv":[1,8,2,9]},"south":{"texture":"#1","uv":[2,8,3,9]},"up":{"texture":"#1","uv":[3,9,2,8]},"west":{"texture":"#1","uv":[8,1,9,2]}},"from":[11,6,9],"rotation":{"angle":0,"axis":"y","origin":[11.5,6.5,9.5]},"to":[12,7,10]},{"faces":{"down":{"texture":"#1","uv":[5,9,4,10]},"east":{"texture":"#1","uv":[8,4,9,5]},"north":{"texture":"#1","uv":[1,8,2,9]},"south":{"texture":"#1","uv":[2,8,3,9]},"up":{"texture":"#1","uv":[10,4,9,3]},"west":{"texture":"#1","uv":[4,8,5,9]}},"from":[11,6,8],"rotation":{"angle":0,"axis":"y","origin":[11.5,6.5,8.5]},"to":[12,7,9]},{"faces":{"down":{"texture":"#1","uv":[10,3,9,4]},"east":{"texture":"#1","uv":[4,8,5,9]},"north":{"texture":"#1","uv":[1,8,2,9]},"south":{"texture":"#1","uv":[2,8,3,9]},"up":{"texture":"#1","uv":[5,10,4,9]},"west":{"texture":"#1","uv":[8,4,9,5]}},"from":[11,6,7],"rotation":{"angle":0,"axis":"y","origin":[11.5,6.5,7.5]},"to":[12,7,8]},{"faces":{"down":{"texture":"#1","uv":[8,8,7,9]},"east":{"texture":"#1","uv":[8,1,9,2]},"north":{"texture":"#1","uv":[8,6,9,7]},"south":{"texture":"#1","uv":[7,8,8,9]},"up":{"texture":"#1","uv":[10,5,9,4]},"west":{"texture":"#1","uv":[8,0,9,1]}},"from":[10,6,6],"rotation":{"angle":0,"axis":"y","origin":[10.5,6.5,6.5]},"to":[11,7,7]},{"faces":{"down":{"texture":"#1","uv":[10,4,9,5]},"east":{"texture":"#1","uv":[8,0,9,1]},"north":{"texture":"#1","uv":[8,6,9,7]},"south":{"texture":"#1","uv":[7,8,8,9]},"up":{"texture":"#1","uv":[8,9,7,8]},"west":{"texture":"#1","uv":[8,1,9,2]}},"from":[10,6,9],"rotation":{"angle":0,"axis":"y","origin":[10.5,6.5,9.5]},"to":[11,7,10]},{"faces":{"down":{"texture":"#1","uv":[10,5,9,6]},"east":{"texture":"#1","uv":[8,4,9,5]},"north":{"texture":"#1","uv":[8,6,9,7]},"south":{"texture":"#1","uv":[7,8,8,9]},"up":{"texture":"#1","uv":[6,10,5,9]},"west":{"texture":"#1","uv":[4,8,5,9]}},"from":[10,6,8],"rotation":{"angle":0,"axis":"y","origin":[10.5,6.5,8.5]},"to":[11,7,9]},{"faces":{"down":{"texture":"#1","uv":[6,9,5,10]},"east":{"texture":"#1","uv":[4,8,5,9]},"north":{"texture":"#1","uv":[8,6,9,7]},"south":{"texture":"#1","uv":[7,8,8,9]},"up":{"texture":"#1","uv":[10,6,9,5]},"west":{"texture":"#1","uv":[8,4,9,5]}},"from":[10,6,7],"rotation":{"angle":0,"axis":"y","origin":[10.5,6.5,7.5]},"to":[11,7,8]},{"faces":{"down":{"texture":"#1","uv":[9,1,8,2]},"east":{"texture":"#1","uv":[8,1,9,2]},"north":{"texture":"#1","uv":[8,0,9,1]},"south":{"texture":"#1","uv":[8,1,9,2]},"up":{"texture":"#1","uv":[7,10,6,9]},"west":{"texture":"#1","uv":[8,0,9,1]}},"from":[9,6,6],"rotation":{"angle":0,"axis":"y","origin":[9.5,6.5,6.5]},"to":[10,7,7]},{"faces":{"down":{"texture":"#1","uv":[7,9,6,10]},"east":{"texture":"#1","uv":[8,0,9,1]},"north":{"texture":"#1","uv":[8,0,9,1]},"south":{"texture":"#1","uv":[8,1,9,2]},"up":{"texture":"#1","uv":[9,2,8,1]},"west":{"texture":"#1","uv":[8,1,9,2]}},"from":[9,6,9],"rotation":{"angle":0,"axis":"y","origin":[9.5,6.5,9.5]},"to":[10,7,10]},{"faces":{"down":{"texture":"#1","uv":[8,9,7,10]},"east":{"texture":"#1","uv":[8,4,9,5]},"north":{"texture":"#1","uv":[8,0,9,1]},"south":{"texture":"#1","uv":[8,1,9,2]},"up":{"texture":"#1","uv":[10,7,9,6]},"west":{"texture":"#1","uv":[4,8,5,9]}},"from":[9,6,8],"rotation":{"angle":0,"axis":"y","origin":[9.5,6.5,8.5]},"to":[10,7,9]},{"faces":{"down":{"texture":"#1","uv":[10,6,9,7]},"east":{"texture":"#1","uv":[4,8,5,9]},"north":{"texture":"#1","uv":[8,0,9,1]},"south":{"texture":"#1","uv":[8,1,9,2]},"up":{"texture":"#1","uv":[8,10,7,9]},"west":{"texture":"#1","uv":[8,4,9,5]}},"from":[9,6,7],"rotation":{"angle":0,"axis":"y","origin":[9.5,6.5,7.5]},"to":[10,7,8]},{"faces":{"down":{"texture":"#1","uv":[5,8,4,9]},"east":{"texture":"#1","uv":[8,1,9,2]},"north":{"texture":"#1","uv":[8,4,9,5]},"south":{"texture":"#1","uv":[4,8,5,9]},"up":{"texture":"#1","uv":[10,8,9,7]},"west":{"texture":"#1","uv":[8,0,9,1]}},"from":[8,6,6],"rotation":{"angle":0,"axis":"y","origin":[8.5,6.5,6.5]},"to":[9,7,7]},{"faces":{"up":{"texture":"#1","uv":[14,3,11,0]}},"from":[8,7.025,6],"rotation":{"angle":0,"axis":"y","origin":[8.5,7.525,6.5]},"to":[9,7.025,7]},{"faces":{"up":{"rotation":90,"texture":"#1","uv":[14,3,11,0]}},"from":[6,7.025,6],"rotation":{"angle":0,"axis":"y","origin":[6.5,7.525,6.5]},"to":[7,7.025,7]},{"faces":{"up":{"texture":"#1","uv":[14,10,11,7]}},"from":[5,7.025,6],"rotation":{"angle":0,"axis":"y","origin":[5.5,7.525,6.5]},"to":[6,7.025,7]},{"faces":{"up":{"rotation":180,"texture":"#1","uv":[14,3,11,0]}},"from":[9,7.025,5],"rotation":{"angle":0,"axis":"y","origin":[9.5,7.525,5.5]},"to":[10,7.025,6]},{"faces":{"east":{"rotation":270,"texture":"#1","uv":[14,6,11,3]}},"from":[10,6.025,4],"rotation":{"angle":0,"axis":"z","origin":[10,6.525,4.5]},"to":[10,7.025,5]},{"faces":{"up":{"rotation":180,"texture":"#1","uv":[14,8,11,5]}},"from":[10,6.025,4],"rotation":{"angle":0,"axis":"z","origin":[10.5,6.025,4.5]},"to":[11,6.025,5]},{"faces":{"up":{"texture":"#1","uv":[13,10,10,7]}},"from":[11,6.025,4],"rotation":{"angle":0,"axis":"y","origin":[11.5,6.025,4.5]},"to":[12,6.025,5]},{"faces":{"up":{"rotation":90,"texture":"#1","uv":[13,10,10,7]}},"from":[9,7.025,9],"rotation":{"angle":0,"axis":"y","origin":[9.5,7.025,9.5]},"to":[10,7.025,10]},{"faces":{"down":{"texture":"#1","uv":[10,7,9,8]},"east":{"texture":"#1","uv":[8,0,9,1]},"north":{"texture":"#1","uv":[8,4,9,5]},"south":{"texture":"#1","uv":[4,8,5,9]},"up":{"texture":"#1","uv":[5,9,4,8]},"west":{"texture":"#1","uv":[8,1,9,2]}},"from":[8,6,9],"rotation":{"angle":0,"axis":"y","origin":[8.5,6.5,9.5]},"to":[9,7,10]},{"faces":{"down":{"texture":"#1","uv":[9,4,8,5]},"east":{"texture":"#1","uv":[8,1,9,2]},"north":{"texture":"#1","uv":[4,8,5,9]},"south":{"texture":"#1","uv":[8,4,9,5]},"up":{"texture":"#1","uv":[10,10,9,9]},"west":{"texture":"#1","uv":[8,0,9,1]}},"from":[7,6,6],"rotation":{"angle":0,"axis":"y","origin":[7.5,6.5,6.5]},"to":[8,7,7]},{"faces":{"down":{"texture":"#1","uv":[10,9,9,10]},"east":{"texture":"#1","uv":[8,0,9,1]},"north":{"texture":"#1","uv":[4,8,5,9]},"south":{"texture":"#1","uv":[8,4,9,5]},"up":{"texture":"#1","uv":[9,5,8,4]},"west":{"texture":"#1","uv":[8,1,9,2]}},"from":[7,6,9],"rotation":{"angle":0,"axis":"y","origin":[7.5,6.5,9.5]},"to":[8,7,10]},{"faces":{"down":{"texture":"#1","uv":[9,0,8,1]},"east":{"texture":"#1","uv":[8,1,9,2]},"north":{"texture":"#1","uv":[8,1,9,2]},"south":{"texture":"#1","uv":[8,0,9,1]},"up":{"texture":"#1","uv":[2,11,1,10]},"west":{"texture":"#1","uv":[8,0,9,1]}},"from":[6,6,6],"rotation":{"angle":0,"axis":"y","origin":[6.5,6.5,6.5]},"to":[7,7,7]},{"faces":{"down":{"texture":"#1","uv":[2,10,1,11]},"east":{"texture":"#1","uv":[8,0,9,1]},"north":{"texture":"#1","uv":[8,1,9,2]},"south":{"texture":"#1","uv":[8,0,9,1]},"up":{"texture":"#1","uv":[9,1,8,0]},"west":{"texture":"#1","uv":[8,1,9,2]}},"from":[6,6,9],"rotation":{"angle":0,"axis":"y","origin":[6.5,6.5,9.5]},"to":[7,7,10]},{"faces":{"down":{"texture":"#1","uv":[3,10,2,11]},"east":{"texture":"#1","uv":[8,4,9,5]},"north":{"texture":"#1","uv":[8,1,9,2]},"south":{"texture":"#1","uv":[8,0,9,1]},"up":{"texture":"#1","uv":[11,2,10,1]},"west":{"texture":"#1","uv":[4,8,5,9]}},"from":[6,6,8],"rotation":{"angle":0,"axis":"y","origin":[6.5,6.5,8.5]},"to":[7,7,9]},{"faces":{"down":{"texture":"#1","uv":[11,1,10,2]},"east":{"texture":"#1","uv":[4,8,5,9]},"north":{"texture":"#1","uv":[8,1,9,2]},"south":{"texture":"#1","uv":[8,0,9,1]},"up":{"texture":"#1","uv":[3,11,2,10]},"west":{"texture":"#1","uv":[8,4,9,5]}},"from":[6,6,7],"rotation":{"angle":0,"axis":"y","origin":[6.5,6.5,7.5]},"to":[7,7,8]},{"faces":{"down":{"texture":"#1","uv":[9,6,8,7]},"east":{"texture":"#1","uv":[8,1,9,2]},"north":{"texture":"#1","uv":[7,8,8,9]},"south":{"texture":"#1","uv":[8,6,9,7]},"up":{"texture":"#1","uv":[11,3,10,2]},"west":{"texture":"#1","uv":[8,0,9,1]}},"from":[5,6,6],"rotation":{"angle":0,"axis":"y","origin":[5.5,6.5,6.5]},"to":[6,7,7]},{"faces":{"down":{"texture":"#1","uv":[11,2,10,3]},"east":{"texture":"#1","uv":[8,0,9,1]},"north":{"texture":"#1","uv":[7,8,8,9]},"south":{"texture":"#1","uv":[8,6,9,7]},"up":{"texture":"#1","uv":[9,7,8,6]},"west":{"texture":"#1","uv":[8,1,9,2]}},"from":[5,6,9],"rotation":{"angle":0,"axis":"y","origin":[5.5,6.5,9.5]},"to":[6,7,10]},{"faces":{"down":{"texture":"#1","uv":[11,3,10,4]},"east":{"texture":"#1","uv":[8,4,9,5]},"north":{"texture":"#1","uv":[7,8,8,9]},"south":{"texture":"#1","uv":[8,6,9,7]},"up":{"texture":"#1","uv":[4,11,3,10]},"west":{"texture":"#1","uv":[4,8,5,9]}},"from":[5,6,8],"rotation":{"angle":0,"axis":"y","origin":[5.5,6.5,8.5]},"to":[6,7,9]},{"faces":{"down":{"texture":"#1","uv":[4,10,3,11]},"east":{"texture":"#1","uv":[4,8,5,9]},"north":{"texture":"#1","uv":[7,8,8,9]},"south":{"texture":"#1","uv":[8,6,9,7]},"up":{"texture":"#1","uv":[11,4,10,3]},"west":{"texture":"#1","uv":[8,4,9,5]}},"from":[5,6,7],"rotation":{"angle":0,"axis":"y","origin":[5.5,6.5,7.5]},"to":[6,7,8]},{"faces":{"down":{"texture":"#1","uv":[2,8,1,9]},"east":{"texture":"#1","uv":[8,1,9,2]},"north":{"texture":"#1","uv":[2,8,3,9]},"south":{"texture":"#1","uv":[1,8,2,9]},"up":{"texture":"#1","uv":[5,11,4,10]},"west":{"texture":"#1","uv":[8,0,9,1]}},"from":[4,6,6],"rotation":{"angle":0,"axis":"y","origin":[4.5,6.5,6.5]},"to":[5,7,7]},{"faces":{"down":{"texture":"#1","uv":[5,10,4,11]},"east":{"texture":"#1","uv":[8,0,9,1]},"north":{"texture":"#1","uv":[2,8,3,9]},"south":{"texture":"#1","uv":[1,8,2,9]},"up":{"texture":"#1","uv":[2,9,1,8]},"west":{"texture":"#1","uv":[8,1,9,2]}},"from":[4,6,9],"rotation":{"angle":0,"axis":"y","origin":[4.5,6.5,9.5]},"to":[5,7,10]},{"faces":{"down":{"texture":"#1","uv":[6,10,5,11]},"east":{"texture":"#1","uv":[8,4,9,5]},"north":{"texture":"#1","uv":[2,8,3,9]},"south":{"texture":"#1","uv":[1,8,2,9]},"up":{"texture":"#1","uv":[11,5,10,4]},"west":{"texture":"#1","uv":[4,8,5,9]}},"from":[4,6,8],"rotation":{"angle":0,"axis":"y","origin":[4.5,6.5,8.5]},"to":[5,7,9]},{"faces":{"down":{"texture":"#1","uv":[11,4,10,5]},"east":{"texture":"#1","uv":[4,8,5,9]},"north":{"texture":"#1","uv":[2,8,3,9]},"south":{"texture":"#1","uv":[1,8,2,9]},"up":{"texture":"#1","uv":[6,11,5,10]},"west":{"texture":"#1","uv":[8,4,9,5]}},"from":[4,6,7],"rotation":{"angle":0,"axis":"y","origin":[4.5,6.5,7.5]},"to":[5,7,8]},{"faces":{"down":{"texture":"#1","uv":[9,2,8,3]},"east":{"texture":"#1","uv":[2,8,3,9]},"north":{"texture":"#1","uv":[8,0,9,1]},"south":{"texture":"#1","uv":[8,1,9,2]},"up":{"texture":"#1","uv":[4,9,3,8]},"west":{"texture":"#1","uv":[1,8,2,9]}},"from":[9,6,4],"rotation":{"angle":0,"axis":"y","origin":[9.5,6.5,4.5]},"to":[10,7,5]},{"faces":{"down":{"texture":"#1","uv":[9,3,8,4]},"east":{"texture":"#1","uv":[2,8,3,9]},"north":{"texture":"#1","uv":[8,1,9,2]},"south":{"texture":"#1","uv":[8,0,9,1]},"up":{"texture":"#1","uv":[1,4,0,3]},"west":{"texture":"#1","uv":[1,8,2,9]}},"from":[6,6,4],"rotation":{"angle":0,"axis":"y","origin":[6.5,6.5,4.5]},"to":[7,7,5]},{"faces":{"down":{"texture":"#1","uv":[6,8,5,9]},"east":{"texture":"#1","uv":[2,8,3,9]},"north":{"texture":"#1","uv":[4,8,5,9]},"south":{"texture":"#1","uv":[8,4,9,5]},"up":{"texture":"#1","uv":[2,2,1,1]},"west":{"texture":"#1","uv":[1,8,2,9]}},"from":[7,6,4],"rotation":{"angle":0,"axis":"y","origin":[7.5,6.5,4.5]},"to":[8,7,5]},{"faces":{"down":{"texture":"#1","uv":[9,5,8,6]},"east":{"texture":"#1","uv":[2,8,3,9]},"north":{"texture":"#1","uv":[8,4,9,5]},"south":{"texture":"#1","uv":[4,8,5,9]},"up":{"texture":"#1","uv":[7,9,6,8]},"west":{"texture":"#1","uv":[1,8,2,9]}},"from":[8,6,4],"rotation":{"angle":0,"axis":"y","origin":[8.5,6.5,4.5]},"to":[9,7,5]},{"faces":{"down":{"texture":"#1","uv":[9,7,8,8]},"east":{"texture":"#1","uv":[7,8,8,9]},"north":{"texture":"#1","uv":[8,0,9,1]},"south":{"texture":"#1","uv":[8,1,9,2]},"up":{"texture":"#1","uv":[9,9,8,8]},"west":{"texture":"#1","uv":[8,6,9,7]}},"from":[9,6,5],"rotation":{"angle":0,"axis":"y","origin":[9.5,6.5,5.5]},"to":[10,7,6]},{"faces":{"down":{"texture":"#1","uv":[7,10,6,11]},"east":{"texture":"#1","uv":[7,8,8,9]},"north":{"texture":"#1","uv":[8,6,9,7]},"south":{"texture":"#1","uv":[7,8,8,9]},"up":{"texture":"#1","uv":[11,6,10,5]},"west":{"texture":"#1","uv":[8,6,9,7]}},"from":[10,6,5],"rotation":{"angle":0,"axis":"y","origin":[10.5,6.5,5.5]},"to":[11,7,6]},{"faces":{"down":{"texture":"#1","uv":[11,5,10,6]},"east":{"texture":"#1","uv":[8,6,9,7]},"north":{"texture":"#1","uv":[8,6,9,7]},"south":{"texture":"#1","uv":[7,8,8,9]},"up":{"texture":"#1","uv":[7,11,6,10]},"west":{"texture":"#1","uv":[7,8,8,9]}},"from":[10,6,10],"rotation":{"angle":0,"axis":"y","origin":[10.5,6.5,10.5]},"to":[11,7,11]},{"faces":{"down":{"texture":"#1","uv":[1,9,0,10]},"east":{"texture":"#1","uv":[7,8,8,9]},"north":{"texture":"#1","uv":[8,1,9,2]},"south":{"texture":"#1","uv":[8,0,9,1]},"up":{"texture":"#1","uv":[10,1,9,0]},"west":{"texture":"#1","uv":[8,6,9,7]}},"from":[6,6,5],"rotation":{"angle":0,"axis":"y","origin":[6.5,6.5,5.5]},"to":[7,7,6]},{"faces":{"down":{"texture":"#1","uv":[8,10,7,11]},"east":{"texture":"#1","uv":[8,6,9,7]},"north":{"texture":"#1","uv":[7,8,8,9]},"south":{"texture":"#1","uv":[8,6,9,7]},"up":{"texture":"#1","uv":[11,7,10,6]},"west":{"texture":"#1","uv":[7,8,8,9]}},"from":[5,6,10],"rotation":{"angle":0,"axis":"y","origin":[5.5,6.5,10.5]},"to":[6,7,11]},{"faces":{"down":{"texture":"#1","uv":[11,6,10,7]},"east":{"texture":"#1","uv":[7,8,8,9]},"north":{"texture":"#1","uv":[7,8,8,9]},"south":{"texture":"#1","uv":[8,6,9,7]},"up":{"texture":"#1","uv":[8,11,7,10]},"west":{"texture":"#1","uv":[8,6,9,7]}},"from":[5,6,5],"rotation":{"angle":0,"axis":"y","origin":[5.5,6.5,5.5]},"to":[6,7,6]},{"faces":{"down":{"texture":"#1","uv":[2,9,1,10]},"east":{"texture":"#1","uv":[7,8,8,9]},"north":{"texture":"#1","uv":[4,8,5,9]},"south":{"texture":"#1","uv":[8,4,9,5]},"up":{"texture":"#1","uv":[10,2,9,1]},"west":{"texture":"#1","uv":[8,6,9,7]}},"from":[7,6,5],"rotation":{"angle":0,"axis":"y","origin":[7.5,6.5,5.5]},"to":[8,7,6]},{"faces":{"down":{"texture":"#1","uv":[3,9,2,10]},"east":{"texture":"#1","uv":[7,8,8,9]},"north":{"texture":"#1","uv":[8,4,9,5]},"south":{"texture":"#1","uv":[4,8,5,9]},"up":{"texture":"#1","uv":[10,3,9,2]},"west":{"texture":"#1","uv":[8,6,9,7]}},"from":[8,6,5],"rotation":{"angle":0,"axis":"y","origin":[8.5,6.5,5.5]},"to":[9,7,6]},{"faces":{"down":{"texture":"#1","uv":[5,12,4,13]},"east":{"texture":"#1","uv":[1,11,2,13]},"north":{"texture":"#1","uv":[0,11,1,13]},"south":{"texture":"#1","uv":[2,11,3,13]},"up":{"texture":"#1","uv":[5,12,4,11]},"west":{"texture":"#1","uv":[3,11,4,13]}},"from":[4.25,6.5,6.025],"name":"base","rotation":{"angle":22.5,"axis":"z","origin":[4.25,6.5,6.025]},"to":[5.25,8.5,7.025]},{"faces":{"down":{"texture":"#1","uv":[4,13,2,15]},"east":{"texture":"#1","uv":[4,13,6,15]},"north":{"texture":"#1","uv":[3,13,5,15]},"south":{"texture":"#1","uv":[5,13,7,15]},"up":{"texture":"#1","uv":[3,15,1,13]},"west":{"texture":"#1","uv":[0,13,2,15]}},"from":[3,8.25,5.75],"name":"tip","rotation":{"angle":22.5,"axis":"z","origin":[3.75,9,6.5]},"to":[4.5,9.75,7.25]},{"faces":{"down":{"texture":"#1","uv":[5,12,4,13]},"east":{"texture":"#1","uv":[1,11,2,13]},"north":{"texture":"#1","uv":[0,11,1,13]},"south":{"texture":"#1","uv":[2,11,3,13]},"up":{"texture":"#1","uv":[5,12,4,11]},"west":{"texture":"#1","uv":[3,11,4,13]}},"from":[9.79224,6.55709,9.775],"name":"base","rotation":{"angle":0,"axis":"z","origin":[10.28963,8.30761,10.2625]},"to":[10.79224,8.55709,10.775]},{"faces":{"down":{"texture":"#1","uv":[4,13,2,15]},"east":{"texture":"#1","uv":[4,13,6,15]},"north":{"texture":"#1","uv":[3,13,5,15]},"south":{"texture":"#1","uv":[5,13,7,15]},"up":{"texture":"#1","uv":[3,15,1,13]},"west":{"texture":"#1","uv":[0,13,2,15]}},"from":[9.53701,8.30813,9.5],"name":"tip","rotation":{"angle":0,"axis":"z","origin":[10.28963,8.30761,10.2625]},"to":[11.03701,9.80813,11]},{"faces":{"down":{"texture":"#1","uv":[4,11,3,13]},"east":{"texture":"#1","uv":[0,11,2,12]},"north":{"texture":"#1","uv":[4,11,5,12]},"south":{"texture":"#1","uv":[4,12,5,13]},"up":{"texture":"#1","uv":[3,13,2,11]},"west":{"texture":"#1","uv":[0,12,2,13]}},"from":[11.54224,4.82011,2.76302],"name":"base","rotation":{"angle":-22.5,"axis":"y","origin":[12.03963,5.30761,3.0125]},"to":[12.54224,5.82011,4.76302]},{"faces":{"down":{"texture":"#1","uv":[4,13,2,15]},"east":{"texture":"#1","uv":[4,13,6,15]},"north":{"texture":"#1","uv":[3,13,5,15]},"south":{"texture":"#1","uv":[5,13,7,15]},"up":{"texture":"#1","uv":[3,15,1,13]},"west":{"texture":"#1","uv":[0,13,2,15]}},"from":[11.28701,4.54511,1.51198],"name":"tip","rotation":{"angle":-22.5,"axis":"y","origin":[12.03963,5.30761,3.0125]},"to":[12.78701,6.04511,3.01198]},{"faces":{"down":{"texture":"#1","uv":[6,11,4,13]},"east":{"texture":"#1","uv":[4,11,6,13]},"north":{"rotation":270,"texture":"#1","uv":[4,11,6,13]},"south":{"texture":"#1","uv":[4,11,6,13]},"up":{"rotation":180,"texture":"#1","uv":[6,13,4,11]},"west":{"texture":"#1","uv":[4,11,6,13]}},"from":[8,8,7],"rotation":{"angle":0,"axis":"y","origin":[8.5,8.5,7.5]},"to":[9,9,8]},{"faces":{"down":{"texture":"#1","uv":[6,11,4,13]},"east":{"texture":"#1","uv":[4,11,6,13]},"north":{"texture":"#1","uv":[4,11,6,13]},"south":{"texture":"#1","uv":[4,11,6,13]},"up":{"rotation":90,"texture":"#1","uv":[6,13,4,11]},"west":{"rotation":270,"texture":"#1","uv":[4,11,6,13]}},"from":[7,8,7],"rotation":{"angle":0,"axis":"y","origin":[7.5,8.5,7.5]},"to":[8,9,8]},{"faces":{"down":{"texture":"#1","uv":[6,11,4,13]},"east":{"texture":"#1","uv":[4,11,6,13]},"north":{"rotation":90,"texture":"#1","uv":[4,11,6,13]},"south":{"texture":"#1","uv":[4,11,6,13]},"up":{"texture":"#1","uv":[6,13,4,11]},"west":{"rotation":180,"texture":"#1","uv":[4,11,6,13]}},"from":[7,7,7],"rotation":{"angle":0,"axis":"y","origin":[7.5,7.5,7.5]},"to":[8,8,8]},{"faces":{"down":{"texture":"#1","uv":[6,11,4,13]},"east":{"rotation":90,"texture":"#1","uv":[4,11,6,13]},"north":{"rotation":180,"texture":"#1","uv":[4,11,6,13]},"south":{"texture":"#1","uv":[4,11,6,13]},"up":{"texture":"#1","uv":[6,13,4,11]},"west":{"texture":"#1","uv":[4,11,6,13]}},"from":[8,7,7],"rotation":{"angle":0,"axis":"y","origin":[8.5,7.5,7.5]},"to":[9,8,8]},{"faces":{"down":{"texture":"#1","uv":[6,11,4,13]},"east":{"texture":"#1","uv":[4,11,6,13]},"north":{"texture":"#1","uv":[4,11,6,13]},"south":{"rotation":270,"texture":"#1","uv":[4,11,6,13]},"up":{"texture":"#1","uv":[6,13,4,11]},"west":{"texture":"#1","uv":[4,11,6,13]}},"from":[7,8,8],"rotation":{"angle":0,"axis":"y","origin":[7.5,8.5,8.5]},"to":[8,9,9]},{"faces":{"down":{"texture":"#1","uv":[6,11,4,13]},"east":{"rotation":270,"texture":"#1","uv":[4,11,6,13]},"north":{"texture":"#1","uv":[4,11,6,13]},"south":{"texture":"#1","uv":[4,11,6,13]},"up":{"rotation":270,"texture":"#1","uv":[6,13,4,11]},"west":{"texture":"#1","uv":[4,11,6,13]}},"from":[8,8,8],"rotation":{"angle":0,"axis":"y","origin":[8.5,8.5,8.5]},"to":[9,9,9]},{"faces":{"down":{"texture":"#1","uv":[6,11,4,13]},"east":{"rotation":180,"texture":"#1","uv":[4,11,6,13]},"north":{"texture":"#1","uv":[4,11,6,13]},"south":{"rotation":90,"texture":"#1","uv":[4,11,6,13]},"up":{"texture":"#1","uv":[6,13,4,11]},"west":{"texture":"#1","uv":[4,11,6,13]}},"from":[8,7,8],"rotation":{"angle":0,"axis":"y","origin":[8.5,7.5,8.5]},"to":[9,8,9]},{"faces":{"down":{"texture":"#1","uv":[6,11,4,13]},"east":{"texture":"#1","uv":[4,11,6,13]},"north":{"texture":"#1","uv":[4,11,6,13]},"south":{"rotation":180,"texture":"#1","uv":[4,11,6,13]},"up":{"texture":"#1","uv":[6,13,4,11]},"west":{"rotation":90,"texture":"#1","uv":[4,11,6,13]}},"from":[7,7,8],"rotation":{"angle":0,"axis":"y","origin":[7.5,7.5,8.5]},"to":[8,8,9]}],"parent":"carved_pumpkin","textures":{"1":"spooncraftadditions:item/hat/redstone_hat"}}