{"display":{"firstperson_righthand":{"translation":[3,0,0]},"fixed":{"translation":[4,3,4]},"ground":{"scale":[0.5,0.5,0.5],"translation":[0,4,0]},"gui":{"rotation":[30,-30,0],"scale":[0.8,0.8,0.8],"translation":[0,1,0]},"head":{"rotation":[0,30,0],"scale":[1.2,1.2,1.2],"translation":[2.5,15.5,0]},"thirdperson_lefthand":{"rotation":[0,30,0],"scale":[0.75,0.75,0.75],"translation":[-2,2,-1]},"thirdperson_righthand":{"rotation":[0,30,0],"scale":[0.75,0.75,0.75],"translation":[2,2,-1]}},"elements":[{"faces":{"down":{"texture":"#0","uv":[6,9,3,13]},"east":{"texture":"#0","uv":[7,3,11,6]},"north":{"texture":"#0","uv":[11,3,14,6]},"south":{"texture":"#0","uv":[11,6,14,9]},"up":{"texture":"#0","uv":[3,13,0,9]},"west":{"texture":"#0","uv":[7,6,11,9]}},"from":[1,0,7],"rotation":{"angle":0,"axis":"y","origin":[1,0,7]},"to":[7,6,15]},{"faces":{"down":{"texture":"#0","uv":[14,0,7,3]},"east":{"texture":"#0","uv":[6,9,9,12]},"north":{"texture":"#0","uv":[0,0,7,3]},"south":{"texture":"#0","uv":[0,3,7,6]},"up":{"texture":"#0","uv":[7,9,0,6]},"west":{"texture":"#0","uv":[9,9,12,12]}},"from":[1,0,1],"rotation":{"angle":0,"axis":"y","origin":[1,0,1]},"to":[15,6,7]},{"faces":{"down":{"texture":"#0","uv":[15,0,14,1]},"east":{"texture":"#0","uv":[13.5,10,14.5,11]},"north":{"texture":"#0","uv":[5,13,6,14]},"south":{"texture":"#0","uv":[12.5,13.5,13.5,14.5]},"up":{"texture":"#0","uv":[1,15,0,14]},"west":{"texture":"#0","uv":[13.5,13.5,14.5,14.5]}},"from":[3,6,12.5],"name":"chest","rotation":{"angle":0,"axis":"y","origin":[3,6,12.5]},"to":[5,8,14.5]},{"faces":{"down":{"texture":"#0","uv":[15,2.5,14.5,3]},"east":{"texture":"#0","uv":[14,1,14.5,3]},"north":{"texture":"#0","uv":[1,14,1.5,16]},"south":{"texture":"#0","uv":[1.5,14,2,16]},"up":{"texture":"#0","uv":[12.5,12,12,11.5]},"west":{"texture":"#0","uv":[2,14,2.5,16]}},"from":[11.5,6,3.5],"rotation":{"angle":0,"axis":"y","origin":[11.5,6,3.5]},"to":[12.5,10,4.5]},{"faces":{"down":{"texture":"#0","uv":[11,12,8.5,14.5]},"east":{"texture":"#0","uv":[12.5,12.5,15,13.5]},"north":{"texture":"#0","uv":[12.5,11.5,15,12.5]},"south":{"texture":"#0","uv":[0,13,2.5,14]},"up":{"texture":"#0","uv":[8.5,14.5,6,12]},"west":{"texture":"#0","uv":[2.5,13,5,14]}},"from":[9.5,9,1.5],"rotation":{"angle":0,"axis":"y","origin":[9.5,9,1.5]},"to":[14.5,11,6.5]},{"faces":{"down":{"texture":"#0","uv":[12.5,12,11,14.5]},"east":{"texture":"#0","uv":[13.5,9,16,9.5]},"north":{"texture":"#0","uv":[13.5,11,15,11.5]},"south":{"texture":"#0","uv":[2.5,14,4,14.5]},"up":{"texture":"#0","uv":[13.5,11.5,12,9]},"west":{"texture":"#0","uv":[13.5,9.5,16,10]}},"from":[10.5,11,1.5],"rotation":{"angle":0,"axis":"y","origin":[10.5,11,1.5]},"to":[13.5,12,6.5]},{"faces":{"down":{"texture":"#0","uv":[4,14.5,2.5,15]},"east":{"texture":"#0","uv":[14.5,6.5,15,7]},"north":{"texture":"#0","uv":[14.5,1,16,1.5]},"south":{"texture":"#0","uv":[14.5,1.5,16,2]},"up":{"texture":"#0","uv":[16,2.5,14.5,2]},"west":{"texture":"#0","uv":[7,14.5,7.5,15]}},"from":[10.5,12,3.5],"rotation":{"angle":0,"axis":"y","origin":[10.5,12,3.5]},"to":[13.5,13,4.5]},{"faces":{"down":{"texture":"#0","uv":[9,14.5,8.5,15]},"east":{"texture":"#0","uv":[7.5,14.5,8,15]},"north":{"texture":"#0","uv":[14.5,7,15,7.5]},"south":{"texture":"#0","uv":[14.5,7.5,15,8]},"up":{"texture":"#0","uv":[15,8.5,14.5,8]},"west":{"texture":"#0","uv":[8,14.5,8.5,15]}},"from":[11.5,12,4.5],"rotation":{"angle":0,"axis":"y","origin":[11.5,12,4.5]},"to":[12.5,13,5.5]},{"faces":{"down":{"texture":"#0","uv":[11.5,14.5,11,15]},"east":{"texture":"#0","uv":[10,14.5,10.5,15]},"north":{"texture":"#0","uv":[9.5,14.5,10,15]},"south":{"texture":"#0","uv":[14.5,10,15,10.5]},"up":{"texture":"#0","uv":[15,11,14.5,10.5]},"west":{"texture":"#0","uv":[10.5,14.5,11,15]}},"from":[11.5,12,2.5],"rotation":{"angle":0,"axis":"y","origin":[11.5,12,2.5]},"to":[12.5,13,3.5]},{"faces":{"down":{"texture":"#0","uv":[14.5,4,14,5.5]},"east":{"texture":"#0","uv":[14,3,15.5,3.5]},"north":{"texture":"#0","uv":[14.5,5,15,5.5]},"south":{"texture":"#0","uv":[6,14.5,6.5,15]},"up":{"texture":"#0","uv":[4.5,15.5,4,14]},"west":{"texture":"#0","uv":[14,3.5,15.5,4]}},"from":[13.5,11,2.5],"rotation":{"angle":0,"axis":"y","origin":[13.5,11,2.5]},"to":[14.5,12,5.5]},{"faces":{"down":{"texture":"#0","uv":[14.5,7.5,14,9]},"east":{"texture":"#0","uv":[4.5,14,6,14.5]},"north":{"texture":"#0","uv":[14.5,6,15,6.5]},"south":{"texture":"#0","uv":[6.5,14.5,7,15]},"up":{"texture":"#0","uv":[14.5,7.5,14,6]},"west":{"texture":"#0","uv":[14,5.5,15.5,6]}},"from":[9.5,11,2.5],"rotation":{"angle":0,"axis":"y","origin":[9.5,11,2.5]},"to":[10.5,12,5.5]}],"parent":"minecraft:carved_pumpkin","texture_size":[32,32],"textures":{"0":"spooncraftadditions:item/hat/skyblock_hat","particle":"spooncraftadditions:item/hat/skyblock_hat"}}