{"display":{"firstperson_lefthand":{"rotation":[-180,54,-180],"translation":[3.5,5,0]},"firstperson_righthand":{"rotation":[-180,54,-180],"translation":[3.5,5,0]},"fixed":{"translation":[0,3,0]},"ground":{"scale":[0.86,0.86,0.86],"translation":[0,4,0]},"gui":{"rotation":[200,-35.25,180],"scale":[0.9,0.9,0.9],"translation":[0,3.25,0]},"head":{"rotation":[1,4,3],"scale":[1.73,1.73,1.73],"translation":[-0.5,18,0]},"thirdperson_lefthand":{"translation":[0,7.75,0]},"thirdperson_righthand":{"translation":[0,7.75,0]}},"elements":[{"faces":{"down":{"texture":"#1","uv":[0.5,9,7.5,9.5]},"east":{"texture":"#1","uv":[0.5,0.5,7.5,9]},"north":{"texture":"#1","uv":[7.5,0.5,8,9]},"south":{"texture":"#1","uv":[0,0.5,0.5,9]},"up":{"texture":"#1","uv":[0.5,0,7.5,0.5]},"west":{"texture":"#1","uv":[0.5,0.5,7.5,9]}},"from":[12,0.5,4.5],"rotation":{"angle":0,"axis":"y","origin":[12.25,4.75,8]},"to":[12.5,9,11.5]},{"faces":{"down":{"texture":"#1","uv":[0.5,9,7.5,9.5]},"east":{"texture":"#1","uv":[7.5,0.5,8,9]},"north":{"texture":"#1","uv":[0.5,0.5,7.5,9]},"south":{"texture":"#1","uv":[0.5,0.5,7.5,9]},"up":{"texture":"#1","uv":[0.5,0,7.5,0.5]},"west":{"texture":"#1","uv":[0,0.5,0.5,9]}},"from":[4.5,0.5,12],"rotation":{"angle":0,"axis":"y","origin":[8,4.75,12.25]},"to":[11.5,9,12.5]},{"faces":{"down":{"texture":"#1","uv":[8.5,0.5,15.5,7.5]},"east":{"rotation":270,"texture":"#1","uv":[15.5,0.5,16,7.5]},"north":{"texture":"#1","uv":[8.5,0,15.5,0.5]},"south":{"texture":"#1","uv":[8.5,7.5,15.5,8]},"up":{"texture":"#1","uv":[8.5,0.5,15.5,7.5]},"west":{"rotation":270,"texture":"#1","uv":[8,0.5,8.5,7.5]}},"from":[4.5,9.5,4.5],"rotation":{"angle":0,"axis":"y","origin":[7.875,9.75,8]},"to":[11.5,10,11.5]},{"faces":{"down":{"texture":"#1","uv":[8,0,16,8]},"east":{"texture":"#1","uv":[0,0,8,9]},"north":{"texture":"#1","uv":[0,0,8,9]},"south":{"texture":"#1","uv":[0,0,8,9]},"up":{"texture":"#1","uv":[8,0,16,8]},"west":{"texture":"#1","uv":[0,0,8,9]}},"from":[4,0.5,4],"rotation":{"angle":0,"axis":"y","origin":[8,5,8]},"to":[12,9.5,12]},{"faces":{"down":{"texture":"#1","uv":[0.5,9,7.5,9.5]},"east":{"texture":"#1","uv":[0,0.5,0.5,9]},"north":{"texture":"#1","uv":[0.5,0.5,7.5,9]},"south":{"texture":"#1","uv":[0.5,0.5,7.5,9]},"up":{"texture":"#1","uv":[0.5,0,7.5,0.5]},"west":{"texture":"#1","uv":[7.5,0.5,8,9]}},"from":[4.5,0.5,3.5],"rotation":{"angle":0,"axis":"y","origin":[8,4.75,3.75]},"to":[11.5,9,4]},{"faces":{"down":{"texture":"#1","uv":[0.5,9,7.5,9.5]},"east":{"texture":"#1","uv":[0.5,0.5,7.5,9]},"north":{"texture":"#1","uv":[0,0.5,0.5,9]},"south":{"texture":"#1","uv":[7.5,0.5,8,9]},"up":{"texture":"#1","uv":[0.5,0,7.5,0.5]},"west":{"texture":"#1","uv":[0.5,0.5,7.5,9]}},"from":[3.5,0.5,4.5],"rotation":{"angle":0,"axis":"y","origin":[3.75,4.75,8]},"to":[4,9,11.5]},{"faces":{"east":{"texture":"#6","uv":[1,0,15,4]},"north":{"texture":"#6","uv":[1,0,15,4]},"south":{"texture":"#6","uv":[1,0,15,4]},"west":{"texture":"#6","uv":[1,0,15,4]}},"from":[4.4999,2.5,3.4994],"rotation":{"angle":0,"axis":"y","origin":[8,3.5,8]},"to":[11.5001,4.5,12.5002]},{"faces":{"east":{"texture":"#6","uv":[1,0,15,4]},"north":{"texture":"#6","uv":[1,0,15,4]},"south":{"texture":"#6","uv":[2,0,14,0]},"west":{"texture":"#6","uv":[1,0,15,4]}},"from":[3.4999,2.5,4.4999],"rotation":{"angle":0,"axis":"y","origin":[8,3.5,8]},"to":[12.5001,4.5,11.5001]},{"faces":{"down":{"texture":"#0","uv":[15,4,16,12]},"east":{"rotation":270,"texture":"#0","uv":[15.5,4,16,12]},"north":{"texture":"#0","uv":[15,11.5,16,12]},"south":{"texture":"#0","uv":[15,4,16,4.5]},"up":{"texture":"#0","uv":[15,4,16,12]},"west":{"rotation":270,"texture":"#0","uv":[15,4,15.5,12]}},"from":[0.38261,0.66463,4],"rotation":{"angle":-45,"axis":"z","origin":[0.88261,0.91463,8]},"to":[1.38261,1.16463,12]},{"faces":{"down":{"texture":"#0","uv":[14,2,15,14]},"east":{"rotation":270,"texture":"#0","uv":[14.5,2,15,14]},"north":{"texture":"#0","uv":[14,13.5,15,14]},"south":{"texture":"#0","uv":[14,2,15,2.5]},"up":{"texture":"#0","uv":[14,2,15,14]},"west":{"rotation":270,"texture":"#0","uv":[14,2,14.5,14]}},"from":[1.125,0.175,2],"rotation":{"angle":-22.5,"axis":"z","origin":[1.625,0.425,8]},"to":[2.125,0.675,14]},{"faces":{"down":{"texture":"#0","uv":[4,15,12,16]},"east":{"rotation":270,"texture":"#0","uv":[11.5,15,12,16]},"north":{"texture":"#0","uv":[4,15.5,12,16]},"south":{"texture":"#0","uv":[4,15.5,12,16]},"up":{"texture":"#0","uv":[4,15,12,16]},"west":{"rotation":270,"texture":"#0","uv":[4,15,4.5,16]}},"from":[4,0.655,0.43485],"rotation":{"angle":45,"axis":"x","origin":[8,0.905,0.93485]},"to":[12,1.155,1.43485]},{"faces":{"down":{"texture":"#0","uv":[2,14,14,15]},"east":{"rotation":270,"texture":"#0","uv":[13.5,14,14,15]},"north":{"texture":"#0","uv":[2,14.5,14,15]},"south":{"texture":"#0","uv":[2,14,14,14.5]},"up":{"texture":"#0","uv":[2,14,14,15]},"west":{"rotation":270,"texture":"#0","uv":[2,14,2.5,15]}},"from":[2,0.175,1.15],"rotation":{"angle":22.5,"axis":"x","origin":[8,0.425,1.65]},"to":[14,0.675,2.15]},{"faces":{"down":{"texture":"#0","uv":[2,1,14,2]},"east":{"rotation":270,"texture":"#0","uv":[13.5,1,14,2]},"north":{"texture":"#0","uv":[2,1.5,14,2]},"south":{"texture":"#0","uv":[2,1,14,1.5]},"up":{"texture":"#0","uv":[2,1,14,2]},"west":{"rotation":270,"texture":"#0","uv":[2,1,2.5,2]}},"from":[2,0.175,13.85],"rotation":{"angle":-22.5,"axis":"x","origin":[8,0.425,14.35]},"to":[14,0.675,14.85]},{"faces":{"down":{"texture":"#0","uv":[4,0,12,1]},"east":{"rotation":270,"texture":"#0","uv":[11.5,0,12,1]},"north":{"texture":"#0","uv":[4,0.5,12,1]},"south":{"texture":"#0","uv":[4,0.5,12,1]},"up":{"texture":"#0","uv":[4,0,12,1]},"west":{"rotation":270,"texture":"#0","uv":[4,0,4.5,1]}},"from":[4,0.65694,14.56851],"rotation":{"angle":-45,"axis":"x","origin":[8,0.90694,15.06851]},"to":[12,1.15694,15.56851]},{"faces":{"down":{"texture":"#0","uv":[1,2,2,14]},"east":{"rotation":270,"texture":"#0","uv":[1.5,2,2,14]},"north":{"texture":"#0","uv":[1,13.5,2,14]},"south":{"texture":"#0","uv":[1,2,2,2.5]},"up":{"texture":"#0","uv":[1,2,2,14]},"west":{"rotation":270,"texture":"#0","uv":[1,2,1.5,14]}},"from":[13.85,0.175,2],"rotation":{"angle":22.5,"axis":"z","origin":[14.35,0.425,8]},"to":[14.85,0.675,14]},{"faces":{"down":{"texture":"#0","uv":[0,4,1,12]},"east":{"rotation":270,"texture":"#0","uv":[0.5,4,1,12]},"north":{"texture":"#0","uv":[0,11.5,1,12]},"south":{"texture":"#0","uv":[0,4,1,4.5]},"up":{"texture":"#0","uv":[0,4,1,12]},"west":{"rotation":270,"texture":"#0","uv":[0,4,0.5,12]}},"from":[14.51627,0.64731,4],"rotation":{"angle":45,"axis":"z","origin":[15.01627,0.89731,8]},"to":[15.51627,1.14731,12]},{"faces":{"down":{"cullface":"down","texture":"#0","uv":[2,2,14,14]},"east":{"rotation":270,"texture":"#0","uv":[13.5,2,14,14]},"north":{"texture":"#0","uv":[2,2,14,2.5]},"south":{"texture":"#0","uv":[2,13.5,14,14]},"up":{"texture":"#0","uv":[2,2,14,14]},"west":{"rotation":270,"texture":"#0","uv":[2,2,2.5,14]}},"from":[2,0,2],"rotation":{"angle":0,"axis":"y","origin":[8,0.25,8]},"to":[14,0.5,14]},{"faces":{"north":{"rotation":270,"texture":"#5","uv":[1,4.5,15,11.5]}},"from":[6,3,3.4998],"rotation":{"angle":22.5,"axis":"z","origin":[7,5,3.4999]},"to":[8,7,3.4998]},{"faces":{"north":{"rotation":270,"texture":"#2","uv":[1,4.5,15,11.5]}},"from":[7,3.475,3.4996],"rotation":{"angle":0,"axis":"y","origin":[8,5.475,3.4998]},"to":[9,7.475,3.4996]},{"faces":{"north":{"rotation":270,"texture":"#4","uv":[1,4.5,15,11.5]}},"from":[8,2.975,3.4998],"rotation":{"angle":-22.5,"axis":"z","origin":[9,4.975,3.4998]},"to":[10,6.975,3.4998]},{"faces":{"north":{"texture":"#3","uv":[1,4.5,15,11.5]}},"from":[6,2.5,3.4992],"rotation":{"angle":0,"axis":"y","origin":[8,3.5,3.4998]},"to":[10,4.5,3.4992]}],"parent":"carved_pumpkin","textures":{"0":"spooncraftadditions:item/hat/baltop_hat/brim","1":"spooncraftadditions:item/hat/baltop_hat/top","2":"spooncraftadditions:item/hat/baltop_hat/bank_note_1k","3":"spooncraftadditions:item/hat/baltop_hat/bank_note_1m","4":"spooncraftadditions:item/hat/baltop_hat/bank_note_10k","5":"spooncraftadditions:item/hat/baltop_hat/bank_note_100k","6":"spooncraftadditions:item/hat/baltop_hat/stripe"}}