{"display":{"head":{"rotation":[0,90,0],"scale":[2,2,2],"translation":[0,15,0]}},"elements":[{"faces":{"down":{"texture":"#0","uv":[4,0,2,1]},"east":{"texture":"#0","uv":[6,0,7,1]},"north":{"texture":"#0","uv":[0,0,2,1]},"south":{"texture":"#0","uv":[0,1,2,2]},"up":{"texture":"#0","uv":[2,3,0,2]},"west":{"texture":"#0","uv":[6,1,7,2]}},"from":[4,0,0],"rotation":{"angle":0,"axis":"y","origin":[5,0,0]},"to":[12,4,4]},{"faces":{"down":{"texture":"#0","uv":[8.5,2.75,7.75,3.5]},"east":{"texture":"#0","uv":[1,7,1.75,8]},"north":{"texture":"#0","uv":[7,0,7.75,1]},"south":{"texture":"#0","uv":[7,1,7.75,2]},"up":{"texture":"#0","uv":[8.5,2.75,7.75,2]},"west":{"texture":"#0","uv":[1.75,7,2.5,8]}},"from":[12,0,1],"rotation":{"angle":0,"axis":"y","origin":[13,0,1]},"to":[15,4,4]},{"faces":{"down":{"texture":"#0","uv":[8.5,4.25,7.75,5]},"east":{"texture":"#0","uv":[2.5,7,3.25,8]},"north":{"texture":"#0","uv":[7,2,7.75,3]},"south":{"texture":"#0","uv":[7,3,7.75,4]},"up":{"texture":"#0","uv":[8.5,4.25,7.75,3.5]},"west":{"texture":"#0","uv":[3.25,7,4,8]}},"from":[1,0,1],"rotation":{"angle":0,"axis":"y","origin":[2,0,1]},"to":[4,4,4]},{"faces":{"down":{"texture":"#0","uv":[8.5,5.75,7.75,6.5]},"east":{"texture":"#0","uv":[7,4,7.75,5]},"north":{"texture":"#0","uv":[4,7,4.75,8]},"south":{"texture":"#0","uv":[4.75,7,5.5,8]},"up":{"texture":"#0","uv":[8.5,5.75,7.75,5]},"west":{"texture":"#0","uv":[7,5,7.75,6]}},"from":[1,0,12],"rotation":{"angle":0,"axis":"y","origin":[2,0,12]},"to":[4,4,15]},{"faces":{"down":{"texture":"#0","uv":[8.5,7.25,7.75,8]},"east":{"texture":"#0","uv":[7,6,7.75,7]},"north":{"texture":"#0","uv":[5.5,7,6.25,8]},"south":{"texture":"#0","uv":[6.25,7,7,8]},"up":{"texture":"#0","uv":[8.5,7.25,7.75,6.5]},"west":{"texture":"#0","uv":[7,7,7.75,8]}},"from":[12,0,12],"rotation":{"angle":0,"axis":"y","origin":[13,0,12]},"to":[15,4,15]},{"faces":{"down":{"texture":"#0","uv":[6,8,5.75,8.25]},"east":{"texture":"#0","uv":[2.25,8,2.5,9]},"north":{"texture":"#0","uv":[2,8,2.25,9]},"south":{"texture":"#0","uv":[2.5,8,2.75,9]},"up":{"texture":"#0","uv":[5.75,8.25,5.5,8]},"west":{"texture":"#0","uv":[2.75,8,3,9]}},"from":[11,0,11],"rotation":{"angle":0,"axis":"y","origin":[12,0,11]},"to":[12,4,12]},{"faces":{"down":{"texture":"#0","uv":[5.5,8,5.25,8.25]},"east":{"texture":"#0","uv":[0.25,8,0.5,9]},"north":{"texture":"#0","uv":[0,8,0.25,9]},"south":{"texture":"#0","uv":[0.5,8,0.75,9]},"up":{"texture":"#0","uv":[5.25,8.25,5,8]},"west":{"texture":"#0","uv":[0.75,8,1,9]}},"from":[11,0,4],"rotation":{"angle":0,"axis":"y","origin":[12,0,4]},"to":[12,4,5]},{"faces":{"down":{"texture":"#0","uv":[6.5,8,6.25,8.25]},"east":{"texture":"#0","uv":[3.25,8,3.5,9]},"north":{"texture":"#0","uv":[3,8,3.25,9]},"south":{"texture":"#0","uv":[3.5,8,3.75,9]},"up":{"texture":"#0","uv":[6.25,8.25,6,8]},"west":{"texture":"#0","uv":[3.75,8,4,9]}},"from":[4,0,11],"rotation":{"angle":0,"axis":"y","origin":[5,0,11]},"to":[5,4,12]},{"faces":{"down":{"texture":"#0","uv":[7,8,6.75,8.25]},"east":{"texture":"#0","uv":[4.25,8,4.5,9]},"north":{"texture":"#0","uv":[4,8,4.25,9]},"south":{"texture":"#0","uv":[4.5,8,4.75,9]},"up":{"texture":"#0","uv":[6.75,8.25,6.5,8]},"west":{"texture":"#0","uv":[4.75,8,5,9]}},"from":[4,0,4],"rotation":{"angle":0,"axis":"y","origin":[5,0,4]},"to":[5,4,5]},{"faces":{"down":{"texture":"#0","uv":[4,3,2,4]},"east":{"texture":"#0","uv":[2,6,3,7]},"north":{"texture":"#0","uv":[2,1,4,2]},"south":{"texture":"#0","uv":[2,2,4,3]},"up":{"texture":"#0","uv":[2,4,0,3]},"west":{"texture":"#0","uv":[6,2,7,3]}},"from":[4,0,12],"rotation":{"angle":0,"axis":"y","origin":[5,0,12]},"to":[12,4,16]},{"faces":{"down":{"texture":"#0","uv":[3,4,2,6]},"east":{"texture":"#0","uv":[0,4,2,5]},"north":{"texture":"#0","uv":[6,3,7,4]},"south":{"texture":"#0","uv":[6,4,7,5]},"up":{"texture":"#0","uv":[5,3,4,1]},"west":{"texture":"#0","uv":[4,0,6,1]}},"from":[0,0,4],"rotation":{"angle":0,"axis":"y","origin":[0,0,19]},"to":[4,4,12]},{"faces":{"down":{"texture":"#0","uv":[2,5,1,7]},"east":{"texture":"#0","uv":[3,4,5,5]},"north":{"texture":"#0","uv":[5,6,6,7]},"south":{"texture":"#0","uv":[6,5,7,6]},"up":{"texture":"#0","uv":[1,7,0,5]},"west":{"texture":"#0","uv":[4,3,6,4]}},"from":[12,0,4],"rotation":{"angle":0,"axis":"y","origin":[12,0,19]},"to":[16,4,12]},{"faces":{"down":{"texture":"#0","uv":[1,7,0,8]},"east":{"texture":"#0","uv":[3,5,4,7]},"north":{"texture":"#0","uv":[5,1,6,3]},"south":{"texture":"#0","uv":[4,5,5,7]},"up":{"texture":"#0","uv":[7,7,6,6]},"west":{"texture":"#0","uv":[5,4,6,6]}},"from":[9.3,4.5,6],"rotation":{"angle":-22.5,"axis":"z","origin":[9.25,-2.5,6]},"to":[13.3,12.5,10]},{"faces":{"down":{"texture":"#0","uv":[9,1.5,7.75,2]},"east":{"texture":"#0","uv":[1,8,1.5,8.5]},"north":{"texture":"#0","uv":[7.75,0,9,0.5]},"south":{"texture":"#0","uv":[7.75,0.5,9,1]},"up":{"texture":"#0","uv":[9,1.5,7.75,1]},"west":{"texture":"#0","uv":[1.5,8,2,8.5]}},"from":[12.3,7.5,7],"rotation":{"angle":-22.5,"axis":"z","origin":[12.25,0.5,7]},"to":[17.3,9.5,9]}],"texture_size":[64,64],"textures":{"0":"spooncraftadditions:item/hat/duck","particle":"spooncraftadditions:item/hat/duck"}}