{"display":{"firstperson_lefthand":{"rotation":[-8,0,0],"translation":[5.5,6.5,1.5]},"firstperson_righthand":{"rotation":[-8,0,0],"translation":[5.5,6.5,1.5]},"ground":{"translation":[0,4.5,0]},"gui":{"rotation":[10,45,0],"translation":[0,2,0]},"head":{"rotation":[1.95,-2.41,-3.07],"scale":[1.38,1.38,1.38],"translation":[0.5,13.25,0.25]},"thirdperson_lefthand":{"rotation":[53,0,0],"translation":[0,6.5,1.5]},"thirdperson_righthand":{"rotation":[53,0,0],"translation":[0,6.5,1.5]}},"elements":[{"faces":{"down":{"texture":"#1","uv":[9,3,10,4]},"east":{"texture":"#1","uv":[9,3,10,4]},"north":{"texture":"#1","uv":[9,3,10,4]},"south":{"texture":"#1","uv":[9,3,10,4]},"up":{"texture":"#1","uv":[9,3,10,4]},"west":{"texture":"#1","uv":[9,3,10,4]}},"from":[8,1,2],"rotation":{"angle":0,"axis":"y","origin":[8.5,1.5,2.5]},"to":[9,2,3]},{"faces":{"down":{"texture":"#1","uv":[8,3,9,4]},"east":{"texture":"#1","uv":[8,3,9,4]},"north":{"texture":"#1","uv":[8,3,9,4]},"south":{"texture":"#1","uv":[8,3,9,4]},"up":{"texture":"#1","uv":[8,3,9,4]},"west":{"texture":"#1","uv":[8,3,9,4]}},"from":[9,1,2],"rotation":{"angle":0,"axis":"y","origin":[9.5,1.5,2.5]},"to":[10,2,3]},{"faces":{"down":{"texture":"#1","uv":[7,3,8,4]},"east":{"texture":"#1","uv":[7,3,8,4]},"north":{"texture":"#1","uv":[7,3,8,4]},"south":{"texture":"#1","uv":[7,3,8,4]},"up":{"texture":"#1","uv":[7,3,8,4]},"west":{"texture":"#1","uv":[7,3,8,4]}},"from":[10,1,3],"rotation":{"angle":0,"axis":"y","origin":[10.5,1.5,3.5]},"to":[11,2,4]},{"faces":{"down":{"texture":"#1","uv":[7,4,8,5]},"east":{"texture":"#1","uv":[7,4,8,5]},"north":{"texture":"#1","uv":[7,4,8,5]},"south":{"texture":"#1","uv":[7,4,8,5]},"up":{"texture":"#1","uv":[7,4,8,5]},"west":{"texture":"#1","uv":[7,4,8,5]}},"from":[10,0,3],"rotation":{"angle":0,"axis":"y","origin":[10.5,0.5,3.5]},"to":[11,1,4]},{"faces":{"down":{"texture":"#1","uv":[15,3,16,4]},"east":{"texture":"#1","uv":[15,3,16,4]},"north":{"texture":"#1","uv":[15,3,16,4]},"south":{"texture":"#1","uv":[15,3,16,4]},"up":{"texture":"#1","uv":[15,3,16,4]},"west":{"texture":"#1","uv":[15,3,16,4]}},"from":[3,1,5],"rotation":{"angle":0,"axis":"y","origin":[3.5,1.5,5.5]},"to":[4,2,6]},{"faces":{"down":{"texture":"#1","uv":[0,3,1,4]},"east":{"texture":"#1","uv":[0,3,1,4]},"north":{"texture":"#1","uv":[0,3,1,4]},"south":{"texture":"#1","uv":[0,3,1,4]},"up":{"texture":"#1","uv":[0,3,1,4]},"west":{"texture":"#1","uv":[0,3,1,4]}},"from":[2,1,6],"rotation":{"angle":0,"axis":"y","origin":[2.5,1.5,6.5]},"to":[3,2,7]},{"faces":{"down":{"texture":"#1","uv":[0,4,1,5]},"east":{"texture":"#1","uv":[0,4,1,5]},"north":{"texture":"#1","uv":[0,4,1,5]},"south":{"texture":"#1","uv":[0,4,1,5]},"up":{"texture":"#1","uv":[0,4,1,5]},"west":{"texture":"#1","uv":[0,4,1,5]}},"from":[2,0,6],"rotation":{"angle":0,"axis":"y","origin":[2.5,0.5,6.5]},"to":[3,1,7]},{"faces":{"down":{"texture":"#1","uv":[5,3,6,4]},"east":{"texture":"#1","uv":[5,3,6,4]},"north":{"texture":"#1","uv":[5,3,6,4]},"south":{"texture":"#1","uv":[5,3,6,4]},"up":{"texture":"#1","uv":[5,3,6,4]},"west":{"texture":"#1","uv":[5,3,6,4]}},"from":[3,1,11],"rotation":{"angle":0,"axis":"y","origin":[3.5,1.5,11.5]},"to":[4,2,12]},{"faces":{"down":{"texture":"#1","uv":[6,3,7,4]},"east":{"texture":"#1","uv":[6,3,7,4]},"north":{"texture":"#1","uv":[6,3,7,4]},"south":{"texture":"#1","uv":[6,3,7,4]},"up":{"texture":"#1","uv":[6,3,7,4]},"west":{"texture":"#1","uv":[6,3,7,4]}},"from":[4,1,12],"rotation":{"angle":0,"axis":"y","origin":[4.5,1.5,12.5]},"to":[5,2,13]},{"faces":{"down":{"texture":"#1","uv":[6,4,7,5]},"east":{"texture":"#1","uv":[6,4,7,5]},"north":{"texture":"#1","uv":[6,4,7,5]},"south":{"texture":"#1","uv":[6,4,7,5]},"up":{"texture":"#1","uv":[6,4,7,5]},"west":{"texture":"#1","uv":[6,4,7,5]}},"from":[4,0,12],"rotation":{"angle":0,"axis":"y","origin":[4.5,0.5,12.5]},"to":[5,1,13]},{"faces":{"down":{"texture":"#1","uv":[7,3,8,4]},"east":{"texture":"#1","uv":[7,3,8,4]},"north":{"texture":"#1","uv":[7,3,8,4]},"south":{"texture":"#1","uv":[7,3,8,4]},"up":{"texture":"#1","uv":[7,3,8,4]},"west":{"texture":"#1","uv":[7,3,8,4]}},"from":[5,1,12],"rotation":{"angle":0,"axis":"y","origin":[5.5,1.5,12.5]},"to":[6,2,13]},{"faces":{"down":{"texture":"#1","uv":[8,3,9,4]},"east":{"texture":"#1","uv":[8,3,9,4]},"north":{"texture":"#1","uv":[8,3,9,4]},"south":{"texture":"#1","uv":[8,3,9,4]},"up":{"texture":"#1","uv":[8,3,9,4]},"west":{"texture":"#1","uv":[8,3,9,4]}},"from":[6,1,13],"rotation":{"angle":0,"axis":"y","origin":[6.5,1.5,13.5]},"to":[7,2,14]},{"faces":{"down":{"texture":"#1","uv":[12,3,13,4]},"east":{"texture":"#1","uv":[12,3,13,4]},"north":{"texture":"#1","uv":[12,3,13,4]},"south":{"texture":"#1","uv":[12,3,13,4]},"up":{"texture":"#1","uv":[12,3,13,4]},"west":{"texture":"#1","uv":[12,3,13,4]}},"from":[10,1,12],"rotation":{"angle":0,"axis":"y","origin":[10.5,1.5,12.5]},"to":[11,2,13]},{"faces":{"down":{"texture":"#1","uv":[13,3,14,4]},"east":{"texture":"#1","uv":[13,3,14,4]},"north":{"texture":"#1","uv":[13,3,14,4]},"south":{"texture":"#1","uv":[13,3,14,4]},"up":{"texture":"#1","uv":[13,3,14,4]},"west":{"texture":"#1","uv":[13,3,14,4]}},"from":[11,1,12],"rotation":{"angle":0,"axis":"y","origin":[11.5,1.5,12.5]},"to":[12,2,13]},{"faces":{"down":{"texture":"#1","uv":[13,4,14,5]},"east":{"texture":"#1","uv":[13,4,14,5]},"north":{"texture":"#1","uv":[13,4,14,5]},"south":{"texture":"#1","uv":[13,4,14,5]},"up":{"texture":"#1","uv":[13,4,14,5]},"west":{"texture":"#1","uv":[13,4,14,5]}},"from":[11,0,12],"rotation":{"angle":0,"axis":"y","origin":[11.5,0.5,12.5]},"to":[12,1,13]},{"faces":{"down":{"texture":"#1","uv":[14,3,15,4]},"east":{"texture":"#1","uv":[14,3,15,4]},"north":{"texture":"#1","uv":[14,3,15,4]},"south":{"texture":"#1","uv":[14,3,15,4]},"up":{"texture":"#1","uv":[14,3,15,4]},"west":{"texture":"#1","uv":[14,3,15,4]}},"from":[12,1,11],"rotation":{"angle":0,"axis":"y","origin":[12.5,1.5,11.5]},"to":[13,2,12]},{"faces":{"down":{"texture":"#1","uv":[3,3,4,4]},"east":{"texture":"#1","uv":[3,3,4,4]},"north":{"texture":"#1","uv":[3,3,4,4]},"south":{"texture":"#1","uv":[3,3,4,4]},"up":{"texture":"#1","uv":[3,3,4,4]},"west":{"texture":"#1","uv":[3,3,4,4]}},"from":[13,1,6],"rotation":{"angle":0,"axis":"y","origin":[13.5,1.5,6.5]},"to":[14,2,7]},{"faces":{"down":{"texture":"#1","uv":[4,3,5,4]},"east":{"texture":"#1","uv":[4,3,5,4]},"north":{"texture":"#1","uv":[4,3,5,4]},"south":{"texture":"#1","uv":[4,3,5,4]},"up":{"texture":"#1","uv":[4,3,5,4]},"west":{"texture":"#1","uv":[4,3,5,4]}},"from":[12,1,5],"rotation":{"angle":0,"axis":"y","origin":[12.5,1.5,5.5]},"to":[13,2,6]},{"faces":{"down":{"texture":"#1","uv":[4,4,5,5]},"east":{"texture":"#1","uv":[4,4,5,5]},"north":{"texture":"#1","uv":[4,4,5,5]},"south":{"texture":"#1","uv":[4,4,5,5]},"up":{"texture":"#1","uv":[4,4,5,5]},"west":{"texture":"#1","uv":[4,4,5,5]}},"from":[12,0,5],"rotation":{"angle":0,"axis":"y","origin":[12.5,0.5,5.5]},"to":[13,1,6]},{"faces":{"down":{"texture":"#1","uv":[14,2,15,3]},"east":{"texture":"#1","uv":[14,2,15,3]},"north":{"texture":"#1","uv":[14,2,15,3]},"south":{"texture":"#1","uv":[14,2,15,3]},"up":{"texture":"#1","uv":[14,2,15,3]},"west":{"texture":"#1","uv":[14,2,15,3]}},"from":[12,2,11],"rotation":{"angle":0,"axis":"y","origin":[12.5,2.5,11.5]},"to":[13,3,12]},{"faces":{"down":{"texture":"#1","uv":[5,2,6,3]},"east":{"texture":"#1","uv":[5,2,6,3]},"north":{"texture":"#1","uv":[5,2,6,3]},"south":{"texture":"#1","uv":[5,2,6,3]},"up":{"texture":"#1","uv":[5,2,6,3]},"west":{"texture":"#1","uv":[5,2,6,3]}},"from":[3,2,11],"rotation":{"angle":0,"axis":"y","origin":[3.5,2.5,11.5]},"to":[4,3,12]},{"faces":{"down":{"texture":"#1","uv":[15,2,16,3]},"east":{"texture":"#1","uv":[15,2,16,3]},"north":{"texture":"#1","uv":[15,2,16,3]},"south":{"texture":"#1","uv":[15,2,16,3]},"up":{"texture":"#1","uv":[15,2,16,3]},"west":{"texture":"#1","uv":[15,2,16,3]}},"from":[12,2,10],"rotation":{"angle":0,"axis":"y","origin":[12.5,2.5,10.5]},"to":[13,3,11]},{"faces":{"down":{"texture":"#1","uv":[6,2,7,3]},"east":{"texture":"#1","uv":[6,2,7,3]},"north":{"texture":"#1","uv":[6,2,7,3]},"south":{"texture":"#1","uv":[6,2,7,3]},"up":{"texture":"#1","uv":[6,2,7,3]},"west":{"texture":"#1","uv":[6,2,7,3]}},"from":[4,2,12],"rotation":{"angle":0,"axis":"y","origin":[4.5,2.5,12.5]},"to":[5,3,13]},{"faces":{"down":{"texture":"#1","uv":[4,2,5,3]},"east":{"texture":"#1","uv":[4,2,5,3]},"north":{"texture":"#1","uv":[4,2,5,3]},"south":{"texture":"#1","uv":[4,2,5,3]},"up":{"texture":"#1","uv":[4,2,5,3]},"west":{"texture":"#1","uv":[4,2,5,3]}},"from":[3,2,10],"rotation":{"angle":0,"axis":"y","origin":[3.5,2.5,10.5]},"to":[4,3,11]},{"faces":{"down":{"texture":"#1","uv":[13,2,14,3]},"east":{"texture":"#1","uv":[13,2,14,3]},"north":{"texture":"#1","uv":[13,2,14,3]},"south":{"texture":"#1","uv":[13,2,14,3]},"up":{"texture":"#1","uv":[13,2,14,3]},"west":{"texture":"#1","uv":[13,2,14,3]}},"from":[11,2,12],"rotation":{"angle":0,"axis":"y","origin":[11.5,2.5,12.5]},"to":[12,3,13]},{"faces":{"down":{"texture":"#1","uv":[11,2,12,3]},"east":{"texture":"#1","uv":[11,2,12,3]},"north":{"texture":"#1","uv":[11,2,12,3]},"south":{"texture":"#1","uv":[11,2,12,3]},"up":{"texture":"#1","uv":[11,2,12,3]},"west":{"texture":"#1","uv":[11,2,12,3]}},"from":[9,2,13],"rotation":{"angle":0,"axis":"y","origin":[9.5,2.5,13.5]},"to":[10,3,14]},{"faces":{"down":{"texture":"#1","uv":[10,2,11,3]},"east":{"texture":"#1","uv":[10,2,11,3]},"north":{"texture":"#1","uv":[10,2,11,3]},"south":{"texture":"#1","uv":[10,2,11,3]},"up":{"texture":"#1","uv":[10,2,11,3]},"west":{"texture":"#1","uv":[10,2,11,3]}},"from":[8,2,13],"rotation":{"angle":0,"axis":"y","origin":[8.5,2.5,13.5]},"to":[9,3,14]},{"faces":{"down":{"texture":"#1","uv":[9,2,10,3]},"east":{"texture":"#1","uv":[9,2,10,3]},"north":{"texture":"#1","uv":[9,2,10,3]},"south":{"texture":"#1","uv":[9,2,10,3]},"up":{"texture":"#1","uv":[9,2,10,3]},"west":{"texture":"#1","uv":[9,2,10,3]}},"from":[7,2,13],"rotation":{"angle":0,"axis":"y","origin":[7.5,2.5,13.5]},"to":[8,3,14]},{"faces":{"down":{"texture":"#1","uv":[8,2,9,3]},"east":{"texture":"#1","uv":[8,2,9,3]},"north":{"texture":"#1","uv":[8,2,9,3]},"south":{"texture":"#1","uv":[8,2,9,3]},"up":{"texture":"#1","uv":[8,2,9,3]},"west":{"texture":"#1","uv":[8,2,9,3]}},"from":[6,2,13],"rotation":{"angle":0,"axis":"y","origin":[6.5,2.5,13.5]},"to":[7,3,14]},{"faces":{"down":{"texture":"#1","uv":[7,2,8,3]},"east":{"texture":"#1","uv":[7,2,8,3]},"north":{"texture":"#1","uv":[7,2,8,3]},"south":{"texture":"#1","uv":[7,2,8,3]},"up":{"texture":"#1","uv":[7,2,8,3]},"west":{"texture":"#1","uv":[7,2,8,3]}},"from":[5,2,12],"rotation":{"angle":0,"axis":"y","origin":[5.5,2.5,12.5]},"to":[6,3,13]},{"faces":{"down":{"texture":"#1","uv":[3,2,4,3]},"east":{"texture":"#1","uv":[3,2,4,3]},"north":{"texture":"#1","uv":[3,2,4,3]},"south":{"texture":"#1","uv":[3,2,4,3]},"up":{"texture":"#1","uv":[3,2,4,3]},"west":{"texture":"#1","uv":[3,2,4,3]}},"from":[2,2,9],"rotation":{"angle":0,"axis":"y","origin":[2.5,2.5,9.5]},"to":[3,3,10]},{"faces":{"down":{"texture":"#1","uv":[2,2,3,3]},"east":{"texture":"#1","uv":[2,2,3,3]},"north":{"texture":"#1","uv":[2,2,3,3]},"south":{"texture":"#1","uv":[2,2,3,3]},"up":{"texture":"#1","uv":[2,2,3,3]},"west":{"texture":"#1","uv":[2,2,3,3]}},"from":[2,2,8],"rotation":{"angle":0,"axis":"y","origin":[2.5,2.5,8.5]},"to":[3,3,9]},{"faces":{"down":{"texture":"#1","uv":[0,2,1,3]},"east":{"texture":"#1","uv":[0,2,1,3]},"north":{"texture":"#1","uv":[0,2,1,3]},"south":{"texture":"#1","uv":[0,2,1,3]},"up":{"texture":"#1","uv":[0,2,1,3]},"west":{"texture":"#1","uv":[0,2,1,3]}},"from":[2,2,6],"rotation":{"angle":0,"axis":"y","origin":[2.5,2.5,6.5]},"to":[3,3,7]},{"faces":{"down":{"texture":"#1","uv":[1,2,2,3]},"east":{"texture":"#1","uv":[1,2,2,3]},"north":{"texture":"#1","uv":[1,2,2,3]},"south":{"texture":"#1","uv":[1,2,2,3]},"up":{"texture":"#1","uv":[1,2,2,3]},"west":{"texture":"#1","uv":[1,2,2,3]}},"from":[2,2,7],"rotation":{"angle":0,"axis":"y","origin":[2.5,2.5,7.5]},"to":[3,3,8]},{"faces":{"down":{"texture":"#1","uv":[12,2,13,3]},"east":{"texture":"#1","uv":[12,2,13,3]},"north":{"texture":"#1","uv":[12,2,13,3]},"south":{"texture":"#1","uv":[12,2,13,3]},"up":{"texture":"#1","uv":[12,2,13,3]},"west":{"texture":"#1","uv":[12,2,13,3]}},"from":[10,2,12],"rotation":{"angle":0,"axis":"y","origin":[10.5,2.5,12.5]},"to":[11,3,13]},{"faces":{"down":{"texture":"#1","uv":[15,2,16,3]},"east":{"texture":"#1","uv":[15,2,16,3]},"north":{"texture":"#1","uv":[15,2,16,3]},"south":{"texture":"#1","uv":[15,2,16,3]},"up":{"texture":"#1","uv":[15,2,16,3]},"west":{"texture":"#1","uv":[15,2,16,3]}},"from":[3,2,5],"rotation":{"angle":0,"axis":"y","origin":[3.5,2.5,5.5]},"to":[4,3,6]},{"faces":{"down":{"texture":"#1","uv":[12,2,13,3]},"east":{"texture":"#1","uv":[12,2,13,3]},"north":{"texture":"#1","uv":[12,2,13,3]},"south":{"texture":"#1","uv":[12,2,13,3]},"up":{"texture":"#1","uv":[12,2,13,3]},"west":{"texture":"#1","uv":[12,2,13,3]}},"from":[5,2,3],"rotation":{"angle":0,"axis":"y","origin":[5.5,2.5,3.5]},"to":[6,3,4]},{"faces":{"down":{"texture":"#1","uv":[1,2,2,3]},"east":{"texture":"#1","uv":[1,2,2,3]},"north":{"texture":"#1","uv":[1,2,2,3]},"south":{"texture":"#1","uv":[1,2,2,3]},"up":{"texture":"#1","uv":[1,2,2,3]},"west":{"texture":"#1","uv":[1,2,2,3]}},"from":[13,2,8],"rotation":{"angle":0,"axis":"y","origin":[13.5,2.5,8.5]},"to":[14,3,9]},{"faces":{"down":{"texture":"#1","uv":[0,2,1,3]},"east":{"texture":"#1","uv":[0,2,1,3]},"north":{"texture":"#1","uv":[0,2,1,3]},"south":{"texture":"#1","uv":[0,2,1,3]},"up":{"texture":"#1","uv":[0,2,1,3]},"west":{"texture":"#1","uv":[0,2,1,3]}},"from":[13,2,9],"rotation":{"angle":0,"axis":"y","origin":[13.5,2.5,9.5]},"to":[14,3,10]},{"faces":{"down":{"texture":"#1","uv":[2,2,3,3]},"east":{"texture":"#1","uv":[2,2,3,3]},"north":{"texture":"#1","uv":[2,2,3,3]},"south":{"texture":"#1","uv":[2,2,3,3]},"up":{"texture":"#1","uv":[2,2,3,3]},"west":{"texture":"#1","uv":[2,2,3,3]}},"from":[13,2,7],"rotation":{"angle":0,"axis":"y","origin":[13.5,2.5,7.5]},"to":[14,3,8]},{"faces":{"down":{"texture":"#1","uv":[3,2,4,3]},"east":{"texture":"#1","uv":[3,2,4,3]},"north":{"texture":"#1","uv":[3,2,4,3]},"south":{"texture":"#1","uv":[3,2,4,3]},"up":{"texture":"#1","uv":[3,2,4,3]},"west":{"texture":"#1","uv":[3,2,4,3]}},"from":[13,2,6],"rotation":{"angle":0,"axis":"y","origin":[13.5,2.5,6.5]},"to":[14,3,7]},{"faces":{"down":{"texture":"#1","uv":[7,2,8,3]},"east":{"texture":"#1","uv":[7,2,8,3]},"north":{"texture":"#1","uv":[7,2,8,3]},"south":{"texture":"#1","uv":[7,2,8,3]},"up":{"texture":"#1","uv":[7,2,8,3]},"west":{"texture":"#1","uv":[7,2,8,3]}},"from":[10,2,3],"rotation":{"angle":0,"axis":"y","origin":[10.5,2.5,3.5]},"to":[11,3,4]},{"faces":{"down":{"texture":"#1","uv":[8,2,9,3]},"east":{"texture":"#1","uv":[8,2,9,3]},"north":{"texture":"#1","uv":[8,2,9,3]},"south":{"texture":"#1","uv":[8,2,9,3]},"up":{"texture":"#1","uv":[8,2,9,3]},"west":{"texture":"#1","uv":[8,2,9,3]}},"from":[9,2,2],"rotation":{"angle":0,"axis":"y","origin":[9.5,2.5,2.5]},"to":[10,3,3]},{"faces":{"down":{"texture":"#1","uv":[9,2,10,3]},"east":{"texture":"#1","uv":[9,2,10,3]},"north":{"texture":"#1","uv":[9,2,10,3]},"south":{"texture":"#1","uv":[9,2,10,3]},"up":{"texture":"#1","uv":[9,2,10,3]},"west":{"texture":"#1","uv":[9,2,10,3]}},"from":[8,2,2],"rotation":{"angle":0,"axis":"y","origin":[8.5,2.5,2.5]},"to":[9,3,3]},{"faces":{"down":{"texture":"#1","uv":[10,2,11,3]},"east":{"texture":"#1","uv":[10,2,11,3]},"north":{"texture":"#1","uv":[10,2,11,3]},"south":{"texture":"#1","uv":[10,2,11,3]},"up":{"texture":"#1","uv":[10,2,11,3]},"west":{"texture":"#1","uv":[10,2,11,3]}},"from":[7,2,2],"rotation":{"angle":0,"axis":"y","origin":[7.5,2.5,2.5]},"to":[8,3,3]},{"faces":{"down":{"texture":"#1","uv":[11,2,12,3]},"east":{"texture":"#1","uv":[11,2,12,3]},"north":{"texture":"#1","uv":[11,2,12,3]},"south":{"texture":"#1","uv":[11,2,12,3]},"up":{"texture":"#1","uv":[11,2,12,3]},"west":{"texture":"#1","uv":[11,2,12,3]}},"from":[6,2,2],"rotation":{"angle":0,"axis":"y","origin":[6.5,2.5,2.5]},"to":[7,3,3]},{"faces":{"down":{"texture":"#1","uv":[13,2,14,3]},"east":{"texture":"#1","uv":[13,2,14,3]},"north":{"texture":"#1","uv":[13,2,14,3]},"south":{"texture":"#1","uv":[13,2,14,3]},"up":{"texture":"#1","uv":[13,2,14,3]},"west":{"texture":"#1","uv":[13,2,14,3]}},"from":[4,2,3],"rotation":{"angle":0,"axis":"y","origin":[4.5,2.5,3.5]},"to":[5,3,4]},{"faces":{"down":{"texture":"#1","uv":[4,2,5,3]},"east":{"texture":"#1","uv":[4,2,5,3]},"north":{"texture":"#1","uv":[4,2,5,3]},"south":{"texture":"#1","uv":[4,2,5,3]},"up":{"texture":"#1","uv":[4,2,5,3]},"west":{"texture":"#1","uv":[4,2,5,3]}},"from":[12,2,5],"rotation":{"angle":0,"axis":"y","origin":[12.5,2.5,5.5]},"to":[13,3,6]},{"faces":{"down":{"texture":"#1","uv":[6,2,7,3]},"east":{"texture":"#1","uv":[6,2,7,3]},"north":{"texture":"#1","uv":[6,2,7,3]},"south":{"texture":"#1","uv":[6,2,7,3]},"up":{"texture":"#1","uv":[6,2,7,3]},"west":{"texture":"#1","uv":[6,2,7,3]}},"from":[11,2,3],"rotation":{"angle":0,"axis":"y","origin":[11.5,2.5,3.5]},"to":[12,3,4]},{"faces":{"down":{"texture":"#1","uv":[5,2,6,3]},"east":{"texture":"#1","uv":[5,2,6,3]},"north":{"texture":"#1","uv":[5,2,6,3]},"south":{"texture":"#1","uv":[5,2,6,3]},"up":{"texture":"#1","uv":[5,2,6,3]},"west":{"texture":"#1","uv":[5,2,6,3]}},"from":[12,2,4],"rotation":{"angle":0,"axis":"y","origin":[12.5,2.5,4.5]},"to":[13,3,5]},{"faces":{"down":{"texture":"#1","uv":[14,2,15,3]},"east":{"texture":"#1","uv":[14,2,15,3]},"north":{"texture":"#1","uv":[14,2,15,3]},"south":{"texture":"#1","uv":[14,2,15,3]},"up":{"texture":"#1","uv":[14,2,15,3]},"west":{"texture":"#1","uv":[14,2,15,3]}},"from":[3,2,4],"rotation":{"angle":0,"axis":"y","origin":[3.5,2.5,4.5]},"to":[4,3,5]},{"faces":{"down":{"texture":"#1","uv":[14,1,15,2]},"east":{"texture":"#1","uv":[14,1,15,2]},"north":{"texture":"#1","uv":[14,1,15,2]},"south":{"texture":"#1","uv":[14,1,15,2]},"up":{"texture":"#1","uv":[14,1,15,2]},"west":{"texture":"#1","uv":[14,1,15,2]}},"from":[12,3,11],"rotation":{"angle":0,"axis":"y","origin":[12.5,3.5,11.5]},"to":[13,4,12]},{"faces":{"down":{"texture":"#1","uv":[5,1,6,2]},"east":{"texture":"#1","uv":[5,1,6,2]},"north":{"texture":"#1","uv":[5,1,6,2]},"south":{"texture":"#1","uv":[5,1,6,2]},"up":{"texture":"#1","uv":[5,1,6,2]},"west":{"texture":"#1","uv":[5,1,6,2]}},"from":[3,3,11],"rotation":{"angle":0,"axis":"y","origin":[3.5,3.5,11.5]},"to":[4,4,12]},{"faces":{"down":{"texture":"#1","uv":[15,1,16,2]},"east":{"texture":"#1","uv":[15,1,16,2]},"north":{"texture":"#1","uv":[15,1,16,2]},"south":{"texture":"#1","uv":[15,1,16,2]},"up":{"texture":"#1","uv":[15,1,16,2]},"west":{"texture":"#1","uv":[15,1,16,2]}},"from":[12,3,10],"rotation":{"angle":0,"axis":"y","origin":[12.5,3.5,10.5]},"to":[13,4,11]},{"faces":{"down":{"texture":"#1","uv":[6,1,7,2]},"east":{"texture":"#1","uv":[6,1,7,2]},"north":{"texture":"#1","uv":[6,1,7,2]},"south":{"texture":"#1","uv":[6,1,7,2]},"up":{"texture":"#1","uv":[6,1,7,2]},"west":{"texture":"#1","uv":[6,1,7,2]}},"from":[4,3,12],"rotation":{"angle":0,"axis":"y","origin":[4.5,3.5,12.5]},"to":[5,4,13]},{"faces":{"down":{"texture":"#1","uv":[4,1,5,2]},"east":{"texture":"#1","uv":[4,1,5,2]},"north":{"texture":"#1","uv":[4,1,5,2]},"south":{"texture":"#1","uv":[4,1,5,2]},"up":{"texture":"#1","uv":[4,1,5,2]},"west":{"texture":"#1","uv":[4,1,5,2]}},"from":[3,3,10],"rotation":{"angle":0,"axis":"y","origin":[3.5,3.5,10.5]},"to":[4,4,11]},{"faces":{"down":{"texture":"#1","uv":[13,1,14,2]},"east":{"texture":"#1","uv":[13,1,14,2]},"north":{"texture":"#1","uv":[13,1,14,2]},"south":{"texture":"#1","uv":[13,1,14,2]},"up":{"texture":"#1","uv":[13,1,14,2]},"west":{"texture":"#1","uv":[13,1,14,2]}},"from":[11,3,12],"rotation":{"angle":0,"axis":"y","origin":[11.5,3.5,12.5]},"to":[12,4,13]},{"faces":{"down":{"texture":"#1","uv":[11,1,12,2]},"east":{"texture":"#1","uv":[11,1,12,2]},"north":{"texture":"#1","uv":[11,1,12,2]},"south":{"texture":"#1","uv":[11,1,12,2]},"up":{"texture":"#1","uv":[11,1,12,2]},"west":{"texture":"#1","uv":[11,1,12,2]}},"from":[9,3,13],"rotation":{"angle":0,"axis":"y","origin":[9.5,3.5,13.5]},"to":[10,4,14]},{"faces":{"down":{"texture":"#1","uv":[10,1,11,2]},"east":{"texture":"#1","uv":[10,1,11,2]},"north":{"texture":"#1","uv":[10,1,11,2]},"south":{"texture":"#1","uv":[10,1,11,2]},"up":{"texture":"#1","uv":[10,1,11,2]},"west":{"texture":"#1","uv":[10,1,11,2]}},"from":[8,3,13],"rotation":{"angle":0,"axis":"y","origin":[8.5,3.5,13.5]},"to":[9,4,14]},{"faces":{"down":{"texture":"#1","uv":[9,1,10,2]},"east":{"texture":"#1","uv":[9,1,10,2]},"north":{"texture":"#1","uv":[9,1,10,2]},"south":{"texture":"#1","uv":[9,1,10,2]},"up":{"texture":"#1","uv":[9,1,10,2]},"west":{"texture":"#1","uv":[9,1,10,2]}},"from":[7,3,13],"rotation":{"angle":0,"axis":"y","origin":[7.5,3.5,13.5]},"to":[8,4,14]},{"faces":{"down":{"texture":"#1","uv":[8,1,9,2]},"east":{"texture":"#1","uv":[8,1,9,2]},"north":{"texture":"#1","uv":[8,1,9,2]},"south":{"texture":"#1","uv":[8,1,9,2]},"up":{"texture":"#1","uv":[8,1,9,2]},"west":{"texture":"#1","uv":[8,1,9,2]}},"from":[6,3,13],"rotation":{"angle":0,"axis":"y","origin":[6.5,3.5,13.5]},"to":[7,4,14]},{"faces":{"down":{"texture":"#1","uv":[7,1,8,2]},"east":{"texture":"#1","uv":[7,1,8,2]},"north":{"texture":"#1","uv":[7,1,8,2]},"south":{"texture":"#1","uv":[7,1,8,2]},"up":{"texture":"#1","uv":[7,1,8,2]},"west":{"texture":"#1","uv":[7,1,8,2]}},"from":[5,3,12],"rotation":{"angle":0,"axis":"y","origin":[5.5,3.5,12.5]},"to":[6,4,13]},{"faces":{"down":{"texture":"#1","uv":[3,1,4,2]},"east":{"texture":"#1","uv":[3,1,4,2]},"north":{"texture":"#1","uv":[3,1,4,2]},"south":{"texture":"#1","uv":[3,1,4,2]},"up":{"texture":"#1","uv":[3,1,4,2]},"west":{"texture":"#1","uv":[3,1,4,2]}},"from":[2,3,9],"rotation":{"angle":0,"axis":"y","origin":[2.5,3.5,9.5]},"to":[3,4,10]},{"faces":{"down":{"texture":"#1","uv":[2,1,3,2]},"east":{"texture":"#1","uv":[2,1,3,2]},"north":{"texture":"#1","uv":[2,1,3,2]},"south":{"texture":"#1","uv":[2,1,3,2]},"up":{"texture":"#1","uv":[2,1,3,2]},"west":{"texture":"#1","uv":[2,1,3,2]}},"from":[2,3,8],"rotation":{"angle":0,"axis":"y","origin":[2.5,3.5,8.5]},"to":[3,4,9]},{"faces":{"down":{"texture":"#1","uv":[0,1,1,2]},"east":{"texture":"#1","uv":[0,1,1,2]},"north":{"texture":"#1","uv":[0,1,1,2]},"south":{"texture":"#1","uv":[0,1,1,2]},"up":{"texture":"#1","uv":[0,1,1,2]},"west":{"texture":"#1","uv":[0,1,1,2]}},"from":[2,3,6],"rotation":{"angle":0,"axis":"y","origin":[2.5,3.5,6.5]},"to":[3,4,7]},{"faces":{"down":{"texture":"#1","uv":[1,1,2,2]},"east":{"texture":"#1","uv":[1,1,2,2]},"north":{"texture":"#1","uv":[1,1,2,2]},"south":{"texture":"#1","uv":[1,1,2,2]},"up":{"texture":"#1","uv":[1,1,2,2]},"west":{"texture":"#1","uv":[1,1,2,2]}},"from":[2,3,7],"rotation":{"angle":0,"axis":"y","origin":[2.5,3.5,7.5]},"to":[3,4,8]},{"faces":{"down":{"texture":"#1","uv":[12,1,13,2]},"east":{"texture":"#1","uv":[12,1,13,2]},"north":{"texture":"#1","uv":[12,1,13,2]},"south":{"texture":"#1","uv":[12,1,13,2]},"up":{"texture":"#1","uv":[12,1,13,2]},"west":{"texture":"#1","uv":[12,1,13,2]}},"from":[10,3,12],"rotation":{"angle":0,"axis":"y","origin":[10.5,3.5,12.5]},"to":[11,4,13]},{"faces":{"down":{"texture":"#1","uv":[15,1,16,2]},"east":{"texture":"#1","uv":[15,1,16,2]},"north":{"texture":"#1","uv":[15,1,16,2]},"south":{"texture":"#1","uv":[15,1,16,2]},"up":{"texture":"#1","uv":[15,1,16,2]},"west":{"texture":"#1","uv":[15,1,16,2]}},"from":[3,3,5],"rotation":{"angle":0,"axis":"y","origin":[3.5,3.5,5.5]},"to":[4,4,6]},{"faces":{"down":{"texture":"#1","uv":[12,1,13,2]},"east":{"texture":"#1","uv":[12,1,13,2]},"north":{"texture":"#1","uv":[12,1,13,2]},"south":{"texture":"#1","uv":[12,1,13,2]},"up":{"texture":"#1","uv":[12,1,13,2]},"west":{"texture":"#1","uv":[12,1,13,2]}},"from":[5,3,3],"rotation":{"angle":0,"axis":"y","origin":[5.5,3.5,3.5]},"to":[6,4,4]},{"faces":{"down":{"texture":"#1","uv":[1,1,2,2]},"east":{"texture":"#1","uv":[1,1,2,2]},"north":{"texture":"#1","uv":[1,1,2,2]},"south":{"texture":"#1","uv":[1,1,2,2]},"up":{"texture":"#1","uv":[1,1,2,2]},"west":{"texture":"#1","uv":[1,1,2,2]}},"from":[13,3,8],"rotation":{"angle":0,"axis":"y","origin":[13.5,3.5,8.5]},"to":[14,4,9]},{"faces":{"down":{"texture":"#1","uv":[0,1,1,2]},"east":{"texture":"#1","uv":[0,1,1,2]},"north":{"texture":"#1","uv":[0,1,1,2]},"south":{"texture":"#1","uv":[0,1,1,2]},"up":{"texture":"#1","uv":[0,1,1,2]},"west":{"texture":"#1","uv":[0,1,1,2]}},"from":[13,3,9],"rotation":{"angle":0,"axis":"y","origin":[13.5,3.5,9.5]},"to":[14,4,10]},{"faces":{"down":{"texture":"#1","uv":[2,1,3,2]},"east":{"texture":"#1","uv":[2,1,3,2]},"north":{"texture":"#1","uv":[2,1,3,2]},"south":{"texture":"#1","uv":[2,1,3,2]},"up":{"texture":"#1","uv":[2,1,3,2]},"west":{"texture":"#1","uv":[2,1,3,2]}},"from":[13,3,7],"rotation":{"angle":0,"axis":"y","origin":[13.5,3.5,7.5]},"to":[14,4,8]},{"faces":{"down":{"texture":"#1","uv":[3,1,4,2]},"east":{"texture":"#1","uv":[3,1,4,2]},"north":{"texture":"#1","uv":[3,1,4,2]},"south":{"texture":"#1","uv":[3,1,4,2]},"up":{"texture":"#1","uv":[3,1,4,2]},"west":{"texture":"#1","uv":[3,1,4,2]}},"from":[13,3,6],"rotation":{"angle":0,"axis":"y","origin":[13.5,3.5,6.5]},"to":[14,4,7]},{"faces":{"down":{"texture":"#1","uv":[7,1,8,2]},"east":{"texture":"#1","uv":[7,1,8,2]},"north":{"texture":"#1","uv":[7,1,8,2]},"south":{"texture":"#1","uv":[7,1,8,2]},"up":{"texture":"#1","uv":[7,1,8,2]},"west":{"texture":"#1","uv":[7,1,8,2]}},"from":[10,3,3],"rotation":{"angle":0,"axis":"y","origin":[10.5,3.5,3.5]},"to":[11,4,4]},{"faces":{"down":{"texture":"#1","uv":[8,1,9,2]},"east":{"texture":"#1","uv":[8,1,9,2]},"north":{"texture":"#1","uv":[8,1,9,2]},"south":{"texture":"#1","uv":[8,1,9,2]},"up":{"texture":"#1","uv":[8,1,9,2]},"west":{"texture":"#1","uv":[8,1,9,2]}},"from":[9,3,2],"rotation":{"angle":0,"axis":"y","origin":[9.5,3.5,2.5]},"to":[10,4,3]},{"faces":{"down":{"texture":"#1","uv":[9,1,10,2]},"east":{"texture":"#1","uv":[9,1,10,2]},"north":{"texture":"#1","uv":[9,1,10,2]},"south":{"texture":"#1","uv":[9,1,10,2]},"up":{"texture":"#1","uv":[9,1,10,2]},"west":{"texture":"#1","uv":[9,1,10,2]}},"from":[8,3,2],"rotation":{"angle":0,"axis":"y","origin":[8.5,3.5,2.5]},"to":[9,4,3]},{"faces":{"down":{"texture":"#1","uv":[10,1,11,2]},"east":{"texture":"#1","uv":[10,1,11,2]},"north":{"texture":"#1","uv":[10,1,11,2]},"south":{"texture":"#1","uv":[10,1,11,2]},"up":{"texture":"#1","uv":[10,1,11,2]},"west":{"texture":"#1","uv":[10,1,11,2]}},"from":[7,3,2],"rotation":{"angle":0,"axis":"y","origin":[7.5,3.5,2.5]},"to":[8,4,3]},{"faces":{"down":{"texture":"#1","uv":[11,1,12,2]},"east":{"texture":"#1","uv":[11,1,12,2]},"north":{"texture":"#1","uv":[11,1,12,2]},"south":{"texture":"#1","uv":[11,1,12,2]},"up":{"texture":"#1","uv":[11,1,12,2]},"west":{"texture":"#1","uv":[11,1,12,2]}},"from":[6,3,2],"rotation":{"angle":0,"axis":"y","origin":[6.5,3.5,2.5]},"to":[7,4,3]},{"faces":{"down":{"texture":"#1","uv":[13,1,14,2]},"east":{"texture":"#1","uv":[13,1,14,2]},"north":{"texture":"#1","uv":[13,1,14,2]},"south":{"texture":"#1","uv":[13,1,14,2]},"up":{"texture":"#1","uv":[13,1,14,2]},"west":{"texture":"#1","uv":[13,1,14,2]}},"from":[4,3,3],"rotation":{"angle":0,"axis":"y","origin":[4.5,3.5,3.5]},"to":[5,4,4]},{"faces":{"down":{"texture":"#1","uv":[4,1,5,2]},"east":{"texture":"#1","uv":[4,1,5,2]},"north":{"texture":"#1","uv":[4,1,5,2]},"south":{"texture":"#1","uv":[4,1,5,2]},"up":{"texture":"#1","uv":[4,1,5,2]},"west":{"texture":"#1","uv":[4,1,5,2]}},"from":[12,3,5],"rotation":{"angle":0,"axis":"y","origin":[12.5,3.5,5.5]},"to":[13,4,6]},{"faces":{"down":{"texture":"#1","uv":[6,1,7,2]},"east":{"texture":"#1","uv":[6,1,7,2]},"north":{"texture":"#1","uv":[6,1,7,2]},"south":{"texture":"#1","uv":[6,1,7,2]},"up":{"texture":"#1","uv":[6,1,7,2]},"west":{"texture":"#1","uv":[6,1,7,2]}},"from":[11,3,3],"rotation":{"angle":0,"axis":"y","origin":[11.5,3.5,3.5]},"to":[12,4,4]},{"faces":{"down":{"texture":"#1","uv":[5,1,6,2]},"east":{"texture":"#1","uv":[5,1,6,2]},"north":{"texture":"#1","uv":[5,1,6,2]},"south":{"texture":"#1","uv":[5,1,6,2]},"up":{"texture":"#1","uv":[5,1,6,2]},"west":{"texture":"#1","uv":[5,1,6,2]}},"from":[12,3,4],"rotation":{"angle":0,"axis":"y","origin":[12.5,3.5,4.5]},"to":[13,4,5]},{"faces":{"down":{"texture":"#1","uv":[14,1,15,2]},"east":{"texture":"#1","uv":[14,1,15,2]},"north":{"texture":"#1","uv":[14,1,15,2]},"south":{"texture":"#1","uv":[14,1,15,2]},"up":{"texture":"#1","uv":[14,1,15,2]},"west":{"texture":"#1","uv":[14,1,15,2]}},"from":[3,3,4],"rotation":{"angle":0,"axis":"y","origin":[3.5,3.5,4.5]},"to":[4,4,5]},{"faces":{"down":{"texture":"#1","uv":[14,0,15,1]},"east":{"texture":"#1","uv":[14,0,15,1]},"north":{"texture":"#1","uv":[14,0,15,1]},"south":{"texture":"#1","uv":[14,0,15,1]},"up":{"texture":"#1","uv":[14,0,15,1]},"west":{"texture":"#1","uv":[14,0,15,1]}},"from":[12,4,11],"rotation":{"angle":0,"axis":"y","origin":[12.5,4.5,11.5]},"to":[13,5,12]},{"faces":{"down":{"texture":"#1","uv":[5,0,6,1]},"east":{"texture":"#1","uv":[5,0,6,1]},"north":{"texture":"#1","uv":[5,0,6,1]},"south":{"texture":"#1","uv":[5,0,6,1]},"up":{"texture":"#1","uv":[5,0,6,1]},"west":{"texture":"#1","uv":[5,0,6,1]}},"from":[3,4,11],"rotation":{"angle":0,"axis":"y","origin":[3.5,4.5,11.5]},"to":[4,5,12]},{"faces":{"down":{"texture":"#1","uv":[15,0,16,1]},"east":{"texture":"#1","uv":[15,0,16,1]},"north":{"texture":"#1","uv":[15,0,16,1]},"south":{"texture":"#1","uv":[15,0,16,1]},"up":{"texture":"#1","uv":[15,0,16,1]},"west":{"texture":"#1","uv":[15,0,16,1]}},"from":[12,4,10],"rotation":{"angle":0,"axis":"y","origin":[12.5,4.5,10.5]},"to":[13,5,11]},{"faces":{"down":{"texture":"#1","uv":[6,0,7,1]},"east":{"texture":"#1","uv":[6,0,7,1]},"north":{"texture":"#1","uv":[6,0,7,1]},"south":{"texture":"#1","uv":[6,0,7,1]},"up":{"texture":"#1","uv":[6,0,7,1]},"west":{"texture":"#1","uv":[6,0,7,1]}},"from":[4,4,12],"rotation":{"angle":0,"axis":"y","origin":[4.5,4.5,12.5]},"to":[5,5,13]},{"faces":{"down":{"texture":"#1","uv":[4,0,5,1]},"east":{"texture":"#1","uv":[4,0,5,1]},"north":{"texture":"#1","uv":[4,0,5,1]},"south":{"texture":"#1","uv":[4,0,5,1]},"up":{"texture":"#1","uv":[4,0,5,1]},"west":{"texture":"#1","uv":[4,0,5,1]}},"from":[3,4,10],"rotation":{"angle":0,"axis":"y","origin":[3.5,4.5,10.5]},"to":[4,5,11]},{"faces":{"down":{"texture":"#1","uv":[13,0,14,1]},"east":{"texture":"#1","uv":[13,0,14,1]},"north":{"texture":"#1","uv":[13,0,14,1]},"south":{"texture":"#1","uv":[13,0,14,1]},"up":{"texture":"#1","uv":[13,0,14,1]},"west":{"texture":"#1","uv":[13,0,14,1]}},"from":[11,4,12],"rotation":{"angle":0,"axis":"y","origin":[11.5,4.5,12.5]},"to":[12,5,13]},{"faces":{"down":{"texture":"#1","uv":[11,0,12,1]},"east":{"texture":"#1","uv":[11,0,12,1]},"north":{"texture":"#1","uv":[11,0,12,1]},"south":{"texture":"#1","uv":[11,0,12,1]},"up":{"texture":"#1","uv":[11,0,12,1]},"west":{"texture":"#1","uv":[11,0,12,1]}},"from":[9,4,13],"rotation":{"angle":0,"axis":"y","origin":[9.5,4.5,13.5]},"to":[10,5,14]},{"faces":{"down":{"texture":"#1","uv":[10,0,11,1]},"east":{"texture":"#1","uv":[10,0,11,1]},"north":{"texture":"#1","uv":[10,0,11,1]},"south":{"texture":"#1","uv":[10,0,11,1]},"up":{"texture":"#1","uv":[10,0,11,1]},"west":{"texture":"#1","uv":[10,0,11,1]}},"from":[8,4,13],"rotation":{"angle":0,"axis":"y","origin":[8.5,4.5,13.5]},"to":[9,5,14]},{"faces":{"down":{"texture":"#1","uv":[9,0,10,1]},"east":{"texture":"#1","uv":[9,0,10,1]},"north":{"texture":"#1","uv":[9,0,10,1]},"south":{"texture":"#1","uv":[9,0,10,1]},"up":{"texture":"#1","uv":[9,0,10,1]},"west":{"texture":"#1","uv":[9,0,10,1]}},"from":[7,4,13],"rotation":{"angle":0,"axis":"y","origin":[7.5,4.5,13.5]},"to":[8,5,14]},{"faces":{"down":{"texture":"#1","uv":[8,0,9,1]},"east":{"texture":"#1","uv":[8,0,9,1]},"north":{"texture":"#1","uv":[8,0,9,1]},"south":{"texture":"#1","uv":[8,0,9,1]},"up":{"texture":"#1","uv":[8,0,9,1]},"west":{"texture":"#1","uv":[8,0,9,1]}},"from":[6,4,13],"rotation":{"angle":0,"axis":"y","origin":[6.5,4.5,13.5]},"to":[7,5,14]},{"faces":{"down":{"texture":"#1","uv":[7,0,8,1]},"east":{"texture":"#1","uv":[7,0,8,1]},"north":{"texture":"#1","uv":[7,0,8,1]},"south":{"texture":"#1","uv":[7,0,8,1]},"up":{"texture":"#1","uv":[7,0,8,1]},"west":{"texture":"#1","uv":[7,0,8,1]}},"from":[5,4,12],"rotation":{"angle":0,"axis":"y","origin":[5.5,4.5,12.5]},"to":[6,5,13]},{"faces":{"down":{"texture":"#1","uv":[3,0,4,1]},"east":{"texture":"#1","uv":[3,0,4,1]},"north":{"texture":"#1","uv":[3,0,4,1]},"south":{"texture":"#1","uv":[3,0,4,1]},"up":{"texture":"#1","uv":[3,0,4,1]},"west":{"texture":"#1","uv":[3,0,4,1]}},"from":[2,4,9],"rotation":{"angle":0,"axis":"y","origin":[2.5,4.5,9.5]},"to":[3,5,10]},{"faces":{"down":{"texture":"#1","uv":[2,0,3,1]},"east":{"texture":"#1","uv":[2,0,3,1]},"north":{"texture":"#1","uv":[2,0,3,1]},"south":{"texture":"#1","uv":[2,0,3,1]},"up":{"texture":"#1","uv":[2,0,3,1]},"west":{"texture":"#1","uv":[2,0,3,1]}},"from":[2,4,8],"rotation":{"angle":0,"axis":"y","origin":[2.5,4.5,8.5]},"to":[3,5,9]},{"faces":{"down":{"texture":"#1","uv":[0,0,1,1]},"east":{"texture":"#1","uv":[0,0,1,1]},"north":{"texture":"#1","uv":[0,0,1,1]},"south":{"texture":"#1","uv":[0,0,1,1]},"up":{"texture":"#1","uv":[0,0,1,1]},"west":{"texture":"#1","uv":[0,0,1,1]}},"from":[2,4,6],"rotation":{"angle":0,"axis":"y","origin":[2.5,4.5,6.5]},"to":[3,5,7]},{"faces":{"down":{"texture":"#1","uv":[1,0,2,1]},"east":{"texture":"#1","uv":[1,0,2,1]},"north":{"texture":"#1","uv":[1,0,2,1]},"south":{"texture":"#1","uv":[1,0,2,1]},"up":{"texture":"#1","uv":[1,0,2,1]},"west":{"texture":"#1","uv":[1,0,2,1]}},"from":[2,4,7],"rotation":{"angle":0,"axis":"y","origin":[2.5,4.5,7.5]},"to":[3,5,8]},{"faces":{"down":{"texture":"#1","uv":[12,0,13,1]},"east":{"texture":"#1","uv":[12,0,13,1]},"north":{"texture":"#1","uv":[12,0,13,1]},"south":{"texture":"#1","uv":[12,0,13,1]},"up":{"texture":"#1","uv":[12,0,13,1]},"west":{"texture":"#1","uv":[12,0,13,1]}},"from":[10,4,12],"rotation":{"angle":0,"axis":"y","origin":[10.5,4.5,12.5]},"to":[11,5,13]},{"faces":{"down":{"texture":"#1","uv":[15,0,16,1]},"east":{"texture":"#1","uv":[15,0,16,1]},"north":{"texture":"#1","uv":[15,0,16,1]},"south":{"texture":"#1","uv":[15,0,16,1]},"up":{"texture":"#1","uv":[15,0,16,1]},"west":{"texture":"#1","uv":[15,0,16,1]}},"from":[3,4,5],"rotation":{"angle":0,"axis":"y","origin":[3.5,4.5,5.5]},"to":[4,5,6]},{"faces":{"down":{"texture":"#1","uv":[12,0,13,1]},"east":{"texture":"#1","uv":[12,0,13,1]},"north":{"texture":"#1","uv":[12,0,13,1]},"south":{"texture":"#1","uv":[12,0,13,1]},"up":{"texture":"#1","uv":[12,0,13,1]},"west":{"texture":"#1","uv":[12,0,13,1]}},"from":[5,4,3],"rotation":{"angle":0,"axis":"y","origin":[5.5,4.5,3.5]},"to":[6,5,4]},{"faces":{"down":{"texture":"#1","uv":[1,0,2,1]},"east":{"texture":"#1","uv":[1,0,2,1]},"north":{"texture":"#1","uv":[1,0,2,1]},"south":{"texture":"#1","uv":[1,0,2,1]},"up":{"texture":"#1","uv":[1,0,2,1]},"west":{"texture":"#1","uv":[1,0,2,1]}},"from":[13,4,8],"rotation":{"angle":0,"axis":"y","origin":[13.5,4.5,8.5]},"to":[14,5,9]},{"faces":{"down":{"texture":"#1","uv":[0,0,1,1]},"east":{"texture":"#1","uv":[0,0,1,1]},"north":{"texture":"#1","uv":[0,0,1,1]},"south":{"texture":"#1","uv":[0,0,1,1]},"up":{"texture":"#1","uv":[0,0,1,1]},"west":{"texture":"#1","uv":[0,0,1,1]}},"from":[13,4,9],"rotation":{"angle":0,"axis":"y","origin":[13.5,4.5,9.5]},"to":[14,5,10]},{"faces":{"down":{"texture":"#1","uv":[2,0,3,1]},"east":{"texture":"#1","uv":[2,0,3,1]},"north":{"texture":"#1","uv":[2,0,3,1]},"south":{"texture":"#1","uv":[2,0,3,1]},"up":{"texture":"#1","uv":[2,0,3,1]},"west":{"texture":"#1","uv":[2,0,3,1]}},"from":[13,4,7],"rotation":{"angle":0,"axis":"y","origin":[13.5,4.5,7.5]},"to":[14,5,8]},{"faces":{"down":{"texture":"#1","uv":[3,0,4,1]},"east":{"texture":"#1","uv":[3,0,4,1]},"north":{"texture":"#1","uv":[3,0,4,1]},"south":{"texture":"#1","uv":[3,0,4,1]},"up":{"texture":"#1","uv":[3,0,4,1]},"west":{"texture":"#1","uv":[3,0,4,1]}},"from":[13,4,6],"rotation":{"angle":0,"axis":"y","origin":[13.5,4.5,6.5]},"to":[14,5,7]},{"faces":{"down":{"texture":"#1","uv":[7,0,8,1]},"east":{"texture":"#1","uv":[7,0,8,1]},"north":{"texture":"#1","uv":[7,0,8,1]},"south":{"texture":"#1","uv":[7,0,8,1]},"up":{"texture":"#1","uv":[7,0,8,1]},"west":{"texture":"#1","uv":[7,0,8,1]}},"from":[10,4,3],"rotation":{"angle":0,"axis":"y","origin":[10.5,4.5,3.5]},"to":[11,5,4]},{"faces":{"down":{"texture":"#1","uv":[8,0,9,1]},"east":{"texture":"#1","uv":[8,0,9,1]},"north":{"texture":"#1","uv":[8,0,9,1]},"south":{"texture":"#1","uv":[8,0,9,1]},"up":{"texture":"#1","uv":[8,0,9,1]},"west":{"texture":"#1","uv":[8,0,9,1]}},"from":[9,4,2],"rotation":{"angle":0,"axis":"y","origin":[9.5,4.5,2.5]},"to":[10,5,3]},{"faces":{"down":{"texture":"#1","uv":[9,0,10,1]},"east":{"texture":"#1","uv":[9,0,10,1]},"north":{"texture":"#1","uv":[9,0,10,1]},"south":{"texture":"#1","uv":[9,0,10,1]},"up":{"texture":"#1","uv":[9,0,10,1]},"west":{"texture":"#1","uv":[9,0,10,1]}},"from":[8,4,2],"rotation":{"angle":0,"axis":"y","origin":[8.5,4.5,2.5]},"to":[9,5,3]},{"faces":{"down":{"texture":"#1","uv":[10,0,11,1]},"east":{"texture":"#1","uv":[10,0,11,1]},"north":{"texture":"#1","uv":[10,0,11,1]},"south":{"texture":"#1","uv":[10,0,11,1]},"up":{"texture":"#1","uv":[10,0,11,1]},"west":{"texture":"#1","uv":[10,0,11,1]}},"from":[7,4,2],"rotation":{"angle":0,"axis":"y","origin":[7.5,4.5,2.5]},"to":[8,5,3]},{"faces":{"down":{"texture":"#1","uv":[11,0,12,1]},"east":{"texture":"#1","uv":[11,0,12,1]},"north":{"texture":"#1","uv":[11,0,12,1]},"south":{"texture":"#1","uv":[11,0,12,1]},"up":{"texture":"#1","uv":[11,0,12,1]},"west":{"texture":"#1","uv":[11,0,12,1]}},"from":[6,4,2],"rotation":{"angle":0,"axis":"y","origin":[6.5,4.5,2.5]},"to":[7,5,3]},{"faces":{"down":{"texture":"#1","uv":[13,0,14,1]},"east":{"texture":"#1","uv":[13,0,14,1]},"north":{"texture":"#1","uv":[13,0,14,1]},"south":{"texture":"#1","uv":[13,0,14,1]},"up":{"texture":"#1","uv":[13,0,14,1]},"west":{"texture":"#1","uv":[13,0,14,1]}},"from":[4,4,3],"rotation":{"angle":0,"axis":"y","origin":[4.5,4.5,3.5]},"to":[5,5,4]},{"faces":{"down":{"texture":"#1","uv":[4,0,5,1]},"east":{"texture":"#1","uv":[4,0,5,1]},"north":{"texture":"#1","uv":[4,0,5,1]},"south":{"texture":"#1","uv":[4,0,5,1]},"up":{"texture":"#1","uv":[4,0,5,1]},"west":{"texture":"#1","uv":[4,0,5,1]}},"from":[12,4,5],"rotation":{"angle":0,"axis":"y","origin":[12.5,4.5,5.5]},"to":[13,5,6]},{"faces":{"down":{"texture":"#1","uv":[6,0,7,1]},"east":{"texture":"#1","uv":[6,0,7,1]},"north":{"texture":"#1","uv":[6,0,7,1]},"south":{"texture":"#1","uv":[6,0,7,1]},"up":{"texture":"#1","uv":[6,0,7,1]},"west":{"texture":"#1","uv":[6,0,7,1]}},"from":[11,4,3],"rotation":{"angle":0,"axis":"y","origin":[11.5,4.5,3.5]},"to":[12,5,4]},{"faces":{"down":{"texture":"#1","uv":[5,0,6,1]},"east":{"texture":"#1","uv":[5,0,6,1]},"north":{"texture":"#1","uv":[5,0,6,1]},"south":{"texture":"#1","uv":[5,0,6,1]},"up":{"texture":"#1","uv":[5,0,6,1]},"west":{"texture":"#1","uv":[5,0,6,1]}},"from":[12,4,4],"rotation":{"angle":0,"axis":"y","origin":[12.5,4.5,4.5]},"to":[13,5,5]},{"faces":{"down":{"texture":"#1","uv":[14,0,15,1]},"east":{"texture":"#1","uv":[14,0,15,1]},"north":{"texture":"#1","uv":[14,0,15,1]},"south":{"texture":"#1","uv":[14,0,15,1]},"up":{"texture":"#1","uv":[14,0,15,1]},"west":{"texture":"#1","uv":[14,0,15,1]}},"from":[3,4,4],"rotation":{"angle":0,"axis":"y","origin":[3.5,4.5,4.5]},"to":[4,5,5]},{"faces":{"down":{"texture":"#0","uv":[5,1,6,2]},"east":{"texture":"#0","uv":[5,1,6,2]},"north":{"texture":"#0","uv":[5,1,6,2]},"south":{"texture":"#0","uv":[5,1,6,2]},"up":{"texture":"#0","uv":[5,1,6,2]},"west":{"texture":"#0","uv":[5,1,6,2]}},"from":[4,5,11],"rotation":{"angle":0,"axis":"y","origin":[4.5,5.5,11.5]},"to":[5,6,12]},{"faces":{"down":{"texture":"#0","uv":[15,1,16,2]},"east":{"texture":"#0","uv":[15,1,16,2]},"north":{"texture":"#0","uv":[15,1,16,2]},"south":{"texture":"#0","uv":[15,1,16,2]},"up":{"texture":"#0","uv":[15,1,16,2]},"west":{"texture":"#0","uv":[15,1,16,2]}},"from":[11,5,10],"rotation":{"angle":0,"axis":"y","origin":[11.5,5.5,10.5]},"to":[12,6,11]},{"faces":{"down":{"texture":"#0","uv":[4,1,5,2]},"east":{"texture":"#0","uv":[4,1,5,2]},"north":{"texture":"#0","uv":[4,1,5,2]},"south":{"texture":"#0","uv":[4,1,5,2]},"up":{"texture":"#0","uv":[4,1,5,2]},"west":{"texture":"#0","uv":[4,1,5,2]}},"from":[4,5,10],"rotation":{"angle":0,"axis":"y","origin":[4.5,5.5,10.5]},"to":[5,6,11]},{"faces":{"down":{"texture":"#0","uv":[13,1,14,2]},"east":{"texture":"#0","uv":[13,1,14,2]},"north":{"texture":"#0","uv":[13,1,14,2]},"south":{"texture":"#0","uv":[13,1,14,2]},"up":{"texture":"#0","uv":[13,1,14,2]},"west":{"texture":"#0","uv":[13,1,14,2]}},"from":[11,5,11],"rotation":{"angle":0,"axis":"y","origin":[11.5,5.5,11.5]},"to":[12,6,12]},{"faces":{"down":{"texture":"#0","uv":[11,1,12,2]},"east":{"texture":"#0","uv":[11,1,12,2]},"north":{"texture":"#0","uv":[11,1,12,2]},"south":{"texture":"#0","uv":[11,1,12,2]},"up":{"texture":"#0","uv":[11,1,12,2]},"west":{"texture":"#0","uv":[11,1,12,2]}},"from":[9,5,12],"rotation":{"angle":0,"axis":"y","origin":[9.5,5.5,12.5]},"to":[10,6,13]},{"faces":{"down":{"texture":"#0","uv":[10,1,11,2]},"east":{"texture":"#0","uv":[10,1,11,2]},"north":{"texture":"#0","uv":[10,1,11,2]},"south":{"texture":"#0","uv":[10,1,11,2]},"up":{"texture":"#0","uv":[10,1,11,2]},"west":{"texture":"#0","uv":[10,1,11,2]}},"from":[8,5,12],"rotation":{"angle":0,"axis":"y","origin":[8.5,5.5,12.5]},"to":[9,6,13]},{"faces":{"down":{"texture":"#0","uv":[9,1,10,2]},"east":{"texture":"#0","uv":[9,1,10,2]},"north":{"texture":"#0","uv":[9,1,10,2]},"south":{"texture":"#0","uv":[9,1,10,2]},"up":{"texture":"#0","uv":[9,1,10,2]},"west":{"texture":"#0","uv":[9,1,10,2]}},"from":[7,5,12],"rotation":{"angle":0,"axis":"y","origin":[7.5,5.5,12.5]},"to":[8,6,13]},{"faces":{"down":{"texture":"#0","uv":[8,1,9,2]},"east":{"texture":"#0","uv":[8,1,9,2]},"north":{"texture":"#0","uv":[8,1,9,2]},"south":{"texture":"#0","uv":[8,1,9,2]},"up":{"texture":"#0","uv":[8,1,9,2]},"west":{"texture":"#0","uv":[8,1,9,2]}},"from":[6,5,12],"rotation":{"angle":0,"axis":"y","origin":[6.5,5.5,12.5]},"to":[7,6,13]},{"faces":{"down":{"texture":"#0","uv":[7,1,8,2]},"east":{"texture":"#0","uv":[7,1,8,2]},"north":{"texture":"#0","uv":[7,1,8,2]},"south":{"texture":"#0","uv":[7,1,8,2]},"up":{"texture":"#0","uv":[7,1,8,2]},"west":{"texture":"#0","uv":[7,1,8,2]}},"from":[5,5,11],"rotation":{"angle":0,"axis":"y","origin":[5.5,5.5,11.5]},"to":[6,6,12]},{"faces":{"down":{"texture":"#0","uv":[3,1,4,2]},"east":{"texture":"#0","uv":[3,1,4,2]},"north":{"texture":"#0","uv":[3,1,4,2]},"south":{"texture":"#0","uv":[3,1,4,2]},"up":{"texture":"#0","uv":[3,1,4,2]},"west":{"texture":"#0","uv":[3,1,4,2]}},"from":[3,5,9],"rotation":{"angle":0,"axis":"y","origin":[3.5,5.5,9.5]},"to":[4,6,10]},{"faces":{"down":{"texture":"#0","uv":[2,1,3,2]},"east":{"texture":"#0","uv":[2,1,3,2]},"north":{"texture":"#0","uv":[2,1,3,2]},"south":{"texture":"#0","uv":[2,1,3,2]},"up":{"texture":"#0","uv":[2,1,3,2]},"west":{"texture":"#0","uv":[2,1,3,2]}},"from":[3,5,8],"rotation":{"angle":0,"axis":"y","origin":[3.5,5.5,8.5]},"to":[4,6,9]},{"faces":{"down":{"texture":"#0","uv":[0,1,1,2]},"east":{"texture":"#0","uv":[0,1,1,2]},"north":{"texture":"#0","uv":[0,1,1,2]},"south":{"texture":"#0","uv":[0,1,1,2]},"up":{"texture":"#0","uv":[0,1,1,2]},"west":{"texture":"#0","uv":[0,1,1,2]}},"from":[3,5,6],"rotation":{"angle":0,"axis":"y","origin":[3.5,5.5,6.5]},"to":[4,6,7]},{"faces":{"down":{"texture":"#0","uv":[1,1,2,2]},"east":{"texture":"#0","uv":[1,1,2,2]},"north":{"texture":"#0","uv":[1,1,2,2]},"south":{"texture":"#0","uv":[1,1,2,2]},"up":{"texture":"#0","uv":[1,1,2,2]},"west":{"texture":"#0","uv":[1,1,2,2]}},"from":[3,5,7],"rotation":{"angle":0,"axis":"y","origin":[3.5,5.5,7.5]},"to":[4,6,8]},{"faces":{"down":{"texture":"#0","uv":[12,1,13,2]},"east":{"texture":"#0","uv":[12,1,13,2]},"north":{"texture":"#0","uv":[12,1,13,2]},"south":{"texture":"#0","uv":[12,1,13,2]},"up":{"texture":"#0","uv":[12,1,13,2]},"west":{"texture":"#0","uv":[12,1,13,2]}},"from":[10,5,11],"rotation":{"angle":0,"axis":"y","origin":[10.5,5.5,11.5]},"to":[11,6,12]},{"faces":{"down":{"texture":"#0","uv":[15,1,16,2]},"east":{"texture":"#0","uv":[15,1,16,2]},"north":{"texture":"#0","uv":[15,1,16,2]},"south":{"texture":"#0","uv":[15,1,16,2]},"up":{"texture":"#0","uv":[15,1,16,2]},"west":{"texture":"#0","uv":[15,1,16,2]}},"from":[4,5,5],"rotation":{"angle":0,"axis":"y","origin":[4.5,5.5,5.5]},"to":[5,6,6]},{"faces":{"down":{"texture":"#0","uv":[12,1,13,2]},"east":{"texture":"#0","uv":[12,1,13,2]},"north":{"texture":"#0","uv":[12,1,13,2]},"south":{"texture":"#0","uv":[12,1,13,2]},"up":{"texture":"#0","uv":[12,1,13,2]},"west":{"texture":"#0","uv":[12,1,13,2]}},"from":[5,5,4],"rotation":{"angle":0,"axis":"y","origin":[5.5,5.5,4.5]},"to":[6,6,5]},{"faces":{"down":{"texture":"#0","uv":[1,1,2,2]},"east":{"texture":"#0","uv":[1,1,2,2]},"north":{"texture":"#0","uv":[1,1,2,2]},"south":{"texture":"#0","uv":[1,1,2,2]},"up":{"texture":"#0","uv":[1,1,2,2]},"west":{"texture":"#0","uv":[1,1,2,2]}},"from":[12,5,8],"rotation":{"angle":0,"axis":"y","origin":[12.5,5.5,8.5]},"to":[13,6,9]},{"faces":{"down":{"texture":"#0","uv":[0,1,1,2]},"east":{"texture":"#0","uv":[0,1,1,2]},"north":{"texture":"#0","uv":[0,1,1,2]},"south":{"texture":"#0","uv":[0,1,1,2]},"up":{"texture":"#0","uv":[0,1,1,2]},"west":{"texture":"#0","uv":[0,1,1,2]}},"from":[12,5,9],"rotation":{"angle":0,"axis":"y","origin":[12.5,5.5,9.5]},"to":[13,6,10]},{"faces":{"down":{"texture":"#0","uv":[2,1,3,2]},"east":{"texture":"#0","uv":[2,1,3,2]},"north":{"texture":"#0","uv":[2,1,3,2]},"south":{"texture":"#0","uv":[2,1,3,2]},"up":{"texture":"#0","uv":[2,1,3,2]},"west":{"texture":"#0","uv":[2,1,3,2]}},"from":[12,5,7],"rotation":{"angle":0,"axis":"y","origin":[12.5,5.5,7.5]},"to":[13,6,8]},{"faces":{"down":{"texture":"#0","uv":[3,1,4,2]},"east":{"texture":"#0","uv":[3,1,4,2]},"north":{"texture":"#0","uv":[3,1,4,2]},"south":{"texture":"#0","uv":[3,1,4,2]},"up":{"texture":"#0","uv":[3,1,4,2]},"west":{"texture":"#0","uv":[3,1,4,2]}},"from":[12,5,6],"rotation":{"angle":0,"axis":"y","origin":[12.5,5.5,6.5]},"to":[13,6,7]},{"faces":{"down":{"texture":"#0","uv":[7,1,8,2]},"east":{"texture":"#0","uv":[7,1,8,2]},"north":{"texture":"#0","uv":[7,1,8,2]},"south":{"texture":"#0","uv":[7,1,8,2]},"up":{"texture":"#0","uv":[7,1,8,2]},"west":{"texture":"#0","uv":[7,1,8,2]}},"from":[10,5,4],"rotation":{"angle":0,"axis":"y","origin":[10.5,5.5,4.5]},"to":[11,6,5]},{"faces":{"down":{"texture":"#0","uv":[8,1,9,2]},"east":{"texture":"#0","uv":[8,1,9,2]},"north":{"texture":"#0","uv":[8,1,9,2]},"south":{"texture":"#0","uv":[8,1,9,2]},"up":{"texture":"#0","uv":[8,1,9,2]},"west":{"texture":"#0","uv":[8,1,9,2]}},"from":[9,5,3],"rotation":{"angle":0,"axis":"y","origin":[9.5,5.5,3.5]},"to":[10,6,4]},{"faces":{"down":{"texture":"#0","uv":[9,1,10,2]},"east":{"texture":"#0","uv":[9,1,10,2]},"north":{"texture":"#0","uv":[9,1,10,2]},"south":{"texture":"#0","uv":[9,1,10,2]},"up":{"texture":"#0","uv":[9,1,10,2]},"west":{"texture":"#0","uv":[9,1,10,2]}},"from":[8,5,3],"rotation":{"angle":0,"axis":"y","origin":[8.5,5.5,3.5]},"to":[9,6,4]},{"faces":{"down":{"texture":"#0","uv":[10,1,11,2]},"east":{"texture":"#0","uv":[10,1,11,2]},"north":{"texture":"#0","uv":[10,1,11,2]},"south":{"texture":"#0","uv":[10,1,11,2]},"up":{"texture":"#0","uv":[10,1,11,2]},"west":{"texture":"#0","uv":[10,1,11,2]}},"from":[7,5,3],"rotation":{"angle":0,"axis":"y","origin":[7.5,5.5,3.5]},"to":[8,6,4]},{"faces":{"down":{"texture":"#0","uv":[11,1,12,2]},"east":{"texture":"#0","uv":[11,1,12,2]},"north":{"texture":"#0","uv":[11,1,12,2]},"south":{"texture":"#0","uv":[11,1,12,2]},"up":{"texture":"#0","uv":[11,1,12,2]},"west":{"texture":"#0","uv":[11,1,12,2]}},"from":[6,5,3],"rotation":{"angle":0,"axis":"y","origin":[6.5,5.5,3.5]},"to":[7,6,4]},{"faces":{"down":{"texture":"#0","uv":[4,1,5,2]},"east":{"texture":"#0","uv":[4,1,5,2]},"north":{"texture":"#0","uv":[4,1,5,2]},"south":{"texture":"#0","uv":[4,1,5,2]},"up":{"texture":"#0","uv":[4,1,5,2]},"west":{"texture":"#0","uv":[4,1,5,2]}},"from":[11,5,5],"rotation":{"angle":0,"axis":"y","origin":[11.5,5.5,5.5]},"to":[12,6,6]},{"faces":{"down":{"texture":"#0","uv":[5,1,6,2]},"east":{"texture":"#0","uv":[5,1,6,2]},"north":{"texture":"#0","uv":[5,1,6,2]},"south":{"texture":"#0","uv":[5,1,6,2]},"up":{"texture":"#0","uv":[5,1,6,2]},"west":{"texture":"#0","uv":[5,1,6,2]}},"from":[11,5,4],"rotation":{"angle":0,"axis":"y","origin":[11.5,5.5,4.5]},"to":[12,6,5]},{"faces":{"down":{"texture":"#0","uv":[14,1,15,2]},"east":{"texture":"#0","uv":[14,1,15,2]},"north":{"texture":"#0","uv":[14,1,15,2]},"south":{"texture":"#0","uv":[14,1,15,2]},"up":{"texture":"#0","uv":[14,1,15,2]},"west":{"texture":"#0","uv":[14,1,15,2]}},"from":[4,5,4],"rotation":{"angle":0,"axis":"y","origin":[4.5,5.5,4.5]},"to":[5,6,5]},{"faces":{"down":{"texture":"#0","uv":[9,4,10,5]},"east":{"texture":"#0","uv":[4,9,5,10]},"north":{"texture":"#0","uv":[6,9,7,10]},"south":{"texture":"#0","uv":[9,9,10,10]},"up":{"texture":"#0","uv":[9,11,10,12]},"west":{"texture":"#0","uv":[11,9,12,10]}},"from":[9,6,11],"rotation":{"angle":0,"axis":"y","origin":[9.5,6.5,11.5]},"to":[10,7,12]},{"faces":{"down":{"texture":"#0","uv":[6,4,7,5]},"east":{"texture":"#0","uv":[4,9,5,10]},"north":{"texture":"#0","uv":[9,9,10,10]},"south":{"texture":"#0","uv":[6,9,7,10]},"up":{"texture":"#0","uv":[6,11,7,12]},"west":{"texture":"#0","uv":[11,9,12,10]}},"from":[6,6,11],"rotation":{"angle":0,"axis":"y","origin":[6.5,6.5,11.5]},"to":[7,7,12]},{"faces":{"down":{"texture":"#0","uv":[7,4,8,5]},"east":{"texture":"#0","uv":[4,9,5,10]},"north":{"texture":"#0","uv":[8,9,9,10]},"south":{"texture":"#0","uv":[7,9,8,10]},"up":{"texture":"#0","uv":[7,11,8,12]},"west":{"texture":"#0","uv":[11,9,12,10]}},"from":[7,6,11],"rotation":{"angle":0,"axis":"y","origin":[7.5,6.5,11.5]},"to":[8,7,12]},{"faces":{"down":{"texture":"#0","uv":[8,4,9,5]},"east":{"texture":"#0","uv":[4,9,5,10]},"north":{"texture":"#0","uv":[7,9,8,10]},"south":{"texture":"#0","uv":[8,9,9,10]},"up":{"texture":"#0","uv":[8,11,9,12]},"west":{"texture":"#0","uv":[11,9,12,10]}},"from":[8,6,11],"rotation":{"angle":0,"axis":"y","origin":[8.5,6.5,11.5]},"to":[9,7,12]},{"faces":{"down":{"texture":"#0","uv":[9,5,10,6]},"east":{"texture":"#0","uv":[5,9,6,10]},"north":{"texture":"#0","uv":[6,9,7,10]},"south":{"texture":"#0","uv":[9,9,10,10]},"up":{"texture":"#0","uv":[9,10,10,11]},"west":{"texture":"#0","uv":[10,9,11,10]}},"from":[9,6,10],"rotation":{"angle":0,"axis":"y","origin":[9.5,6.5,10.5]},"to":[10,7,11]},{"faces":{"down":{"texture":"#0","uv":[6,5,7,6]},"east":{"texture":"#0","uv":[5,9,6,10]},"north":{"texture":"#0","uv":[9,9,10,10]},"south":{"texture":"#0","uv":[6,9,7,10]},"up":{"texture":"#0","uv":[6,10,7,11]},"west":{"texture":"#0","uv":[10,9,11,10]}},"from":[6,6,10],"rotation":{"angle":0,"axis":"y","origin":[6.5,6.5,10.5]},"to":[7,7,11]},{"faces":{"down":{"texture":"#0","uv":[7,5,8,6]},"east":{"texture":"#0","uv":[5,9,6,10]},"north":{"texture":"#0","uv":[8,9,9,10]},"south":{"texture":"#0","uv":[7,9,8,10]},"up":{"texture":"#0","uv":[7,10,8,11]},"west":{"texture":"#0","uv":[10,9,11,10]}},"from":[7,6,10],"rotation":{"angle":0,"axis":"y","origin":[7.5,6.5,10.5]},"to":[8,7,11]},{"faces":{"down":{"texture":"#0","uv":[8,5,9,6]},"east":{"texture":"#0","uv":[5,9,6,10]},"north":{"texture":"#0","uv":[7,9,8,10]},"south":{"texture":"#0","uv":[8,9,9,10]},"up":{"texture":"#0","uv":[8,10,9,11]},"west":{"texture":"#0","uv":[10,9,11,10]}},"from":[8,6,10],"rotation":{"angle":0,"axis":"y","origin":[8.5,6.5,10.5]},"to":[9,7,11]},{"faces":{"down":{"texture":"#0","uv":[11,9,12,10]},"east":{"texture":"#0","uv":[9,9,10,10]},"north":{"texture":"#0","uv":[4,9,5,10]},"south":{"texture":"#0","uv":[11,9,12,10]},"up":{"texture":"#0","uv":[11,6,12,7]},"west":{"texture":"#0","uv":[6,9,7,10]}},"from":[11,6,6],"rotation":{"angle":0,"axis":"y","origin":[11.5,6.5,6.5]},"to":[12,7,7]},{"faces":{"down":{"texture":"#0","uv":[11,6,12,7]},"east":{"texture":"#0","uv":[6,9,7,10]},"north":{"texture":"#0","uv":[4,9,5,10]},"south":{"texture":"#0","uv":[11,9,12,10]},"up":{"texture":"#0","uv":[11,9,12,10]},"west":{"texture":"#0","uv":[9,9,10,10]}},"from":[11,6,9],"rotation":{"angle":0,"axis":"y","origin":[11.5,6.5,9.5]},"to":[12,7,10]},{"faces":{"down":{"texture":"#0","uv":[11,7,12,8]},"east":{"texture":"#0","uv":[7,9,8,10]},"north":{"texture":"#0","uv":[4,9,5,10]},"south":{"texture":"#0","uv":[11,9,12,10]},"up":{"texture":"#0","uv":[11,8,12,9]},"west":{"texture":"#0","uv":[8,9,9,10]}},"from":[11,6,8],"rotation":{"angle":0,"axis":"y","origin":[11.5,6.5,8.5]},"to":[12,7,9]},{"faces":{"down":{"texture":"#0","uv":[11,8,12,9]},"east":{"texture":"#0","uv":[8,9,9,10]},"north":{"texture":"#0","uv":[4,9,5,10]},"south":{"texture":"#0","uv":[11,9,12,10]},"up":{"texture":"#0","uv":[11,7,12,8]},"west":{"texture":"#0","uv":[7,9,8,10]}},"from":[11,6,7],"rotation":{"angle":0,"axis":"y","origin":[11.5,6.5,7.5]},"to":[12,7,8]},{"faces":{"down":{"texture":"#0","uv":[10,9,11,10]},"east":{"texture":"#0","uv":[9,9,10,10]},"north":{"texture":"#0","uv":[5,9,6,10]},"south":{"texture":"#0","uv":[10,9,11,10]},"up":{"texture":"#0","uv":[10,6,11,7]},"west":{"texture":"#0","uv":[6,9,7,10]}},"from":[10,6,6],"rotation":{"angle":0,"axis":"y","origin":[10.5,6.5,6.5]},"to":[11,7,7]},{"faces":{"down":{"texture":"#0","uv":[10,6,11,7]},"east":{"texture":"#0","uv":[6,9,7,10]},"north":{"texture":"#0","uv":[5,9,6,10]},"south":{"texture":"#0","uv":[10,9,11,10]},"up":{"texture":"#0","uv":[10,9,11,10]},"west":{"texture":"#0","uv":[9,9,10,10]}},"from":[10,6,9],"rotation":{"angle":0,"axis":"y","origin":[10.5,6.5,9.5]},"to":[11,7,10]},{"faces":{"down":{"texture":"#0","uv":[10,7,11,8]},"east":{"texture":"#0","uv":[7,9,8,10]},"north":{"texture":"#0","uv":[5,9,6,10]},"south":{"texture":"#0","uv":[10,9,11,10]},"up":{"texture":"#0","uv":[10,8,11,9]},"west":{"texture":"#0","uv":[8,9,9,10]}},"from":[10,6,8],"rotation":{"angle":0,"axis":"y","origin":[10.5,6.5,8.5]},"to":[11,7,9]},{"faces":{"down":{"texture":"#0","uv":[10,8,11,9]},"east":{"texture":"#0","uv":[8,9,9,10]},"north":{"texture":"#0","uv":[5,9,6,10]},"south":{"texture":"#0","uv":[10,9,11,10]},"up":{"texture":"#0","uv":[10,7,11,8]},"west":{"texture":"#0","uv":[7,9,8,10]}},"from":[10,6,7],"rotation":{"angle":0,"axis":"y","origin":[10.5,6.5,7.5]},"to":[11,7,8]},{"faces":{"down":{"texture":"#0","uv":[9,9,10,10]},"east":{"texture":"#0","uv":[9,9,10,10]},"north":{"texture":"#0","uv":[6,9,7,10]},"south":{"texture":"#0","uv":[9,9,10,10]},"up":{"texture":"#0","uv":[9,6,10,7]},"west":{"texture":"#0","uv":[6,9,7,10]}},"from":[9,6,6],"rotation":{"angle":0,"axis":"y","origin":[9.5,6.5,6.5]},"to":[10,7,7]},{"faces":{"down":{"texture":"#0","uv":[9,6,10,7]},"east":{"texture":"#0","uv":[6,9,7,10]},"north":{"texture":"#0","uv":[6,9,7,10]},"south":{"texture":"#0","uv":[9,9,10,10]},"up":{"texture":"#0","uv":[9,9,10,10]},"west":{"texture":"#0","uv":[9,9,10,10]}},"from":[9,6,9],"rotation":{"angle":0,"axis":"y","origin":[9.5,6.5,9.5]},"to":[10,7,10]},{"faces":{"down":{"texture":"#0","uv":[9,7,10,8]},"east":{"texture":"#0","uv":[7,9,8,10]},"north":{"texture":"#0","uv":[6,9,7,10]},"south":{"texture":"#0","uv":[9,9,10,10]},"up":{"texture":"#0","uv":[9,8,10,9]},"west":{"texture":"#0","uv":[8,9,9,10]}},"from":[9,6,8],"rotation":{"angle":0,"axis":"y","origin":[9.5,6.5,8.5]},"to":[10,7,9]},{"faces":{"down":{"texture":"#0","uv":[9,8,10,9]},"east":{"texture":"#0","uv":[8,9,9,10]},"north":{"texture":"#0","uv":[6,9,7,10]},"south":{"texture":"#0","uv":[9,9,10,10]},"up":{"texture":"#0","uv":[9,7,10,8]},"west":{"texture":"#0","uv":[7,9,8,10]}},"from":[9,6,7],"rotation":{"angle":0,"axis":"y","origin":[9.5,6.5,7.5]},"to":[10,7,8]},{"faces":{"down":{"texture":"#0","uv":[8,9,9,10]},"east":{"texture":"#0","uv":[9,9,10,10]},"north":{"texture":"#0","uv":[7,9,8,10]},"south":{"texture":"#0","uv":[8,9,9,10]},"up":{"texture":"#0","uv":[8,6,9,7]},"west":{"texture":"#0","uv":[6,9,7,10]}},"from":[8,6,6],"rotation":{"angle":0,"axis":"y","origin":[8.5,6.5,6.5]},"to":[9,7,7]},{"faces":{"down":{"texture":"#0","uv":[8,6,9,7]},"east":{"texture":"#0","uv":[6,9,7,10]},"north":{"texture":"#0","uv":[7,9,8,10]},"south":{"texture":"#0","uv":[8,9,9,10]},"up":{"texture":"#0","uv":[8,9,9,10]},"west":{"texture":"#0","uv":[9,9,10,10]}},"from":[8,6,9],"rotation":{"angle":0,"axis":"y","origin":[8.5,6.5,9.5]},"to":[9,7,10]},{"faces":{"down":{"texture":"#0","uv":[8,7,9,8]},"east":{"texture":"#0","uv":[7,9,8,10]},"north":{"texture":"#0","uv":[7,9,8,10]},"south":{"texture":"#0","uv":[8,9,9,10]},"up":{"texture":"#0","uv":[8,8,9,9]},"west":{"texture":"#0","uv":[8,9,9,10]}},"from":[8,6,8],"rotation":{"angle":0,"axis":"y","origin":[8.5,6.5,8.5]},"to":[9,7,9]},{"faces":{"down":{"texture":"#0","uv":[8,8,9,9]},"east":{"texture":"#0","uv":[8,9,9,10]},"north":{"texture":"#0","uv":[7,9,8,10]},"south":{"texture":"#0","uv":[8,9,9,10]},"up":{"texture":"#0","uv":[8,7,9,8]},"west":{"texture":"#0","uv":[7,9,8,10]}},"from":[8,6,7],"rotation":{"angle":0,"axis":"y","origin":[8.5,6.5,7.5]},"to":[9,7,8]},{"faces":{"down":{"texture":"#0","uv":[7,9,8,10]},"east":{"texture":"#0","uv":[9,9,10,10]},"north":{"texture":"#0","uv":[8,9,9,10]},"south":{"texture":"#0","uv":[7,9,8,10]},"up":{"texture":"#0","uv":[7,6,8,7]},"west":{"texture":"#0","uv":[6,9,7,10]}},"from":[7,6,6],"rotation":{"angle":0,"axis":"y","origin":[7.5,6.5,6.5]},"to":[8,7,7]},{"faces":{"down":{"texture":"#0","uv":[7,6,8,7]},"east":{"texture":"#0","uv":[6,9,7,10]},"north":{"texture":"#0","uv":[8,9,9,10]},"south":{"texture":"#0","uv":[7,9,8,10]},"up":{"texture":"#0","uv":[7,9,8,10]},"west":{"texture":"#0","uv":[9,9,10,10]}},"from":[7,6,9],"rotation":{"angle":0,"axis":"y","origin":[7.5,6.5,9.5]},"to":[8,7,10]},{"faces":{"down":{"texture":"#0","uv":[7,7,8,8]},"east":{"texture":"#0","uv":[7,9,8,10]},"north":{"texture":"#0","uv":[8,9,9,10]},"south":{"texture":"#0","uv":[7,9,8,10]},"up":{"texture":"#0","uv":[7,8,8,9]},"west":{"texture":"#0","uv":[8,9,9,10]}},"from":[7,6,8],"rotation":{"angle":0,"axis":"y","origin":[7.5,6.5,8.5]},"to":[8,7,9]},{"faces":{"down":{"texture":"#0","uv":[7,8,8,9]},"east":{"texture":"#0","uv":[8,9,9,10]},"north":{"texture":"#0","uv":[8,9,9,10]},"south":{"texture":"#0","uv":[7,9,8,10]},"up":{"texture":"#0","uv":[7,7,8,8]},"west":{"texture":"#0","uv":[7,9,8,10]}},"from":[7,6,7],"rotation":{"angle":0,"axis":"y","origin":[7.5,6.5,7.5]},"to":[8,7,8]},{"faces":{"down":{"texture":"#0","uv":[6,9,7,10]},"east":{"texture":"#0","uv":[9,9,10,10]},"north":{"texture":"#0","uv":[9,9,10,10]},"south":{"texture":"#0","uv":[6,9,7,10]},"up":{"texture":"#0","uv":[6,6,7,7]},"west":{"texture":"#0","uv":[6,9,7,10]}},"from":[6,6,6],"rotation":{"angle":0,"axis":"y","origin":[6.5,6.5,6.5]},"to":[7,7,7]},{"faces":{"down":{"texture":"#0","uv":[6,6,7,7]},"east":{"texture":"#0","uv":[6,9,7,10]},"north":{"texture":"#0","uv":[9,9,10,10]},"south":{"texture":"#0","uv":[6,9,7,10]},"up":{"texture":"#0","uv":[6,9,7,10]},"west":{"texture":"#0","uv":[9,9,10,10]}},"from":[6,6,9],"rotation":{"angle":0,"axis":"y","origin":[6.5,6.5,9.5]},"to":[7,7,10]},{"faces":{"down":{"texture":"#0","uv":[6,7,7,8]},"east":{"texture":"#0","uv":[7,9,8,10]},"north":{"texture":"#0","uv":[9,9,10,10]},"south":{"texture":"#0","uv":[6,9,7,10]},"up":{"texture":"#0","uv":[6,8,7,9]},"west":{"texture":"#0","uv":[8,9,9,10]}},"from":[6,6,8],"rotation":{"angle":0,"axis":"y","origin":[6.5,6.5,8.5]},"to":[7,7,9]},{"faces":{"down":{"texture":"#0","uv":[6,8,7,9]},"east":{"texture":"#0","uv":[8,9,9,10]},"north":{"texture":"#0","uv":[9,9,10,10]},"south":{"texture":"#0","uv":[6,9,7,10]},"up":{"texture":"#0","uv":[6,7,7,8]},"west":{"texture":"#0","uv":[7,9,8,10]}},"from":[6,6,7],"rotation":{"angle":0,"axis":"y","origin":[6.5,6.5,7.5]},"to":[7,7,8]},{"faces":{"down":{"texture":"#0","uv":[5,9,6,10]},"east":{"texture":"#0","uv":[9,9,10,10]},"north":{"texture":"#0","uv":[10,9,11,10]},"south":{"texture":"#0","uv":[5,9,6,10]},"up":{"texture":"#0","uv":[5,6,6,7]},"west":{"texture":"#0","uv":[6,9,7,10]}},"from":[5,6,6],"rotation":{"angle":0,"axis":"y","origin":[5.5,6.5,6.5]},"to":[6,7,7]},{"faces":{"down":{"texture":"#0","uv":[5,6,6,7]},"east":{"texture":"#0","uv":[6,9,7,10]},"north":{"texture":"#0","uv":[10,9,11,10]},"south":{"texture":"#0","uv":[5,9,6,10]},"up":{"texture":"#0","uv":[5,9,6,10]},"west":{"texture":"#0","uv":[9,9,10,10]}},"from":[5,6,9],"rotation":{"angle":0,"axis":"y","origin":[5.5,6.5,9.5]},"to":[6,7,10]},{"faces":{"down":{"texture":"#0","uv":[5,7,6,8]},"east":{"texture":"#0","uv":[7,9,8,10]},"north":{"texture":"#0","uv":[10,9,11,10]},"south":{"texture":"#0","uv":[5,9,6,10]},"up":{"texture":"#0","uv":[5,8,6,9]},"west":{"texture":"#0","uv":[8,9,9,10]}},"from":[5,6,8],"rotation":{"angle":0,"axis":"y","origin":[5.5,6.5,8.5]},"to":[6,7,9]},{"faces":{"down":{"texture":"#0","uv":[5,8,6,9]},"east":{"texture":"#0","uv":[8,9,9,10]},"north":{"texture":"#0","uv":[10,9,11,10]},"south":{"texture":"#0","uv":[5,9,6,10]},"up":{"texture":"#0","uv":[5,7,6,8]},"west":{"texture":"#0","uv":[7,9,8,10]}},"from":[5,6,7],"rotation":{"angle":0,"axis":"y","origin":[5.5,6.5,7.5]},"to":[6,7,8]},{"faces":{"down":{"texture":"#0","uv":[4,9,5,10]},"east":{"texture":"#0","uv":[9,9,10,10]},"north":{"texture":"#0","uv":[11,9,12,10]},"south":{"texture":"#0","uv":[4,9,5,10]},"up":{"texture":"#0","uv":[4,6,5,7]},"west":{"texture":"#0","uv":[6,9,7,10]}},"from":[4,6,6],"rotation":{"angle":0,"axis":"y","origin":[4.5,6.5,6.5]},"to":[5,7,7]},{"faces":{"down":{"texture":"#0","uv":[4,6,5,7]},"east":{"texture":"#0","uv":[6,9,7,10]},"north":{"texture":"#0","uv":[11,9,12,10]},"south":{"texture":"#0","uv":[4,9,5,10]},"up":{"texture":"#0","uv":[4,9,5,10]},"west":{"texture":"#0","uv":[9,9,10,10]}},"from":[4,6,9],"rotation":{"angle":0,"axis":"y","origin":[4.5,6.5,9.5]},"to":[5,7,10]},{"faces":{"down":{"texture":"#0","uv":[4,7,5,8]},"east":{"texture":"#0","uv":[7,9,8,10]},"north":{"texture":"#0","uv":[11,9,12,10]},"south":{"texture":"#0","uv":[4,9,5,10]},"up":{"texture":"#0","uv":[4,8,5,9]},"west":{"texture":"#0","uv":[8,9,9,10]}},"from":[4,6,8],"rotation":{"angle":0,"axis":"y","origin":[4.5,6.5,8.5]},"to":[5,7,9]},{"faces":{"down":{"texture":"#0","uv":[4,8,5,9]},"east":{"texture":"#0","uv":[8,9,9,10]},"north":{"texture":"#0","uv":[11,9,12,10]},"south":{"texture":"#0","uv":[4,9,5,10]},"up":{"texture":"#0","uv":[4,7,5,8]},"west":{"texture":"#0","uv":[7,9,8,10]}},"from":[4,6,7],"rotation":{"angle":0,"axis":"y","origin":[4.5,6.5,7.5]},"to":[5,7,8]},{"faces":{"down":{"texture":"#0","uv":[9,11,10,12]},"east":{"texture":"#0","uv":[11,9,12,10]},"north":{"texture":"#0","uv":[6,9,7,10]},"south":{"texture":"#0","uv":[9,9,10,10]},"up":{"texture":"#0","uv":[9,4,10,5]},"west":{"texture":"#0","uv":[4,9,5,10]}},"from":[9,6,4],"rotation":{"angle":0,"axis":"y","origin":[9.5,6.5,4.5]},"to":[10,7,5]},{"faces":{"down":{"texture":"#0","uv":[6,11,7,12]},"east":{"texture":"#0","uv":[11,9,12,10]},"north":{"texture":"#0","uv":[9,9,10,10]},"south":{"texture":"#0","uv":[6,9,7,10]},"up":{"texture":"#0","uv":[6,4,7,5]},"west":{"texture":"#0","uv":[4,9,5,10]}},"from":[6,6,4],"rotation":{"angle":0,"axis":"y","origin":[6.5,6.5,4.5]},"to":[7,7,5]},{"faces":{"down":{"texture":"#0","uv":[7,11,8,12]},"east":{"texture":"#0","uv":[11,9,12,10]},"north":{"texture":"#0","uv":[8,9,9,10]},"south":{"texture":"#0","uv":[7,9,8,10]},"up":{"texture":"#0","uv":[7,4,8,5]},"west":{"texture":"#0","uv":[4,9,5,10]}},"from":[7,6,4],"rotation":{"angle":0,"axis":"y","origin":[7.5,6.5,4.5]},"to":[8,7,5]},{"faces":{"down":{"texture":"#0","uv":[8,11,9,12]},"east":{"texture":"#0","uv":[11,9,12,10]},"north":{"texture":"#0","uv":[7,9,8,10]},"south":{"texture":"#0","uv":[8,9,9,10]},"up":{"texture":"#0","uv":[8,4,9,5]},"west":{"texture":"#0","uv":[4,9,5,10]}},"from":[8,6,4],"rotation":{"angle":0,"axis":"y","origin":[8.5,6.5,4.5]},"to":[9,7,5]},{"faces":{"down":{"texture":"#0","uv":[9,10,10,11]},"east":{"texture":"#0","uv":[10,9,11,10]},"north":{"texture":"#0","uv":[6,9,7,10]},"south":{"texture":"#0","uv":[9,9,10,10]},"up":{"texture":"#0","uv":[9,5,10,6]},"west":{"texture":"#0","uv":[5,9,6,10]}},"from":[9,6,5],"rotation":{"angle":0,"axis":"y","origin":[9.5,6.5,5.5]},"to":[10,7,6]},{"faces":{"down":{"texture":"#0","uv":[10,10,11,11]},"east":{"texture":"#0","uv":[10,9,11,10]},"north":{"texture":"#0","uv":[5,9,6,10]},"south":{"texture":"#0","uv":[10,9,11,10]},"up":{"texture":"#0","uv":[10,5,11,6]},"west":{"texture":"#0","uv":[5,9,6,10]}},"from":[10,6,5],"rotation":{"angle":0,"axis":"y","origin":[10.5,6.5,5.5]},"to":[11,7,6]},{"faces":{"down":{"texture":"#0","uv":[10,5,11,6]},"east":{"texture":"#0","uv":[5,9,6,10]},"north":{"texture":"#0","uv":[5,9,6,10]},"south":{"texture":"#0","uv":[10,9,11,10]},"up":{"texture":"#0","uv":[10,10,11,11]},"west":{"texture":"#0","uv":[10,9,11,10]}},"from":[10,6,10],"rotation":{"angle":0,"axis":"y","origin":[10.5,6.5,10.5]},"to":[11,7,11]},{"faces":{"down":{"texture":"#0","uv":[6,10,7,11]},"east":{"texture":"#0","uv":[10,9,11,10]},"north":{"texture":"#0","uv":[9,9,10,10]},"south":{"texture":"#0","uv":[6,9,7,10]},"up":{"texture":"#0","uv":[6,5,7,6]},"west":{"texture":"#0","uv":[5,9,6,10]}},"from":[6,6,5],"rotation":{"angle":0,"axis":"y","origin":[6.5,6.5,5.5]},"to":[7,7,6]},{"faces":{"down":{"texture":"#0","uv":[5,5,6,6]},"east":{"texture":"#0","uv":[5,9,6,10]},"north":{"texture":"#0","uv":[10,9,11,10]},"south":{"texture":"#0","uv":[5,9,6,10]},"up":{"texture":"#0","uv":[5,10,6,11]},"west":{"texture":"#0","uv":[10,9,11,10]}},"from":[5,6,10],"rotation":{"angle":0,"axis":"y","origin":[5.5,6.5,10.5]},"to":[6,7,11]},{"faces":{"down":{"texture":"#0","uv":[5,10,6,11]},"east":{"texture":"#0","uv":[10,9,11,10]},"north":{"texture":"#0","uv":[10,9,11,10]},"south":{"texture":"#0","uv":[5,9,6,10]},"up":{"texture":"#0","uv":[5,5,6,6]},"west":{"texture":"#0","uv":[5,9,6,10]}},"from":[5,6,5],"rotation":{"angle":0,"axis":"y","origin":[5.5,6.5,5.5]},"to":[6,7,6]},{"faces":{"down":{"texture":"#0","uv":[7,10,8,11]},"east":{"texture":"#0","uv":[10,9,11,10]},"north":{"texture":"#0","uv":[8,9,9,10]},"south":{"texture":"#0","uv":[7,9,8,10]},"up":{"texture":"#0","uv":[7,5,8,6]},"west":{"texture":"#0","uv":[5,9,6,10]}},"from":[7,6,5],"rotation":{"angle":0,"axis":"y","origin":[7.5,6.5,5.5]},"to":[8,7,6]},{"faces":{"down":{"texture":"#0","uv":[8,10,9,11]},"east":{"texture":"#0","uv":[10,9,11,10]},"north":{"texture":"#0","uv":[7,9,8,10]},"south":{"texture":"#0","uv":[8,9,9,10]},"up":{"texture":"#0","uv":[8,5,9,6]},"west":{"texture":"#0","uv":[5,9,6,10]}},"from":[8,6,5],"rotation":{"angle":0,"axis":"y","origin":[8.5,6.5,5.5]},"to":[9,7,6]},{"faces":{"down":{"texture":"#2","uv":[1,0,2,1]},"east":{"texture":"#2","uv":[1,0,2,1]},"north":{"texture":"#2","uv":[1,0,2,1]},"south":{"texture":"#2","uv":[1,0,2,1]},"up":{"texture":"#2","uv":[1,0,2,1]},"west":{"texture":"#2","uv":[1,0,2,1]}},"from":[7.25,7,8],"rotation":{"angle":0,"axis":"y","origin":[7.75,7.5,8.5]},"to":[8.25,8,9]},{"faces":{"down":{"texture":"#2","uv":[0,0,1,1]},"east":{"texture":"#2","uv":[0,0,1,1]},"north":{"texture":"#2","uv":[0,0,1,1]},"south":{"texture":"#2","uv":[0,0,1,1]},"up":{"texture":"#2","uv":[0,0,1,1]},"west":{"texture":"#2","uv":[0,0,1,1]}},"from":[7.25,7,9],"rotation":{"angle":0,"axis":"y","origin":[7.75,7.5,9.5]},"to":[8.25,8,10]},{"faces":{"down":{"texture":"#2","uv":[0,0,1,1]},"east":{"texture":"#2","uv":[0,0,1,1]},"north":{"texture":"#2","uv":[0,0,1,1]},"south":{"texture":"#2","uv":[0,0,1,1]},"up":{"texture":"#2","uv":[0,0,1,1]},"west":{"texture":"#2","uv":[0,0,1,1]}},"from":[7.25,7,7],"rotation":{"angle":0,"axis":"y","origin":[7.75,7.5,7.5]},"to":[8.25,8,8]},{"faces":{"down":{"texture":"#2","uv":[1,0,2,1]},"east":{"texture":"#2","uv":[1,0,2,1]},"north":{"texture":"#2","uv":[1,0,2,1]},"south":{"texture":"#2","uv":[1,0,2,1]},"up":{"texture":"#2","uv":[1,0,2,1]},"west":{"texture":"#2","uv":[1,0,2,1]}},"from":[4.75,7,7],"rotation":{"angle":0,"axis":"y","origin":[5.25,7.5,7.5]},"to":[5.75,8,8]},{"faces":{"down":{"texture":"#2","uv":[0,0,1,1]},"east":{"texture":"#2","uv":[0,0,1,1]},"north":{"texture":"#2","uv":[0,0,1,1]},"south":{"texture":"#2","uv":[0,0,1,1]},"up":{"texture":"#2","uv":[0,0,1,1]},"west":{"texture":"#2","uv":[0,0,1,1]}},"from":[4.75,7,9],"rotation":{"angle":0,"axis":"y","origin":[5.25,7.5,9.5]},"to":[5.75,8,10]},{"faces":{"down":{"texture":"#2","uv":[0,0,1,1]},"east":{"texture":"#2","uv":[0,0,1,1]},"north":{"texture":"#2","uv":[0,0,1,1]},"south":{"texture":"#2","uv":[0,0,1,1]},"up":{"texture":"#2","uv":[0,0,1,1]},"west":{"texture":"#2","uv":[0,0,1,1]}},"from":[4.75,7,8],"rotation":{"angle":0,"axis":"y","origin":[5.25,7.5,8.5]},"to":[5.75,8,9]},{"faces":{"down":{"texture":"#2","uv":[1,0,2,1]},"east":{"texture":"#2","uv":[1,0,2,1]},"north":{"texture":"#2","uv":[1,0,2,1]},"south":{"texture":"#2","uv":[1,0,2,1]},"up":{"texture":"#2","uv":[1,0,2,1]},"west":{"texture":"#2","uv":[1,0,2,1]}},"from":[5.25,8,7],"rotation":{"angle":0,"axis":"y","origin":[5.75,8.5,7.5]},"to":[6.25,9,8]},{"faces":{"down":{"texture":"#2","uv":[1,0,2,1]},"east":{"texture":"#2","uv":[1,0,2,1]},"north":{"texture":"#2","uv":[1,0,2,1]},"south":{"texture":"#2","uv":[1,0,2,1]},"up":{"texture":"#2","uv":[1,0,2,1]},"west":{"texture":"#2","uv":[1,0,2,1]}},"from":[5.25,8,9],"rotation":{"angle":0,"axis":"y","origin":[5.75,8.5,9.5]},"to":[6.25,9,10]},{"faces":{"down":{"texture":"#2","uv":[0,0,1,1]},"east":{"texture":"#2","uv":[0,0,1,1]},"north":{"texture":"#2","uv":[0,0,1,1]},"south":{"texture":"#2","uv":[0,0,1,1]},"up":{"texture":"#2","uv":[0,0,1,1]},"west":{"texture":"#2","uv":[0,0,1,1]}},"from":[5.25,8,8],"rotation":{"angle":0,"axis":"y","origin":[5.75,8.5,8.5]},"to":[6.25,9,9]},{"faces":{"down":{"texture":"#2","uv":[0,0,1,1]},"east":{"texture":"#2","uv":[0,0,1,1]},"north":{"texture":"#2","uv":[0,0,1,1]},"south":{"texture":"#2","uv":[0,0,1,1]},"up":{"texture":"#2","uv":[0,0,1,1]},"west":{"texture":"#2","uv":[0,0,1,1]}},"from":[6,9,7],"rotation":{"angle":0,"axis":"y","origin":[6.5,9.5,7.5]},"to":[7,10,8]},{"faces":{"down":{"texture":"#2","uv":[1,0,2,1]},"east":{"texture":"#2","uv":[1,0,2,1]},"north":{"texture":"#2","uv":[1,0,2,1]},"south":{"texture":"#2","uv":[1,0,2,1]},"up":{"texture":"#2","uv":[1,0,2,1]},"west":{"texture":"#2","uv":[1,0,2,1]}},"from":[6,9,9],"rotation":{"angle":0,"axis":"y","origin":[6.5,9.5,9.5]},"to":[7,10,10]},{"faces":{"down":{"texture":"#2","uv":[1,0,2,1]},"east":{"texture":"#2","uv":[1,0,2,1]},"north":{"texture":"#2","uv":[1,0,2,1]},"south":{"texture":"#2","uv":[1,0,2,1]},"up":{"texture":"#2","uv":[1,0,2,1]},"west":{"texture":"#2","uv":[1,0,2,1]}},"from":[6,9,8],"rotation":{"angle":0,"axis":"y","origin":[6.5,9.5,8.5]},"to":[7,10,9]},{"faces":{"down":{"texture":"#2","uv":[1,0,2,1]},"east":{"texture":"#2","uv":[1,0,2,1]},"north":{"texture":"#2","uv":[1,0,2,1]},"south":{"texture":"#2","uv":[1,0,2,1]},"up":{"texture":"#2","uv":[1,0,2,1]},"west":{"texture":"#2","uv":[1,0,2,1]}},"from":[6.75,8,9],"rotation":{"angle":0,"axis":"y","origin":[7.25,8.5,9.5]},"to":[7.75,9,10]},{"faces":{"down":{"texture":"#2","uv":[1,0,2,1]},"east":{"texture":"#2","uv":[1,0,2,1]},"north":{"texture":"#2","uv":[1,0,2,1]},"south":{"texture":"#2","uv":[1,0,2,1]},"up":{"texture":"#2","uv":[1,0,2,1]},"west":{"texture":"#2","uv":[1,0,2,1]}},"from":[6.75,8,7],"rotation":{"angle":0,"axis":"y","origin":[7.25,8.5,7.5]},"to":[7.75,9,8]},{"faces":{"down":{"texture":"#2","uv":[0,0,1,1]},"east":{"texture":"#2","uv":[0,0,1,1]},"north":{"texture":"#2","uv":[0,0,1,1]},"south":{"texture":"#2","uv":[0,0,1,1]},"up":{"texture":"#2","uv":[0,0,1,1]},"west":{"texture":"#2","uv":[0,0,1,1]}},"from":[6.75,8,8],"rotation":{"angle":0,"axis":"y","origin":[7.25,8.5,8.5]},"to":[7.75,9,9]},{"faces":{"down":{"texture":"#2","uv":[1,0,2,1]},"east":{"texture":"#2","uv":[1,0,2,1]},"north":{"texture":"#2","uv":[1,0,2,1]},"south":{"texture":"#2","uv":[1,0,2,1]},"up":{"texture":"#2","uv":[1,0,2,1]},"west":{"texture":"#2","uv":[1,0,2,1]}},"from":[6,7,7.5],"rotation":{"angle":0,"axis":"y","origin":[6.5,7.5,8]},"to":[7,7.25,9]},{"faces":{"down":{"texture":"#2","uv":[2,0,3,1]},"east":{"texture":"#2","uv":[2,0,3,1]},"north":{"texture":"#2","uv":[2,0,3,1]},"south":{"texture":"#2","uv":[2,0,3,1]},"up":{"texture":"#2","uv":[2,0,3,1]},"west":{"texture":"#2","uv":[2,0,3,1]}},"from":[6,7,9],"rotation":{"angle":0,"axis":"y","origin":[6.5,7.125,9.25]},"to":[7,7.25,9.5]},{"faces":{"down":{"texture":"#2","uv":[1,1,2,2]},"east":{"texture":"#2","uv":[1,1,2,2]},"north":{"texture":"#2","uv":[1,1,2,2]},"south":{"texture":"#2","uv":[1,1,2,2]},"up":{"texture":"#2","uv":[1,1,2,2]},"west":{"texture":"#2","uv":[1,1,2,2]}},"from":[10,7,9],"rotation":{"angle":0,"axis":"y","origin":[10.5,7.5,9.5]},"to":[11,8,10]},{"faces":{"down":{"texture":"#2","uv":[2,1,3,2]},"east":{"texture":"#2","uv":[2,1,3,2]},"north":{"texture":"#2","uv":[2,1,3,2]},"south":{"texture":"#2","uv":[2,1,3,2]},"up":{"texture":"#2","uv":[2,1,3,2]},"west":{"texture":"#2","uv":[2,1,3,2]}},"from":[9.75,8,8.75],"rotation":{"angle":0,"axis":"y","origin":[10.25,8.5,9.25]},"to":[10.75,9,9.75]},{"faces":{"down":{"texture":"#2","uv":[3,1,4,2]},"east":{"texture":"#2","uv":[3,1,4,2]},"north":{"texture":"#2","uv":[3,1,4,2]},"south":{"texture":"#2","uv":[3,1,4,2]},"up":{"texture":"#2","uv":[3,1,4,2]},"west":{"texture":"#2","uv":[3,1,4,2]}},"from":[9.5,9,8.5],"rotation":{"angle":0,"axis":"y","origin":[10,9.5,9]},"to":[10.5,10,9.5]},{"faces":{"down":{"texture":"#2","uv":[0,1,1,2]},"east":{"texture":"#2","uv":[0,1,1,2]},"north":{"texture":"#2","uv":[0,1,1,2]},"south":{"texture":"#2","uv":[0,1,1,2]},"up":{"texture":"#2","uv":[0,1,1,2]},"west":{"texture":"#2","uv":[0,1,1,2]}},"from":[10,7,8],"rotation":{"angle":0,"axis":"y","origin":[10.5,7.5,8.5]},"to":[11,7.5,9]},{"faces":{"down":{"texture":"#2","uv":[0,3,1,4]},"east":{"texture":"#2","uv":[0,3,1,4]},"north":{"texture":"#2","uv":[0,3,1,4]},"south":{"texture":"#2","uv":[0,3,1,4]},"up":{"texture":"#2","uv":[0,3,1,4]},"west":{"texture":"#2","uv":[0,3,1,4]}},"from":[9.5,11,8.5],"rotation":{"angle":0,"axis":"y","origin":[10,11.5,9]},"to":[10.5,12,9.5]},{"faces":{"down":{"texture":"#2","uv":[0,3,1,4]},"east":{"texture":"#2","uv":[0,3,1,4]},"north":{"texture":"#2","uv":[0,3,1,4]},"south":{"texture":"#2","uv":[0,3,1,4]},"up":{"texture":"#2","uv":[0,3,1,4]},"west":{"texture":"#2","uv":[0,3,1,4]}},"from":[8.5,10,8.5],"rotation":{"angle":0,"axis":"y","origin":[9,10.5,9]},"to":[9.5,11,9.5]},{"faces":{"down":{"texture":"#2","uv":[1,3,2,4]},"east":{"texture":"#2","uv":[1,3,2,4]},"north":{"texture":"#2","uv":[1,3,2,4]},"south":{"texture":"#2","uv":[1,3,2,4]},"up":{"texture":"#2","uv":[1,3,2,4]},"west":{"texture":"#2","uv":[1,3,2,4]}},"from":[8.5,11,8.5],"rotation":{"angle":0,"axis":"y","origin":[9,11.5,9]},"to":[9.5,12,9.5]},{"faces":{"down":{"texture":"#2","uv":[0,3,1,4]},"east":{"texture":"#2","uv":[0,3,1,4]},"north":{"texture":"#2","uv":[0,3,1,4]},"south":{"texture":"#2","uv":[0,3,1,4]},"up":{"texture":"#2","uv":[0,3,1,4]},"west":{"texture":"#2","uv":[0,3,1,4]}},"from":[7.5,10,8.5],"rotation":{"angle":0,"axis":"y","origin":[8,10.5,9]},"to":[8.5,11,9.5]},{"faces":{"down":{"texture":"#2","uv":[0,3,1,4]},"east":{"texture":"#2","uv":[0,3,1,4]},"north":{"texture":"#2","uv":[0,3,1,4]},"south":{"texture":"#2","uv":[0,3,1,4]},"up":{"texture":"#2","uv":[0,3,1,4]},"west":{"texture":"#2","uv":[0,3,1,4]}},"from":[8.5,10,7.5],"rotation":{"angle":0,"axis":"y","origin":[9,10.5,8]},"to":[9.5,11,8.5]},{"faces":{"down":{"texture":"#2","uv":[2,3,3,4]},"east":{"texture":"#2","uv":[2,3,3,4]},"north":{"texture":"#2","uv":[2,3,3,4]},"south":{"texture":"#2","uv":[2,3,3,4]},"up":{"texture":"#2","uv":[2,3,3,4]},"west":{"texture":"#2","uv":[2,3,3,4]}},"from":[8.5,11,7.5],"rotation":{"angle":0,"axis":"y","origin":[9,11.5,8]},"to":[9.5,12,8.5]},{"faces":{"down":{"texture":"#2","uv":[2,3,3,4]},"east":{"texture":"#2","uv":[2,3,3,4]},"north":{"texture":"#2","uv":[2,3,3,4]},"south":{"texture":"#2","uv":[2,3,3,4]},"up":{"texture":"#2","uv":[2,3,3,4]},"west":{"texture":"#2","uv":[2,3,3,4]}},"from":[8.5,10,6.5],"rotation":{"angle":0,"axis":"y","origin":[9,10.5,7]},"to":[9.5,11,7.5]},{"faces":{"down":{"texture":"#2","uv":[1,3,2,4]},"east":{"texture":"#2","uv":[1,3,2,4]},"north":{"texture":"#2","uv":[1,3,2,4]},"south":{"texture":"#2","uv":[1,3,2,4]},"up":{"texture":"#2","uv":[1,3,2,4]},"west":{"texture":"#2","uv":[1,3,2,4]}},"from":[7.5,10,7.5],"rotation":{"angle":0,"axis":"y","origin":[8,10.5,8]},"to":[8.5,11,8.5]},{"faces":{"down":{"texture":"#2","uv":[2,3,3,4]},"east":{"texture":"#2","uv":[2,3,3,4]},"north":{"texture":"#2","uv":[2,3,3,4]},"south":{"texture":"#2","uv":[2,3,3,4]},"up":{"texture":"#2","uv":[2,3,3,4]},"west":{"texture":"#2","uv":[2,3,3,4]}},"from":[9.5,10,7.5],"rotation":{"angle":0,"axis":"y","origin":[10,10.5,8]},"to":[10.5,11,8.5]},{"faces":{"down":{"texture":"#2","uv":[1,3,2,4]},"east":{"texture":"#2","uv":[1,3,2,4]},"north":{"texture":"#2","uv":[1,3,2,4]},"south":{"texture":"#2","uv":[1,3,2,4]},"up":{"texture":"#2","uv":[1,3,2,4]},"west":{"texture":"#2","uv":[1,3,2,4]}},"from":[9.5,10,6.5],"rotation":{"angle":0,"axis":"y","origin":[10,10.5,7]},"to":[10.5,11,7.5]},{"faces":{"down":{"texture":"#2","uv":[0,3,1,4]},"east":{"texture":"#2","uv":[0,3,1,4]},"north":{"texture":"#2","uv":[0,3,1,4]},"south":{"texture":"#2","uv":[0,3,1,4]},"up":{"texture":"#2","uv":[0,3,1,4]},"west":{"texture":"#2","uv":[0,3,1,4]}},"from":[10.5,10,7.5],"rotation":{"angle":0,"axis":"y","origin":[11,10.5,8]},"to":[11.5,11,8.5]},{"faces":{"down":{"texture":"#2","uv":[1,3,2,4]},"east":{"texture":"#2","uv":[1,3,2,4]},"north":{"texture":"#2","uv":[1,3,2,4]},"south":{"texture":"#2","uv":[1,3,2,4]},"up":{"texture":"#2","uv":[1,3,2,4]},"west":{"texture":"#2","uv":[1,3,2,4]}},"from":[10.5,10,8.5],"rotation":{"angle":0,"axis":"y","origin":[11,10.5,9]},"to":[11.5,11,9.5]},{"faces":{"down":{"texture":"#2","uv":[0,3,1,4]},"east":{"texture":"#2","uv":[0,3,1,4]},"north":{"texture":"#2","uv":[0,3,1,4]},"south":{"texture":"#2","uv":[0,3,1,4]},"up":{"texture":"#2","uv":[0,3,1,4]},"west":{"texture":"#2","uv":[0,3,1,4]}},"from":[10.5,10,9.5],"rotation":{"angle":0,"axis":"y","origin":[11,10.5,10]},"to":[11.5,11,10.5]},{"faces":{"down":{"texture":"#2","uv":[1,3,2,4]},"east":{"texture":"#2","uv":[1,3,2,4]},"north":{"texture":"#2","uv":[1,3,2,4]},"south":{"texture":"#2","uv":[1,3,2,4]},"up":{"texture":"#2","uv":[1,3,2,4]},"west":{"texture":"#2","uv":[1,3,2,4]}},"from":[9.5,10,9.5],"rotation":{"angle":0,"axis":"y","origin":[10,10.5,10]},"to":[10.5,11,10.5]},{"faces":{"down":{"texture":"#2","uv":[2,3,3,4]},"east":{"texture":"#2","uv":[2,3,3,4]},"north":{"texture":"#2","uv":[2,3,3,4]},"south":{"texture":"#2","uv":[2,3,3,4]},"up":{"texture":"#2","uv":[2,3,3,4]},"west":{"texture":"#2","uv":[2,3,3,4]}},"from":[8.5,10,9.5],"rotation":{"angle":0,"axis":"y","origin":[9,10.5,10]},"to":[9.5,11,10.5]},{"faces":{"down":{"texture":"#2","uv":[0,2,1,3]},"east":{"texture":"#2","uv":[0,2,1,3]},"north":{"texture":"#2","uv":[0,2,1,3]},"south":{"texture":"#2","uv":[0,2,1,3]},"up":{"texture":"#2","uv":[1,2,2,3]},"west":{"texture":"#2","uv":[0,2,1,3]}},"from":[9,7,5],"rotation":{"angle":0,"axis":"y","origin":[9.5,7.5,5.5]},"to":[10,8,6]},{"faces":{"down":{"texture":"#2","uv":[2,2,3,3]},"east":{"texture":"#2","uv":[2,2,3,3]},"north":{"texture":"#2","uv":[2,2,3,3]},"south":{"texture":"#2","uv":[2,2,3,3]},"up":{"texture":"#2","uv":[2,2,3,3]},"west":{"texture":"#2","uv":[2,2,3,3]}},"from":[8,7,5],"rotation":{"angle":0,"axis":"y","origin":[8.5,7.5,5.5]},"to":[9,8,6]}],"parent":"carved_pumpkin","textures":{"0":"spooncraftadditions:item/hat/grass_block_top_savannah","1":"spooncraftadditions:item/hat/dirt","2":"spooncraftadditions:item/hat/s5_spawn","particle":"spooncraftadditions:item/hat/grass_block_top_savannah"}}