{"display":{"firstperson_righthand":{"translation":[3,0,0]},"fixed":{"translation":[4,3,4]},"ground":{"scale":[0.5,0.5,0.5],"translation":[0,4,0]},"gui":{"rotation":[30,-30,0],"scale":[0.8,0.8,0.8],"translation":[0,2.5,0]},"head":{"rotation":[0,180,0],"scale":[1.2,1.2,1.2],"translation":[0,14.5,0]},"thirdperson_lefthand":{"rotation":[0,30,0],"scale":[0.75,0.75,0.75],"translation":[-2,2,-1]},"thirdperson_righthand":{"rotation":[0,30,0],"scale":[0.75,0.75,0.75],"translation":[2,2,-1]}},"elements":[{"faces":{"down":{"texture":"#0","uv":[3.5,3.5,0,7]},"east":{"texture":"#0","uv":[6.5,1,10,2]},"north":{"texture":"#0","uv":[6.5,0,10,1]},"south":{"texture":"#0","uv":[6.5,2,10,3]},"up":{"texture":"#0","uv":[3.5,3.5,0,0]},"west":{"texture":"#0","uv":[6.5,3,10,4]}},"from":[1,0,1],"rotation":{"angle":0,"axis":"y","origin":[1,0,1]},"to":[15,4,15]},{"faces":{"down":{"texture":"#0","uv":[9.25,6.25,9,6.5]},"east":{"texture":"#0","uv":[5.5,8.5,5.75,9.5]},"north":{"texture":"#0","uv":[5.25,8.5,5.5,9.5]},"south":{"texture":"#0","uv":[8.5,5.5,8.75,6.5]},"up":{"texture":"#0","uv":[9.25,5,9,4.75]},"west":{"texture":"#0","uv":[1.5,8.75,1.75,9.75]}},"from":[13.5,4,2.5],"rotation":{"angle":0,"axis":"y","origin":[13.5,4,2.5]},"to":[14.5,8,3.5]},{"faces":{"down":{"texture":"#0","uv":[9,7,7.75,8.25]},"east":{"texture":"#0","uv":[5.75,8.25,7,8.75]},"north":{"texture":"#0","uv":[4.5,8,5.75,8.5]},"south":{"texture":"#0","uv":[7,8.25,8.25,8.75]},"up":{"texture":"#0","uv":[7.75,8.25,6.5,7]},"west":{"texture":"#0","uv":[8.25,8.25,9.5,8.75]}},"from":[11.5,7,0.5],"rotation":{"angle":0,"axis":"y","origin":[11.5,7,0.5]},"to":[16.5,9,5.5]},{"faces":{"down":{"texture":"#0","uv":[1.5,8,0.75,9.25]},"east":{"texture":"#0","uv":[4,8.5,5.25,8.75]},"north":{"texture":"#0","uv":[5.75,8,6.5,8.25]},"south":{"texture":"#0","uv":[8.5,6.5,9.25,6.75]},"up":{"texture":"#0","uv":[0.75,9.25,0,8]},"west":{"texture":"#0","uv":[8.5,5.25,9.75,5.5]}},"from":[12.5,9,0.5],"rotation":{"angle":0,"axis":"y","origin":[12.5,9,0.5]},"to":[15.5,10,5.5]},{"faces":{"down":{"texture":"#0","uv":[9.5,8.75,8.75,9]},"east":{"texture":"#0","uv":[7.25,9,7.5,9.25]},"north":{"texture":"#0","uv":[6.5,8.75,7.25,9]},"south":{"texture":"#0","uv":[7.25,8.75,8,9]},"up":{"texture":"#0","uv":[8.75,9,8,8.75]},"west":{"texture":"#0","uv":[9,7.25,9.25,7.5]}},"from":[12.5,10,2.5],"rotation":{"angle":0,"axis":"y","origin":[12.5,10,2.5]},"to":[15.5,11,3.5]},{"faces":{"down":{"texture":"#0","uv":[9.25,8,9,8.25]},"east":{"texture":"#0","uv":[9,7.5,9.25,7.75]},"north":{"texture":"#0","uv":[7.5,9,7.75,9.25]},"south":{"texture":"#0","uv":[7.75,9,8,9.25]},"up":{"texture":"#0","uv":[8.25,9.25,8,9]},"west":{"texture":"#0","uv":[9,7.75,9.25,8]}},"from":[13.5,10,3.5],"rotation":{"angle":0,"axis":"y","origin":[13.5,10,3.5]},"to":[14.5,11,4.5]},{"faces":{"down":{"texture":"#0","uv":[0.5,9.25,0.25,9.5]},"east":{"texture":"#0","uv":[8.5,9,8.75,9.25]},"north":{"texture":"#0","uv":[8.25,9,8.5,9.25]},"south":{"texture":"#0","uv":[8.75,9,9,9.25]},"up":{"texture":"#0","uv":[0.25,9.5,0,9.25]},"west":{"texture":"#0","uv":[9,9,9.25,9.25]}},"from":[13.5,10,1.5],"rotation":{"angle":0,"axis":"y","origin":[13.5,10,1.5]},"to":[14.5,11,2.5]},{"faces":{"down":{"texture":"#0","uv":[5,8.75,4.75,9.5]},"east":{"texture":"#0","uv":[8.5,6.75,9.25,7]},"north":{"texture":"#0","uv":[6.5,9,6.75,9.25]},"south":{"texture":"#0","uv":[6.75,9,7,9.25]},"up":{"texture":"#0","uv":[4.75,9.5,4.5,8.75]},"west":{"texture":"#0","uv":[3.75,8.75,4.5,9]}},"from":[15.5,9,1.5],"rotation":{"angle":0,"axis":"y","origin":[15.5,9,1.5]},"to":[16.5,10,4.5]},{"faces":{"down":{"texture":"#0","uv":[9,5.75,8.75,6.5]},"east":{"texture":"#0","uv":[8.75,5.5,9.5,5.75]},"north":{"texture":"#0","uv":[7,9,7.25,9.25]},"south":{"texture":"#0","uv":[9,7,9.25,7.25]},"up":{"texture":"#0","uv":[5.25,9.5,5,8.75]},"west":{"texture":"#0","uv":[5.75,8.75,6.5,9]}},"from":[11.5,9,1.5],"rotation":{"angle":0,"axis":"y","origin":[11.5,9,1.5]},"to":[12.5,10,4.5]},{"faces":{"down":{"texture":"#0","uv":[8.5,5,6,7]},"east":{"texture":"#0","uv":[2.5,7,4.5,8]},"north":{"texture":"#0","uv":[6.5,4,9,5]},"south":{"texture":"#0","uv":[0,7,2.5,8]},"up":{"texture":"#0","uv":[6,7,3.5,5]},"west":{"texture":"#0","uv":[4.5,7,6.5,8]}},"from":[2,4,5],"rotation":{"angle":0,"axis":"y","origin":[2,4,5]},"to":[12,8,13]},{"faces":{"down":{"texture":"#0","uv":[9.5,4.25,9.25,4.5]},"east":{"texture":"#0","uv":[0.75,9.25,1,9.5]},"north":{"texture":"#0","uv":[0.5,9.25,0.75,9.5]},"south":{"texture":"#0","uv":[1,9.25,1.25,9.5]},"up":{"texture":"#0","uv":[9.5,4.25,9.25,4]},"west":{"texture":"#0","uv":[1.25,9.25,1.5,9.5]}},"from":[4,4.5,13],"rotation":{"angle":0,"axis":"y","origin":[4,4,13]},"to":[5,5,14]},{"faces":{"down":{"texture":"#0","uv":[6.75,9.25,6.5,9.5]},"east":{"texture":"#0","uv":[9.25,4.75,9.5,5]},"north":{"texture":"#0","uv":[9.25,4.5,9.5,4.75]},"south":{"texture":"#0","uv":[9.25,5.75,9.5,6]},"up":{"texture":"#0","uv":[9.5,6.5,9.25,6.25]},"west":{"texture":"#0","uv":[9.25,6,9.5,6.25]}},"from":[6,4.5,13],"rotation":{"angle":0,"axis":"y","origin":[6,4,13]},"to":[7,5,14]},{"faces":{"down":{"texture":"#0","uv":[6.5,2.5,3.5,5]},"east":{"texture":"#0","uv":[1.5,8.5,4,8.75]},"north":{"texture":"#0","uv":[1.5,8,4.5,8.25]},"south":{"texture":"#0","uv":[1.5,8.25,4.5,8.5]},"up":{"texture":"#0","uv":[6.5,2.5,3.5,0]},"west":{"texture":"#0","uv":[8.5,5,11,5.25]}},"from":[1,8,4],"rotation":{"angle":0,"axis":"y","origin":[1,8,4]},"to":[13,8.5,14]},{"faces":{"down":{"texture":"#0","uv":[7,9.25,6.75,9.5]},"east":{"texture":"#0","uv":[9,5.75,9.25,6.25]},"north":{"texture":"#0","uv":[5.75,9,6,9.5]},"south":{"texture":"#0","uv":[6,9,6.25,9.5]},"up":{"texture":"#0","uv":[9.5,6.75,9.25,6.5]},"west":{"texture":"#0","uv":[6.25,9,6.5,9.5]}},"from":[13.5,4,5.75],"rotation":{"angle":0,"axis":"y","origin":[13.5,4,5.75]},"to":[14,6,6.25]},{"faces":{"down":{"texture":"#0","uv":[7.25,9.25,7,9.5]},"east":{"texture":"#0","uv":[4,9,4.25,9.75]},"north":{"texture":"#0","uv":[3.75,9,4,9.75]},"south":{"texture":"#0","uv":[9,4,9.25,4.75]},"up":{"texture":"#0","uv":[9.5,7,9.25,6.75]},"west":{"texture":"#0","uv":[4.25,9,4.5,9.75]}},"from":[14.25,4,6.75],"rotation":{"angle":0,"axis":"y","origin":[14.5,4,6.75]},"to":[14.75,7,7.25]},{"faces":{"down":{"texture":"#0","uv":[7.5,9.25,7.25,9.5]},"east":{"texture":"#0","uv":[2,8.75,2.25,9.75]},"north":{"texture":"#0","uv":[1.75,8.75,2,9.75]},"south":{"texture":"#0","uv":[2.25,8.75,2.5,9.75]},"up":{"texture":"#0","uv":[9.5,7.25,9.25,7]},"west":{"texture":"#0","uv":[2.5,8.75,2.75,9.75]}},"from":[13.25,4,7.75],"rotation":{"angle":0,"axis":"y","origin":[13.5,4,7.75]},"to":[13.75,8,8.25]},{"faces":{"down":{"texture":"#0","uv":[7.75,9.25,7.5,9.5]},"east":{"texture":"#0","uv":[3,8.75,3.25,9.75]},"north":{"texture":"#0","uv":[2.75,8.75,3,9.75]},"south":{"texture":"#0","uv":[3.25,8.75,3.5,9.75]},"up":{"texture":"#0","uv":[9.5,7.5,9.25,7.25]},"west":{"texture":"#0","uv":[3.5,8.75,3.75,9.75]}},"from":[13.75,2,8.75],"rotation":{"angle":0,"axis":"y","origin":[13.5,4,8.75]},"to":[14.25,6,9.25]}],"parent":"minecraft:carved_pumpkin","texture_size":[64,64],"textures":{"0":"spooncraftadditions:item/hat/skyblock_starter_base_hat"}}