{"display":{"firstperson_lefthand":{"rotation":[-8,0,0],"translation":[5.5,6.5,1.5]},"firstperson_righthand":{"rotation":[-8,0,0],"translation":[5.5,6.5,1.5]},"ground":{"translation":[0,4.5,0]},"gui":{"rotation":[10,45,0],"translation":[0,2,0]},"head":{"rotation":[1.95,-2.41,-3.07],"scale":[1.38,1.38,1.38],"translation":[0.5,13.25,0.25]},"thirdperson_lefthand":{"rotation":[53,0,0],"translation":[0,6.5,1.5]},"thirdperson_righthand":{"rotation":[53,0,0],"translation":[0,6.5,1.5]}},"elements":[{"faces":{"down":{"texture":"#2","uv":[2,0,3,1]},"east":{"texture":"#2","uv":[2,0,3,1]},"north":{"texture":"#2","uv":[2,0,3,1]},"south":{"texture":"#2","uv":[2,0,3,1]},"up":{"texture":"#2","uv":[2,0,3,1]},"west":{"texture":"#2","uv":[2,0,3,1]}},"from":[8,1,2],"rotation":{"angle":0,"axis":"y","origin":[8.5,1.5,2.5]},"to":[9,2,3]},{"faces":{"down":{"texture":"#2","uv":[0,0,1,1]},"east":{"texture":"#2","uv":[0,0,1,1]},"north":{"texture":"#2","uv":[0,0,1,1]},"south":{"texture":"#2","uv":[0,0,1,1]},"up":{"texture":"#2","uv":[0,0,1,1]},"west":{"texture":"#2","uv":[0,0,1,1]}},"from":[9,1,2],"rotation":{"angle":0,"axis":"y","origin":[9.5,1.5,2.5]},"to":[10,2,3]},{"faces":{"down":{"texture":"#2","uv":[1,0,2,1]},"east":{"texture":"#2","uv":[1,0,2,1]},"north":{"texture":"#2","uv":[1,0,2,1]},"south":{"texture":"#2","uv":[1,0,2,1]},"up":{"texture":"#2","uv":[1,0,2,1]},"west":{"texture":"#2","uv":[1,0,2,1]}},"from":[10,1,3],"rotation":{"angle":0,"axis":"y","origin":[10.5,1.5,3.5]},"to":[11,2,4]},{"faces":{"down":{"texture":"#2","uv":[1,0,2,1]},"east":{"texture":"#2","uv":[1,0,2,1]},"north":{"texture":"#2","uv":[1,0,2,1]},"south":{"texture":"#2","uv":[1,0,2,1]},"up":{"texture":"#2","uv":[1,0,2,1]},"west":{"texture":"#2","uv":[1,0,2,1]}},"from":[10,0,3],"rotation":{"angle":0,"axis":"y","origin":[10.5,0.5,3.5]},"to":[11,1,4]},{"faces":{"down":{"texture":"#2","uv":[1,0,2,1]},"east":{"texture":"#2","uv":[1,0,2,1]},"north":{"texture":"#2","uv":[1,0,2,1]},"south":{"texture":"#2","uv":[1,0,2,1]},"up":{"texture":"#2","uv":[1,0,2,1]},"west":{"texture":"#2","uv":[1,0,2,1]}},"from":[3,1,5],"rotation":{"angle":0,"axis":"y","origin":[3.5,1.5,5.5]},"to":[4,2,6]},{"faces":{"down":{"texture":"#2","uv":[3,0,4,1]},"east":{"texture":"#2","uv":[3,0,4,1]},"north":{"texture":"#2","uv":[3,0,4,1]},"south":{"texture":"#2","uv":[3,0,4,1]},"up":{"texture":"#2","uv":[3,0,4,1]},"west":{"texture":"#2","uv":[3,0,4,1]}},"from":[2,1,6],"rotation":{"angle":0,"axis":"y","origin":[2.5,1.5,6.5]},"to":[3,2,7]},{"faces":{"down":{"texture":"#2","uv":[2,0,3,1]},"east":{"texture":"#2","uv":[2,0,3,1]},"north":{"texture":"#2","uv":[2,0,3,1]},"south":{"texture":"#2","uv":[2,0,3,1]},"up":{"texture":"#2","uv":[2,0,3,1]},"west":{"texture":"#2","uv":[2,0,3,1]}},"from":[2,0,6],"rotation":{"angle":0,"axis":"y","origin":[2.5,0.5,6.5]},"to":[3,1,7]},{"faces":{"down":{"texture":"#2","uv":[1,0,2,1]},"east":{"texture":"#2","uv":[1,0,2,1]},"north":{"texture":"#2","uv":[1,0,2,1]},"south":{"texture":"#2","uv":[1,0,2,1]},"up":{"texture":"#2","uv":[1,0,2,1]},"west":{"texture":"#2","uv":[1,0,2,1]}},"from":[3,1,11],"rotation":{"angle":0,"axis":"y","origin":[3.5,1.5,11.5]},"to":[4,2,12]},{"faces":{"down":{"texture":"#2","uv":[1,0,2,1]},"east":{"texture":"#2","uv":[1,0,2,1]},"north":{"texture":"#2","uv":[1,0,2,1]},"south":{"texture":"#2","uv":[1,0,2,1]},"up":{"texture":"#2","uv":[1,0,2,1]},"west":{"texture":"#2","uv":[1,0,2,1]}},"from":[4,1,12],"rotation":{"angle":0,"axis":"y","origin":[4.5,1.5,12.5]},"to":[5,2,13]},{"faces":{"down":{"texture":"#2","uv":[1,0,2,1]},"east":{"texture":"#2","uv":[1,0,2,1]},"north":{"texture":"#2","uv":[1,0,2,1]},"south":{"texture":"#2","uv":[1,0,2,1]},"up":{"texture":"#2","uv":[1,0,2,1]},"west":{"texture":"#2","uv":[1,0,2,1]}},"from":[4,0,12],"rotation":{"angle":0,"axis":"y","origin":[4.5,0.5,12.5]},"to":[5,1,13]},{"faces":{"down":{"texture":"#2","uv":[1,0,2,1]},"east":{"texture":"#2","uv":[1,0,2,1]},"north":{"texture":"#2","uv":[1,0,2,1]},"south":{"texture":"#2","uv":[1,0,2,1]},"up":{"texture":"#2","uv":[1,0,2,1]},"west":{"texture":"#2","uv":[1,0,2,1]}},"from":[5,1,12],"rotation":{"angle":0,"axis":"y","origin":[5.5,1.5,12.5]},"to":[6,2,13]},{"faces":{"down":{"texture":"#2","uv":[0,0,1,1]},"east":{"texture":"#2","uv":[0,0,1,1]},"north":{"texture":"#2","uv":[0,0,1,1]},"south":{"texture":"#2","uv":[0,0,1,1]},"up":{"texture":"#2","uv":[0,0,1,1]},"west":{"texture":"#2","uv":[0,0,1,1]}},"from":[6,1,13],"rotation":{"angle":0,"axis":"y","origin":[6.5,1.5,13.5]},"to":[7,2,14]},{"faces":{"down":{"texture":"#2","uv":[1,0,2,1]},"east":{"texture":"#2","uv":[1,0,2,1]},"north":{"texture":"#2","uv":[1,0,2,1]},"south":{"texture":"#2","uv":[1,0,2,1]},"up":{"texture":"#2","uv":[1,0,2,1]},"west":{"texture":"#2","uv":[1,0,2,1]}},"from":[10,1,12],"rotation":{"angle":0,"axis":"y","origin":[10.5,1.5,12.5]},"to":[11,2,13]},{"faces":{"down":{"texture":"#2","uv":[2,0,3,1]},"east":{"texture":"#2","uv":[2,0,3,1]},"north":{"texture":"#2","uv":[2,0,3,1]},"south":{"texture":"#2","uv":[2,0,3,1]},"up":{"texture":"#2","uv":[2,0,3,1]},"west":{"texture":"#2","uv":[2,0,3,1]}},"from":[11,1,12],"rotation":{"angle":0,"axis":"y","origin":[11.5,1.5,12.5]},"to":[12,2,13]},{"faces":{"down":{"texture":"#2","uv":[1,0,2,1]},"east":{"texture":"#2","uv":[1,0,2,1]},"north":{"texture":"#2","uv":[1,0,2,1]},"south":{"texture":"#2","uv":[1,0,2,1]},"up":{"texture":"#2","uv":[1,0,2,1]},"west":{"texture":"#2","uv":[1,0,2,1]}},"from":[11,0,12],"rotation":{"angle":0,"axis":"y","origin":[11.5,0.5,12.5]},"to":[12,1,13]},{"faces":{"down":{"texture":"#2","uv":[1,0,2,1]},"east":{"texture":"#2","uv":[1,0,2,1]},"north":{"texture":"#2","uv":[1,0,2,1]},"south":{"texture":"#2","uv":[1,0,2,1]},"up":{"texture":"#2","uv":[1,0,2,1]},"west":{"texture":"#2","uv":[1,0,2,1]}},"from":[12,1,11],"rotation":{"angle":0,"axis":"y","origin":[12.5,1.5,11.5]},"to":[13,2,12]},{"faces":{"down":{"texture":"#2","uv":[3,0,4,1]},"east":{"texture":"#2","uv":[3,0,4,1]},"north":{"texture":"#2","uv":[3,0,4,1]},"south":{"texture":"#2","uv":[3,0,4,1]},"up":{"texture":"#2","uv":[3,0,4,1]},"west":{"texture":"#2","uv":[3,0,4,1]}},"from":[13,1,6],"rotation":{"angle":0,"axis":"y","origin":[13.5,1.5,6.5]},"to":[14,2,7]},{"faces":{"down":{"texture":"#2","uv":[2,0,3,1]},"east":{"texture":"#2","uv":[2,0,3,1]},"north":{"texture":"#2","uv":[2,0,3,1]},"south":{"texture":"#2","uv":[2,0,3,1]},"up":{"texture":"#2","uv":[2,0,3,1]},"west":{"texture":"#2","uv":[2,0,3,1]}},"from":[12,1,5],"rotation":{"angle":0,"axis":"y","origin":[12.5,1.5,5.5]},"to":[13,2,6]},{"faces":{"down":{"texture":"#2","uv":[2,0,3,1]},"east":{"texture":"#2","uv":[2,0,3,1]},"north":{"texture":"#2","uv":[2,0,3,1]},"south":{"texture":"#2","uv":[2,0,3,1]},"up":{"texture":"#2","uv":[2,0,3,1]},"west":{"texture":"#2","uv":[2,0,3,1]}},"from":[12,0,5],"rotation":{"angle":0,"axis":"y","origin":[12.5,0.5,5.5]},"to":[13,1,6]},{"faces":{"down":{"texture":"#2","uv":[3,0,4,1]},"east":{"texture":"#2","uv":[3,0,4,1]},"north":{"texture":"#2","uv":[3,0,4,1]},"south":{"texture":"#2","uv":[3,0,4,1]},"up":{"texture":"#2","uv":[3,0,4,1]},"west":{"texture":"#2","uv":[3,0,4,1]}},"from":[12,2,11],"rotation":{"angle":0,"axis":"y","origin":[12.5,2.5,11.5]},"to":[13,3,12]},{"faces":{"down":{"texture":"#2","uv":[2,0,3,1]},"east":{"texture":"#2","uv":[2,0,3,1]},"north":{"texture":"#2","uv":[2,0,3,1]},"south":{"texture":"#2","uv":[2,0,3,1]},"up":{"texture":"#2","uv":[2,0,3,1]},"west":{"texture":"#2","uv":[2,0,3,1]}},"from":[3,2,11],"rotation":{"angle":0,"axis":"y","origin":[3.5,2.5,11.5]},"to":[4,3,12]},{"faces":{"down":{"texture":"#2","uv":[3,0,4,1]},"east":{"texture":"#2","uv":[3,0,4,1]},"north":{"texture":"#2","uv":[3,0,4,1]},"south":{"texture":"#2","uv":[3,0,4,1]},"up":{"texture":"#2","uv":[3,0,4,1]},"west":{"texture":"#2","uv":[3,0,4,1]}},"from":[12,2,10],"rotation":{"angle":0,"axis":"y","origin":[12.5,2.5,10.5]},"to":[13,3,11]},{"faces":{"down":{"texture":"#2","uv":[3,0,4,1]},"east":{"texture":"#2","uv":[3,0,4,1]},"north":{"texture":"#2","uv":[3,0,4,1]},"south":{"texture":"#2","uv":[3,0,4,1]},"up":{"texture":"#2","uv":[3,0,4,1]},"west":{"texture":"#2","uv":[3,0,4,1]}},"from":[4,2,12],"rotation":{"angle":0,"axis":"y","origin":[4.5,2.5,12.5]},"to":[5,3,13]},{"faces":{"down":{"texture":"#2","uv":[2,0,3,1]},"east":{"texture":"#2","uv":[2,0,3,1]},"north":{"texture":"#2","uv":[2,0,3,1]},"south":{"texture":"#2","uv":[2,0,3,1]},"up":{"texture":"#2","uv":[2,0,3,1]},"west":{"texture":"#2","uv":[2,0,3,1]}},"from":[3,2,10],"rotation":{"angle":0,"axis":"y","origin":[3.5,2.5,10.5]},"to":[4,3,11]},{"faces":{"down":{"texture":"#2","uv":[2,0,3,1]},"east":{"texture":"#2","uv":[2,0,3,1]},"north":{"texture":"#2","uv":[2,0,3,1]},"south":{"texture":"#2","uv":[2,0,3,1]},"up":{"texture":"#2","uv":[2,0,3,1]},"west":{"texture":"#2","uv":[2,0,3,1]}},"from":[11,2,12],"rotation":{"angle":0,"axis":"y","origin":[11.5,2.5,12.5]},"to":[12,3,13]},{"faces":{"down":{"texture":"#2","uv":[1,0,2,1]},"east":{"texture":"#2","uv":[1,0,2,1]},"north":{"texture":"#2","uv":[1,0,2,1]},"south":{"texture":"#2","uv":[1,0,2,1]},"up":{"texture":"#2","uv":[1,0,2,1]},"west":{"texture":"#2","uv":[1,0,2,1]}},"from":[9,2,13],"rotation":{"angle":0,"axis":"y","origin":[9.5,2.5,13.5]},"to":[10,3,14]},{"faces":{"down":{"texture":"#2","uv":[1,0,2,1]},"east":{"texture":"#2","uv":[1,0,2,1]},"north":{"texture":"#2","uv":[1,0,2,1]},"south":{"texture":"#2","uv":[1,0,2,1]},"up":{"texture":"#2","uv":[1,0,2,1]},"west":{"texture":"#2","uv":[1,0,2,1]}},"from":[8,2,13],"rotation":{"angle":0,"axis":"y","origin":[8.5,2.5,13.5]},"to":[9,3,14]},{"faces":{"down":{"texture":"#2","uv":[0,0,1,1]},"east":{"texture":"#2","uv":[0,0,1,1]},"north":{"texture":"#2","uv":[0,0,1,1]},"south":{"texture":"#2","uv":[0,0,1,1]},"up":{"texture":"#2","uv":[0,0,1,1]},"west":{"texture":"#2","uv":[0,0,1,1]}},"from":[7,2,13],"rotation":{"angle":0,"axis":"y","origin":[7.5,2.5,13.5]},"to":[8,3,14]},{"faces":{"down":{"texture":"#2","uv":[0,0,1,1]},"east":{"texture":"#2","uv":[0,0,1,1]},"north":{"texture":"#2","uv":[0,0,1,1]},"south":{"texture":"#2","uv":[0,0,1,1]},"up":{"texture":"#2","uv":[0,0,1,1]},"west":{"texture":"#2","uv":[0,0,1,1]}},"from":[6,2,13],"rotation":{"angle":0,"axis":"y","origin":[6.5,2.5,13.5]},"to":[7,3,14]},{"faces":{"down":{"texture":"#2","uv":[1,0,2,1]},"east":{"texture":"#2","uv":[1,0,2,1]},"north":{"texture":"#2","uv":[1,0,2,1]},"south":{"texture":"#2","uv":[1,0,2,1]},"up":{"texture":"#2","uv":[1,0,2,1]},"west":{"texture":"#2","uv":[1,0,2,1]}},"from":[5,2,12],"rotation":{"angle":0,"axis":"y","origin":[5.5,2.5,12.5]},"to":[6,3,13]},{"faces":{"down":{"texture":"#2","uv":[2,0,3,1]},"east":{"texture":"#2","uv":[2,0,3,1]},"north":{"texture":"#2","uv":[2,0,3,1]},"south":{"texture":"#2","uv":[2,0,3,1]},"up":{"texture":"#2","uv":[2,0,3,1]},"west":{"texture":"#2","uv":[2,0,3,1]}},"from":[2,2,9],"rotation":{"angle":0,"axis":"y","origin":[2.5,2.5,9.5]},"to":[3,3,10]},{"faces":{"down":{"texture":"#2","uv":[3,0,4,1]},"east":{"texture":"#2","uv":[3,0,4,1]},"north":{"texture":"#2","uv":[3,0,4,1]},"south":{"texture":"#2","uv":[3,0,4,1]},"up":{"texture":"#2","uv":[3,0,4,1]},"west":{"texture":"#2","uv":[3,0,4,1]}},"from":[2,2,8],"rotation":{"angle":0,"axis":"y","origin":[2.5,2.5,8.5]},"to":[3,3,9]},{"faces":{"down":{"texture":"#2","uv":[2,0,3,1]},"east":{"texture":"#2","uv":[2,0,3,1]},"north":{"texture":"#2","uv":[2,0,3,1]},"south":{"texture":"#2","uv":[2,0,3,1]},"up":{"texture":"#2","uv":[2,0,3,1]},"west":{"texture":"#2","uv":[2,0,3,1]}},"from":[2,2,6],"rotation":{"angle":0,"axis":"y","origin":[2.5,2.5,6.5]},"to":[3,3,7]},{"faces":{"down":{"texture":"#2","uv":[3,0,4,1]},"east":{"texture":"#2","uv":[3,0,4,1]},"north":{"texture":"#2","uv":[3,0,4,1]},"south":{"texture":"#2","uv":[3,0,4,1]},"up":{"texture":"#2","uv":[3,0,4,1]},"west":{"texture":"#2","uv":[3,0,4,1]}},"from":[2,2,7],"rotation":{"angle":0,"axis":"y","origin":[2.5,2.5,7.5]},"to":[3,3,8]},{"faces":{"down":{"texture":"#2","uv":[1,0,2,1]},"east":{"texture":"#2","uv":[1,0,2,1]},"north":{"texture":"#2","uv":[1,0,2,1]},"south":{"texture":"#2","uv":[1,0,2,1]},"up":{"texture":"#2","uv":[1,0,2,1]},"west":{"texture":"#2","uv":[1,0,2,1]}},"from":[10,2,12],"rotation":{"angle":0,"axis":"y","origin":[10.5,2.5,12.5]},"to":[11,3,13]},{"faces":{"down":{"texture":"#2","uv":[3,0,4,1]},"east":{"texture":"#2","uv":[3,0,4,1]},"north":{"texture":"#2","uv":[3,0,4,1]},"south":{"texture":"#2","uv":[3,0,4,1]},"up":{"texture":"#2","uv":[3,0,4,1]},"west":{"texture":"#2","uv":[3,0,4,1]}},"from":[3,2,5],"rotation":{"angle":0,"axis":"y","origin":[3.5,2.5,5.5]},"to":[4,3,6]},{"faces":{"down":{"texture":"#2","uv":[1,0,2,1]},"east":{"texture":"#2","uv":[1,0,2,1]},"north":{"texture":"#2","uv":[1,0,2,1]},"south":{"texture":"#2","uv":[1,0,2,1]},"up":{"texture":"#2","uv":[1,0,2,1]},"west":{"texture":"#2","uv":[1,0,2,1]}},"from":[5,2,3],"rotation":{"angle":0,"axis":"y","origin":[5.5,2.5,3.5]},"to":[6,3,4]},{"faces":{"down":{"texture":"#2","uv":[3,0,4,1]},"east":{"texture":"#2","uv":[3,0,4,1]},"north":{"texture":"#2","uv":[3,0,4,1]},"south":{"texture":"#2","uv":[3,0,4,1]},"up":{"texture":"#2","uv":[3,0,4,1]},"west":{"texture":"#2","uv":[3,0,4,1]}},"from":[13,2,8],"rotation":{"angle":0,"axis":"y","origin":[13.5,2.5,8.5]},"to":[14,3,9]},{"faces":{"down":{"texture":"#2","uv":[2,0,3,1]},"east":{"texture":"#2","uv":[2,0,3,1]},"north":{"texture":"#2","uv":[2,0,3,1]},"south":{"texture":"#2","uv":[2,0,3,1]},"up":{"texture":"#2","uv":[2,0,3,1]},"west":{"texture":"#2","uv":[2,0,3,1]}},"from":[13,2,9],"rotation":{"angle":0,"axis":"y","origin":[13.5,2.5,9.5]},"to":[14,3,10]},{"faces":{"down":{"texture":"#2","uv":[3,0,4,1]},"east":{"texture":"#2","uv":[3,0,4,1]},"north":{"texture":"#2","uv":[3,0,4,1]},"south":{"texture":"#2","uv":[3,0,4,1]},"up":{"texture":"#2","uv":[3,0,4,1]},"west":{"texture":"#2","uv":[3,0,4,1]}},"from":[13,2,7],"rotation":{"angle":0,"axis":"y","origin":[13.5,2.5,7.5]},"to":[14,3,8]},{"faces":{"down":{"texture":"#2","uv":[2,0,3,1]},"east":{"texture":"#2","uv":[2,0,3,1]},"north":{"texture":"#2","uv":[2,0,3,1]},"south":{"texture":"#2","uv":[2,0,3,1]},"up":{"texture":"#2","uv":[2,0,3,1]},"west":{"texture":"#2","uv":[2,0,3,1]}},"from":[13,2,6],"rotation":{"angle":0,"axis":"y","origin":[13.5,2.5,6.5]},"to":[14,3,7]},{"faces":{"down":{"texture":"#2","uv":[1,0,2,1]},"east":{"texture":"#2","uv":[1,0,2,1]},"north":{"texture":"#2","uv":[1,0,2,1]},"south":{"texture":"#2","uv":[1,0,2,1]},"up":{"texture":"#2","uv":[1,0,2,1]},"west":{"texture":"#2","uv":[1,0,2,1]}},"from":[10,2,3],"rotation":{"angle":0,"axis":"y","origin":[10.5,2.5,3.5]},"to":[11,3,4]},{"faces":{"down":{"texture":"#2","uv":[0,0,1,1]},"east":{"texture":"#2","uv":[0,0,1,1]},"north":{"texture":"#2","uv":[0,0,1,1]},"south":{"texture":"#2","uv":[0,0,1,1]},"up":{"texture":"#2","uv":[0,0,1,1]},"west":{"texture":"#2","uv":[0,0,1,1]}},"from":[9,2,2],"rotation":{"angle":0,"axis":"y","origin":[9.5,2.5,2.5]},"to":[10,3,3]},{"faces":{"down":{"texture":"#2","uv":[0,0,1,1]},"east":{"texture":"#2","uv":[0,0,1,1]},"north":{"texture":"#2","uv":[0,0,1,1]},"south":{"texture":"#2","uv":[0,0,1,1]},"up":{"texture":"#2","uv":[0,0,1,1]},"west":{"texture":"#2","uv":[0,0,1,1]}},"from":[8,2,2],"rotation":{"angle":0,"axis":"y","origin":[8.5,2.5,2.5]},"to":[9,3,3]},{"faces":{"down":{"texture":"#2","uv":[1,0,2,1]},"east":{"texture":"#2","uv":[1,0,2,1]},"north":{"texture":"#2","uv":[1,0,2,1]},"south":{"texture":"#2","uv":[1,0,2,1]},"up":{"texture":"#2","uv":[1,0,2,1]},"west":{"texture":"#2","uv":[1,0,2,1]}},"from":[7,2,2],"rotation":{"angle":0,"axis":"y","origin":[7.5,2.5,2.5]},"to":[8,3,3]},{"faces":{"down":{"texture":"#2","uv":[1,0,2,1]},"east":{"texture":"#2","uv":[1,0,2,1]},"north":{"texture":"#2","uv":[1,0,2,1]},"south":{"texture":"#2","uv":[1,0,2,1]},"up":{"texture":"#2","uv":[1,0,2,1]},"west":{"texture":"#2","uv":[1,0,2,1]}},"from":[6,2,2],"rotation":{"angle":0,"axis":"y","origin":[6.5,2.5,2.5]},"to":[7,3,3]},{"faces":{"down":{"texture":"#2","uv":[2,0,3,1]},"east":{"texture":"#2","uv":[2,0,3,1]},"north":{"texture":"#2","uv":[2,0,3,1]},"south":{"texture":"#2","uv":[2,0,3,1]},"up":{"texture":"#2","uv":[2,0,3,1]},"west":{"texture":"#2","uv":[2,0,3,1]}},"from":[4,2,3],"rotation":{"angle":0,"axis":"y","origin":[4.5,2.5,3.5]},"to":[5,3,4]},{"faces":{"down":{"texture":"#2","uv":[2,0,3,1]},"east":{"texture":"#2","uv":[2,0,3,1]},"north":{"texture":"#2","uv":[2,0,3,1]},"south":{"texture":"#2","uv":[2,0,3,1]},"up":{"texture":"#2","uv":[2,0,3,1]},"west":{"texture":"#2","uv":[2,0,3,1]}},"from":[12,2,5],"rotation":{"angle":0,"axis":"y","origin":[12.5,2.5,5.5]},"to":[13,3,6]},{"faces":{"down":{"texture":"#2","uv":[3,0,4,1]},"east":{"texture":"#2","uv":[3,0,4,1]},"north":{"texture":"#2","uv":[3,0,4,1]},"south":{"texture":"#2","uv":[3,0,4,1]},"up":{"texture":"#2","uv":[3,0,4,1]},"west":{"texture":"#2","uv":[3,0,4,1]}},"from":[11,2,3],"rotation":{"angle":0,"axis":"y","origin":[11.5,2.5,3.5]},"to":[12,3,4]},{"faces":{"down":{"texture":"#2","uv":[2,0,3,1]},"east":{"texture":"#2","uv":[2,0,3,1]},"north":{"texture":"#2","uv":[2,0,3,1]},"south":{"texture":"#2","uv":[2,0,3,1]},"up":{"texture":"#2","uv":[2,0,3,1]},"west":{"texture":"#2","uv":[2,0,3,1]}},"from":[12,2,4],"rotation":{"angle":0,"axis":"y","origin":[12.5,2.5,4.5]},"to":[13,3,5]},{"faces":{"down":{"texture":"#2","uv":[3,0,4,1]},"east":{"texture":"#2","uv":[3,0,4,1]},"north":{"texture":"#2","uv":[3,0,4,1]},"south":{"texture":"#2","uv":[3,0,4,1]},"up":{"texture":"#2","uv":[3,0,4,1]},"west":{"texture":"#2","uv":[3,0,4,1]}},"from":[3,2,4],"rotation":{"angle":0,"axis":"y","origin":[3.5,2.5,4.5]},"to":[4,3,5]},{"faces":{"down":{"texture":"#2","uv":[2,0,3,1]},"east":{"texture":"#2","uv":[2,0,3,1]},"north":{"texture":"#2","uv":[2,0,3,1]},"south":{"texture":"#2","uv":[2,0,3,1]},"up":{"texture":"#2","uv":[2,0,3,1]},"west":{"texture":"#2","uv":[2,0,3,1]}},"from":[12,3,11],"rotation":{"angle":0,"axis":"y","origin":[12.5,3.5,11.5]},"to":[13,4,12]},{"faces":{"down":{"texture":"#2","uv":[1,0,2,1]},"east":{"texture":"#2","uv":[1,0,2,1]},"north":{"texture":"#2","uv":[1,0,2,1]},"south":{"texture":"#2","uv":[1,0,2,1]},"up":{"texture":"#2","uv":[1,0,2,1]},"west":{"texture":"#2","uv":[1,0,2,1]}},"from":[3,3,11],"rotation":{"angle":0,"axis":"y","origin":[3.5,3.5,11.5]},"to":[4,4,12]},{"faces":{"down":{"texture":"#2","uv":[3,0,4,1]},"east":{"texture":"#2","uv":[3,0,4,1]},"north":{"texture":"#2","uv":[3,0,4,1]},"south":{"texture":"#2","uv":[3,0,4,1]},"up":{"texture":"#2","uv":[3,0,4,1]},"west":{"texture":"#2","uv":[3,0,4,1]}},"from":[12,3,10],"rotation":{"angle":0,"axis":"y","origin":[12.5,3.5,10.5]},"to":[13,4,11]},{"faces":{"down":{"texture":"#2","uv":[3,0,4,1]},"east":{"texture":"#2","uv":[3,0,4,1]},"north":{"texture":"#2","uv":[3,0,4,1]},"south":{"texture":"#2","uv":[3,0,4,1]},"up":{"texture":"#2","uv":[3,0,4,1]},"west":{"texture":"#2","uv":[3,0,4,1]}},"from":[4,3,12],"rotation":{"angle":0,"axis":"y","origin":[4.5,3.5,12.5]},"to":[5,4,13]},{"faces":{"down":{"texture":"#2","uv":[1,0,2,1]},"east":{"texture":"#2","uv":[1,0,2,1]},"north":{"texture":"#2","uv":[1,0,2,1]},"south":{"texture":"#2","uv":[1,0,2,1]},"up":{"texture":"#2","uv":[1,0,2,1]},"west":{"texture":"#2","uv":[1,0,2,1]}},"from":[3,3,10],"rotation":{"angle":0,"axis":"y","origin":[3.5,3.5,10.5]},"to":[4,4,11]},{"faces":{"down":{"texture":"#2","uv":[1,0,2,1]},"east":{"texture":"#2","uv":[1,0,2,1]},"north":{"texture":"#2","uv":[1,0,2,1]},"south":{"texture":"#2","uv":[1,0,2,1]},"up":{"texture":"#2","uv":[1,0,2,1]},"west":{"texture":"#2","uv":[1,0,2,1]}},"from":[11,3,12],"rotation":{"angle":0,"axis":"y","origin":[11.5,3.5,12.5]},"to":[12,4,13]},{"faces":{"down":{"texture":"#2","uv":[2,0,3,1]},"east":{"texture":"#2","uv":[2,0,3,1]},"north":{"texture":"#2","uv":[2,0,3,1]},"south":{"texture":"#2","uv":[2,0,3,1]},"up":{"texture":"#2","uv":[2,0,3,1]},"west":{"texture":"#2","uv":[2,0,3,1]}},"from":[9,3,13],"rotation":{"angle":0,"axis":"y","origin":[9.5,3.5,13.5]},"to":[10,4,14]},{"faces":{"down":{"texture":"#2","uv":[0,0,1,1]},"east":{"texture":"#2","uv":[0,0,1,1]},"north":{"texture":"#2","uv":[0,0,1,1]},"south":{"texture":"#2","uv":[0,0,1,1]},"up":{"texture":"#2","uv":[0,0,1,1]},"west":{"texture":"#2","uv":[0,0,1,1]}},"from":[8,3,13],"rotation":{"angle":0,"axis":"y","origin":[8.5,3.5,13.5]},"to":[9,4,14]},{"faces":{"down":{"texture":"#2","uv":[0,0,1,1]},"east":{"texture":"#2","uv":[0,0,1,1]},"north":{"texture":"#2","uv":[0,0,1,1]},"south":{"texture":"#2","uv":[0,0,1,1]},"up":{"texture":"#2","uv":[0,0,1,1]},"west":{"texture":"#2","uv":[0,0,1,1]}},"from":[7,3,13],"rotation":{"angle":0,"axis":"y","origin":[7.5,3.5,13.5]},"to":[8,4,14]},{"faces":{"down":{"texture":"#2","uv":[2,0,3,1]},"east":{"texture":"#2","uv":[2,0,3,1]},"north":{"texture":"#2","uv":[2,0,3,1]},"south":{"texture":"#2","uv":[2,0,3,1]},"up":{"texture":"#2","uv":[2,0,3,1]},"west":{"texture":"#2","uv":[2,0,3,1]}},"from":[6,3,13],"rotation":{"angle":0,"axis":"y","origin":[6.5,3.5,13.5]},"to":[7,4,14]},{"faces":{"down":{"texture":"#2","uv":[3,0,4,1]},"east":{"texture":"#2","uv":[3,0,4,1]},"north":{"texture":"#2","uv":[3,0,4,1]},"south":{"texture":"#2","uv":[3,0,4,1]},"up":{"texture":"#2","uv":[3,0,4,1]},"west":{"texture":"#2","uv":[3,0,4,1]}},"from":[5,3,12],"rotation":{"angle":0,"axis":"y","origin":[5.5,3.5,12.5]},"to":[6,4,13]},{"faces":{"down":{"texture":"#2","uv":[2,0,3,1]},"east":{"texture":"#2","uv":[2,0,3,1]},"north":{"texture":"#2","uv":[2,0,3,1]},"south":{"texture":"#2","uv":[2,0,3,1]},"up":{"texture":"#2","uv":[2,0,3,1]},"west":{"texture":"#2","uv":[2,0,3,1]}},"from":[2,3,9],"rotation":{"angle":0,"axis":"y","origin":[2.5,3.5,9.5]},"to":[3,4,10]},{"faces":{"down":{"texture":"#2","uv":[2,0,3,1]},"east":{"texture":"#2","uv":[2,0,3,1]},"north":{"texture":"#2","uv":[2,0,3,1]},"south":{"texture":"#2","uv":[2,0,3,1]},"up":{"texture":"#2","uv":[2,0,3,1]},"west":{"texture":"#2","uv":[2,0,3,1]}},"from":[2,3,8],"rotation":{"angle":0,"axis":"y","origin":[2.5,3.5,8.5]},"to":[3,4,9]},{"faces":{"down":{"texture":"#2","uv":[3,0,4,1]},"east":{"texture":"#2","uv":[3,0,4,1]},"north":{"texture":"#2","uv":[3,0,4,1]},"south":{"texture":"#2","uv":[3,0,4,1]},"up":{"texture":"#2","uv":[3,0,4,1]},"west":{"texture":"#2","uv":[3,0,4,1]}},"from":[2,3,6],"rotation":{"angle":0,"axis":"y","origin":[2.5,3.5,6.5]},"to":[3,4,7]},{"faces":{"down":{"texture":"#2","uv":[2,0,3,1]},"east":{"texture":"#2","uv":[2,0,3,1]},"north":{"texture":"#2","uv":[2,0,3,1]},"south":{"texture":"#2","uv":[2,0,3,1]},"up":{"texture":"#2","uv":[2,0,3,1]},"west":{"texture":"#2","uv":[2,0,3,1]}},"from":[2,3,7],"rotation":{"angle":0,"axis":"y","origin":[2.5,3.5,7.5]},"to":[3,4,8]},{"faces":{"down":{"texture":"#2","uv":[2,0,3,1]},"east":{"texture":"#2","uv":[2,0,3,1]},"north":{"texture":"#2","uv":[2,0,3,1]},"south":{"texture":"#2","uv":[2,0,3,1]},"up":{"texture":"#2","uv":[2,0,3,1]},"west":{"texture":"#2","uv":[2,0,3,1]}},"from":[10,3,12],"rotation":{"angle":0,"axis":"y","origin":[10.5,3.5,12.5]},"to":[11,4,13]},{"faces":{"down":{"texture":"#2","uv":[3,0,4,1]},"east":{"texture":"#2","uv":[3,0,4,1]},"north":{"texture":"#2","uv":[3,0,4,1]},"south":{"texture":"#2","uv":[3,0,4,1]},"up":{"texture":"#2","uv":[3,0,4,1]},"west":{"texture":"#2","uv":[3,0,4,1]}},"from":[3,3,5],"rotation":{"angle":0,"axis":"y","origin":[3.5,3.5,5.5]},"to":[4,4,6]},{"faces":{"down":{"texture":"#2","uv":[2,0,3,1]},"east":{"texture":"#2","uv":[2,0,3,1]},"north":{"texture":"#2","uv":[2,0,3,1]},"south":{"texture":"#2","uv":[2,0,3,1]},"up":{"texture":"#2","uv":[2,0,3,1]},"west":{"texture":"#2","uv":[2,0,3,1]}},"from":[5,3,3],"rotation":{"angle":0,"axis":"y","origin":[5.5,3.5,3.5]},"to":[6,4,4]},{"faces":{"down":{"texture":"#2","uv":[2,0,3,1]},"east":{"texture":"#2","uv":[2,0,3,1]},"north":{"texture":"#2","uv":[2,0,3,1]},"south":{"texture":"#2","uv":[2,0,3,1]},"up":{"texture":"#2","uv":[2,0,3,1]},"west":{"texture":"#2","uv":[2,0,3,1]}},"from":[13,3,8],"rotation":{"angle":0,"axis":"y","origin":[13.5,3.5,8.5]},"to":[14,4,9]},{"faces":{"down":{"texture":"#2","uv":[3,0,4,1]},"east":{"texture":"#2","uv":[3,0,4,1]},"north":{"texture":"#2","uv":[3,0,4,1]},"south":{"texture":"#2","uv":[3,0,4,1]},"up":{"texture":"#2","uv":[3,0,4,1]},"west":{"texture":"#2","uv":[3,0,4,1]}},"from":[13,3,9],"rotation":{"angle":0,"axis":"y","origin":[13.5,3.5,9.5]},"to":[14,4,10]},{"faces":{"down":{"texture":"#2","uv":[2,0,3,1]},"east":{"texture":"#2","uv":[2,0,3,1]},"north":{"texture":"#2","uv":[2,0,3,1]},"south":{"texture":"#2","uv":[2,0,3,1]},"up":{"texture":"#2","uv":[2,0,3,1]},"west":{"texture":"#2","uv":[2,0,3,1]}},"from":[13,3,7],"rotation":{"angle":0,"axis":"y","origin":[13.5,3.5,7.5]},"to":[14,4,8]},{"faces":{"down":{"texture":"#2","uv":[2,0,3,1]},"east":{"texture":"#2","uv":[2,0,3,1]},"north":{"texture":"#2","uv":[2,0,3,1]},"south":{"texture":"#2","uv":[2,0,3,1]},"up":{"texture":"#2","uv":[2,0,3,1]},"west":{"texture":"#2","uv":[2,0,3,1]}},"from":[13,3,6],"rotation":{"angle":0,"axis":"y","origin":[13.5,3.5,6.5]},"to":[14,4,7]},{"faces":{"down":{"texture":"#2","uv":[3,0,4,1]},"east":{"texture":"#2","uv":[3,0,4,1]},"north":{"texture":"#2","uv":[3,0,4,1]},"south":{"texture":"#2","uv":[3,0,4,1]},"up":{"texture":"#2","uv":[3,0,4,1]},"west":{"texture":"#2","uv":[3,0,4,1]}},"from":[10,3,3],"rotation":{"angle":0,"axis":"y","origin":[10.5,3.5,3.5]},"to":[11,4,4]},{"faces":{"down":{"texture":"#2","uv":[2,0,3,1]},"east":{"texture":"#2","uv":[2,0,3,1]},"north":{"texture":"#2","uv":[2,0,3,1]},"south":{"texture":"#2","uv":[2,0,3,1]},"up":{"texture":"#2","uv":[2,0,3,1]},"west":{"texture":"#2","uv":[2,0,3,1]}},"from":[9,3,2],"rotation":{"angle":0,"axis":"y","origin":[9.5,3.5,2.5]},"to":[10,4,3]},{"faces":{"down":{"texture":"#2","uv":[0,0,1,1]},"east":{"texture":"#2","uv":[0,0,1,1]},"north":{"texture":"#2","uv":[0,0,1,1]},"south":{"texture":"#2","uv":[0,0,1,1]},"up":{"texture":"#2","uv":[0,0,1,1]},"west":{"texture":"#2","uv":[0,0,1,1]}},"from":[8,3,2],"rotation":{"angle":0,"axis":"y","origin":[8.5,3.5,2.5]},"to":[9,4,3]},{"faces":{"down":{"texture":"#2","uv":[0,0,1,1]},"east":{"texture":"#2","uv":[0,0,1,1]},"north":{"texture":"#2","uv":[0,0,1,1]},"south":{"texture":"#2","uv":[0,0,1,1]},"up":{"texture":"#2","uv":[0,0,1,1]},"west":{"texture":"#2","uv":[0,0,1,1]}},"from":[7,3,2],"rotation":{"angle":0,"axis":"y","origin":[7.5,3.5,2.5]},"to":[8,4,3]},{"faces":{"down":{"texture":"#2","uv":[2,0,3,1]},"east":{"texture":"#2","uv":[2,0,3,1]},"north":{"texture":"#2","uv":[2,0,3,1]},"south":{"texture":"#2","uv":[2,0,3,1]},"up":{"texture":"#2","uv":[2,0,3,1]},"west":{"texture":"#2","uv":[2,0,3,1]}},"from":[6,3,2],"rotation":{"angle":0,"axis":"y","origin":[6.5,3.5,2.5]},"to":[7,4,3]},{"faces":{"down":{"texture":"#2","uv":[1,0,2,1]},"east":{"texture":"#2","uv":[1,0,2,1]},"north":{"texture":"#2","uv":[1,0,2,1]},"south":{"texture":"#2","uv":[1,0,2,1]},"up":{"texture":"#2","uv":[1,0,2,1]},"west":{"texture":"#2","uv":[1,0,2,1]}},"from":[4,3,3],"rotation":{"angle":0,"axis":"y","origin":[4.5,3.5,3.5]},"to":[5,4,4]},{"faces":{"down":{"texture":"#2","uv":[1,0,2,1]},"east":{"texture":"#2","uv":[1,0,2,1]},"north":{"texture":"#2","uv":[1,0,2,1]},"south":{"texture":"#2","uv":[1,0,2,1]},"up":{"texture":"#2","uv":[1,0,2,1]},"west":{"texture":"#2","uv":[1,0,2,1]}},"from":[12,3,5],"rotation":{"angle":0,"axis":"y","origin":[12.5,3.5,5.5]},"to":[13,4,6]},{"faces":{"down":{"texture":"#2","uv":[3,0,4,1]},"east":{"texture":"#2","uv":[3,0,4,1]},"north":{"texture":"#2","uv":[3,0,4,1]},"south":{"texture":"#2","uv":[3,0,4,1]},"up":{"texture":"#2","uv":[3,0,4,1]},"west":{"texture":"#2","uv":[3,0,4,1]}},"from":[11,3,3],"rotation":{"angle":0,"axis":"y","origin":[11.5,3.5,3.5]},"to":[12,4,4]},{"faces":{"down":{"texture":"#2","uv":[1,0,2,1]},"east":{"texture":"#2","uv":[1,0,2,1]},"north":{"texture":"#2","uv":[1,0,2,1]},"south":{"texture":"#2","uv":[1,0,2,1]},"up":{"texture":"#2","uv":[1,0,2,1]},"west":{"texture":"#2","uv":[1,0,2,1]}},"from":[12,3,4],"rotation":{"angle":0,"axis":"y","origin":[12.5,3.5,4.5]},"to":[13,4,5]},{"faces":{"down":{"texture":"#2","uv":[2,0,3,1]},"east":{"texture":"#2","uv":[2,0,3,1]},"north":{"texture":"#2","uv":[2,0,3,1]},"south":{"texture":"#2","uv":[2,0,3,1]},"up":{"texture":"#2","uv":[2,0,3,1]},"west":{"texture":"#2","uv":[2,0,3,1]}},"from":[3,3,4],"rotation":{"angle":0,"axis":"y","origin":[3.5,3.5,4.5]},"to":[4,4,5]},{"faces":{"down":{"texture":"#2","uv":[1,0,2,1]},"east":{"texture":"#2","uv":[1,0,2,1]},"north":{"texture":"#2","uv":[1,0,2,1]},"south":{"texture":"#2","uv":[1,0,2,1]},"up":{"texture":"#2","uv":[1,0,2,1]},"west":{"texture":"#2","uv":[1,0,2,1]}},"from":[12,4,11],"rotation":{"angle":0,"axis":"y","origin":[12.5,4.5,11.5]},"to":[13,5,12]},{"faces":{"down":{"texture":"#2","uv":[1,0,2,1]},"east":{"texture":"#2","uv":[1,0,2,1]},"north":{"texture":"#2","uv":[1,0,2,1]},"south":{"texture":"#2","uv":[1,0,2,1]},"up":{"texture":"#2","uv":[1,0,2,1]},"west":{"texture":"#2","uv":[1,0,2,1]}},"from":[3,4,11],"rotation":{"angle":0,"axis":"y","origin":[3.5,4.5,11.5]},"to":[4,5,12]},{"faces":{"down":{"texture":"#2","uv":[1,0,2,1]},"east":{"texture":"#2","uv":[1,0,2,1]},"north":{"texture":"#2","uv":[1,0,2,1]},"south":{"texture":"#2","uv":[1,0,2,1]},"up":{"texture":"#2","uv":[1,0,2,1]},"west":{"texture":"#2","uv":[1,0,2,1]}},"from":[12,4,10],"rotation":{"angle":0,"axis":"y","origin":[12.5,4.5,10.5]},"to":[13,5,11]},{"faces":{"down":{"texture":"#2","uv":[0,0,1,1]},"east":{"texture":"#2","uv":[0,0,1,1]},"north":{"texture":"#2","uv":[0,0,1,1]},"south":{"texture":"#2","uv":[0,0,1,1]},"up":{"texture":"#2","uv":[0,0,1,1]},"west":{"texture":"#2","uv":[0,0,1,1]}},"from":[4,4,12],"rotation":{"angle":0,"axis":"y","origin":[4.5,4.5,12.5]},"to":[5,5,13]},{"faces":{"down":{"texture":"#2","uv":[2,0,3,1]},"east":{"texture":"#2","uv":[2,0,3,1]},"north":{"texture":"#2","uv":[2,0,3,1]},"south":{"texture":"#2","uv":[2,0,3,1]},"up":{"texture":"#2","uv":[2,0,3,1]},"west":{"texture":"#2","uv":[2,0,3,1]}},"from":[3,4,10],"rotation":{"angle":0,"axis":"y","origin":[3.5,4.5,10.5]},"to":[4,5,11]},{"faces":{"down":{"texture":"#2","uv":[3,0,4,1]},"east":{"texture":"#2","uv":[3,0,4,1]},"north":{"texture":"#2","uv":[3,0,4,1]},"south":{"texture":"#2","uv":[3,0,4,1]},"up":{"texture":"#2","uv":[3,0,4,1]},"west":{"texture":"#2","uv":[3,0,4,1]}},"from":[11,4,12],"rotation":{"angle":0,"axis":"y","origin":[11.5,4.5,12.5]},"to":[12,5,13]},{"faces":{"down":{"texture":"#2","uv":[1,0,2,1]},"east":{"texture":"#2","uv":[1,0,2,1]},"north":{"texture":"#2","uv":[1,0,2,1]},"south":{"texture":"#2","uv":[1,0,2,1]},"up":{"texture":"#2","uv":[1,0,2,1]},"west":{"texture":"#2","uv":[1,0,2,1]}},"from":[9,4,13],"rotation":{"angle":0,"axis":"y","origin":[9.5,4.5,13.5]},"to":[10,5,14]},{"faces":{"down":{"texture":"#2","uv":[1,0,2,1]},"east":{"texture":"#2","uv":[1,0,2,1]},"north":{"texture":"#2","uv":[1,0,2,1]},"south":{"texture":"#2","uv":[1,0,2,1]},"up":{"texture":"#2","uv":[1,0,2,1]},"west":{"texture":"#2","uv":[1,0,2,1]}},"from":[8,4,13],"rotation":{"angle":0,"axis":"y","origin":[8.5,4.5,13.5]},"to":[9,5,14]},{"faces":{"down":{"texture":"#2","uv":[1,0,2,1]},"east":{"texture":"#2","uv":[1,0,2,1]},"north":{"texture":"#2","uv":[1,0,2,1]},"south":{"texture":"#2","uv":[1,0,2,1]},"up":{"texture":"#2","uv":[1,0,2,1]},"west":{"texture":"#2","uv":[1,0,2,1]}},"from":[7,4,13],"rotation":{"angle":0,"axis":"y","origin":[7.5,4.5,13.5]},"to":[8,5,14]},{"faces":{"down":{"texture":"#2","uv":[2,0,3,1]},"east":{"texture":"#2","uv":[2,0,3,1]},"north":{"texture":"#2","uv":[2,0,3,1]},"south":{"texture":"#2","uv":[2,0,3,1]},"up":{"texture":"#2","uv":[2,0,3,1]},"west":{"texture":"#2","uv":[2,0,3,1]}},"from":[6,4,13],"rotation":{"angle":0,"axis":"y","origin":[6.5,4.5,13.5]},"to":[7,5,14]},{"faces":{"down":{"texture":"#2","uv":[3,0,4,1]},"east":{"texture":"#2","uv":[3,0,4,1]},"north":{"texture":"#2","uv":[3,0,4,1]},"south":{"texture":"#2","uv":[3,0,4,1]},"up":{"texture":"#2","uv":[3,0,4,1]},"west":{"texture":"#2","uv":[3,0,4,1]}},"from":[5,4,12],"rotation":{"angle":0,"axis":"y","origin":[5.5,4.5,12.5]},"to":[6,5,13]},{"faces":{"down":{"texture":"#2","uv":[2,0,3,1]},"east":{"texture":"#2","uv":[2,0,3,1]},"north":{"texture":"#2","uv":[2,0,3,1]},"south":{"texture":"#2","uv":[2,0,3,1]},"up":{"texture":"#2","uv":[2,0,3,1]},"west":{"texture":"#2","uv":[2,0,3,1]}},"from":[2,4,9],"rotation":{"angle":0,"axis":"y","origin":[2.5,4.5,9.5]},"to":[3,5,10]},{"faces":{"down":{"texture":"#2","uv":[2,0,3,1]},"east":{"texture":"#2","uv":[2,0,3,1]},"north":{"texture":"#2","uv":[2,0,3,1]},"south":{"texture":"#2","uv":[2,0,3,1]},"up":{"texture":"#2","uv":[2,0,3,1]},"west":{"texture":"#2","uv":[2,0,3,1]}},"from":[2,4,8],"rotation":{"angle":0,"axis":"y","origin":[2.5,4.5,8.5]},"to":[3,5,9]},{"faces":{"down":{"texture":"#2","uv":[1,0,2,1]},"east":{"texture":"#2","uv":[1,0,2,1]},"north":{"texture":"#2","uv":[1,0,2,1]},"south":{"texture":"#2","uv":[1,0,2,1]},"up":{"texture":"#2","uv":[1,0,2,1]},"west":{"texture":"#2","uv":[1,0,2,1]}},"from":[2,4,6],"rotation":{"angle":0,"axis":"y","origin":[2.5,4.5,6.5]},"to":[3,5,7]},{"faces":{"down":{"texture":"#2","uv":[2,0,3,1]},"east":{"texture":"#2","uv":[2,0,3,1]},"north":{"texture":"#2","uv":[2,0,3,1]},"south":{"texture":"#2","uv":[2,0,3,1]},"up":{"texture":"#2","uv":[2,0,3,1]},"west":{"texture":"#2","uv":[2,0,3,1]}},"from":[2,4,7],"rotation":{"angle":0,"axis":"y","origin":[2.5,4.5,7.5]},"to":[3,5,8]},{"faces":{"down":{"texture":"#2","uv":[2,0,3,1]},"east":{"texture":"#2","uv":[2,0,3,1]},"north":{"texture":"#2","uv":[2,0,3,1]},"south":{"texture":"#2","uv":[2,0,3,1]},"up":{"texture":"#2","uv":[2,0,3,1]},"west":{"texture":"#2","uv":[2,0,3,1]}},"from":[10,4,12],"rotation":{"angle":0,"axis":"y","origin":[10.5,4.5,12.5]},"to":[11,5,13]},{"faces":{"down":{"texture":"#2","uv":[1,0,2,1]},"east":{"texture":"#2","uv":[1,0,2,1]},"north":{"texture":"#2","uv":[1,0,2,1]},"south":{"texture":"#2","uv":[1,0,2,1]},"up":{"texture":"#2","uv":[1,0,2,1]},"west":{"texture":"#2","uv":[1,0,2,1]}},"from":[3,4,5],"rotation":{"angle":0,"axis":"y","origin":[3.5,4.5,5.5]},"to":[4,5,6]},{"faces":{"down":{"texture":"#2","uv":[2,0,3,1]},"east":{"texture":"#2","uv":[2,0,3,1]},"north":{"texture":"#2","uv":[2,0,3,1]},"south":{"texture":"#2","uv":[2,0,3,1]},"up":{"texture":"#2","uv":[2,0,3,1]},"west":{"texture":"#2","uv":[2,0,3,1]}},"from":[5,4,3],"rotation":{"angle":0,"axis":"y","origin":[5.5,4.5,3.5]},"to":[6,5,4]},{"faces":{"down":{"texture":"#2","uv":[2,0,3,1]},"east":{"texture":"#2","uv":[2,0,3,1]},"north":{"texture":"#2","uv":[2,0,3,1]},"south":{"texture":"#2","uv":[2,0,3,1]},"up":{"texture":"#2","uv":[2,0,3,1]},"west":{"texture":"#2","uv":[2,0,3,1]}},"from":[13,4,8],"rotation":{"angle":0,"axis":"y","origin":[13.5,4.5,8.5]},"to":[14,5,9]},{"faces":{"down":{"texture":"#2","uv":[1,0,2,1]},"east":{"texture":"#2","uv":[1,0,2,1]},"north":{"texture":"#2","uv":[1,0,2,1]},"south":{"texture":"#2","uv":[1,0,2,1]},"up":{"texture":"#2","uv":[1,0,2,1]},"west":{"texture":"#2","uv":[1,0,2,1]}},"from":[13,4,9],"rotation":{"angle":0,"axis":"y","origin":[13.5,4.5,9.5]},"to":[14,5,10]},{"faces":{"down":{"texture":"#2","uv":[2,0,3,1]},"east":{"texture":"#2","uv":[2,0,3,1]},"north":{"texture":"#2","uv":[2,0,3,1]},"south":{"texture":"#2","uv":[2,0,3,1]},"up":{"texture":"#2","uv":[2,0,3,1]},"west":{"texture":"#2","uv":[2,0,3,1]}},"from":[13,4,7],"rotation":{"angle":0,"axis":"y","origin":[13.5,4.5,7.5]},"to":[14,5,8]},{"faces":{"down":{"texture":"#2","uv":[2,0,3,1]},"east":{"texture":"#2","uv":[2,0,3,1]},"north":{"texture":"#2","uv":[2,0,3,1]},"south":{"texture":"#2","uv":[2,0,3,1]},"up":{"texture":"#2","uv":[2,0,3,1]},"west":{"texture":"#2","uv":[2,0,3,1]}},"from":[13,4,6],"rotation":{"angle":0,"axis":"y","origin":[13.5,4.5,6.5]},"to":[14,5,7]},{"faces":{"down":{"texture":"#2","uv":[3,0,4,1]},"east":{"texture":"#2","uv":[3,0,4,1]},"north":{"texture":"#2","uv":[3,0,4,1]},"south":{"texture":"#2","uv":[3,0,4,1]},"up":{"texture":"#2","uv":[3,0,4,1]},"west":{"texture":"#2","uv":[3,0,4,1]}},"from":[10,4,3],"rotation":{"angle":0,"axis":"y","origin":[10.5,4.5,3.5]},"to":[11,5,4]},{"faces":{"down":{"texture":"#2","uv":[2,0,3,1]},"east":{"texture":"#2","uv":[2,0,3,1]},"north":{"texture":"#2","uv":[2,0,3,1]},"south":{"texture":"#2","uv":[2,0,3,1]},"up":{"texture":"#2","uv":[2,0,3,1]},"west":{"texture":"#2","uv":[2,0,3,1]}},"from":[9,4,2],"rotation":{"angle":0,"axis":"y","origin":[9.5,4.5,2.5]},"to":[10,5,3]},{"faces":{"down":{"texture":"#2","uv":[1,0,2,1]},"east":{"texture":"#2","uv":[1,0,2,1]},"north":{"texture":"#2","uv":[1,0,2,1]},"south":{"texture":"#2","uv":[1,0,2,1]},"up":{"texture":"#2","uv":[1,0,2,1]},"west":{"texture":"#2","uv":[1,0,2,1]}},"from":[8,4,2],"rotation":{"angle":0,"axis":"y","origin":[8.5,4.5,2.5]},"to":[9,5,3]},{"faces":{"down":{"texture":"#2","uv":[1,0,2,1]},"east":{"texture":"#2","uv":[1,0,2,1]},"north":{"texture":"#2","uv":[1,0,2,1]},"south":{"texture":"#2","uv":[1,0,2,1]},"up":{"texture":"#2","uv":[1,0,2,1]},"west":{"texture":"#2","uv":[1,0,2,1]}},"from":[7,4,2],"rotation":{"angle":0,"axis":"y","origin":[7.5,4.5,2.5]},"to":[8,5,3]},{"faces":{"down":{"texture":"#2","uv":[1,0,2,1]},"east":{"texture":"#2","uv":[1,0,2,1]},"north":{"texture":"#2","uv":[1,0,2,1]},"south":{"texture":"#2","uv":[1,0,2,1]},"up":{"texture":"#2","uv":[1,0,2,1]},"west":{"texture":"#2","uv":[1,0,2,1]}},"from":[6,4,2],"rotation":{"angle":0,"axis":"y","origin":[6.5,4.5,2.5]},"to":[7,5,3]},{"faces":{"down":{"texture":"#2","uv":[3,0,4,1]},"east":{"texture":"#2","uv":[3,0,4,1]},"north":{"texture":"#2","uv":[3,0,4,1]},"south":{"texture":"#2","uv":[3,0,4,1]},"up":{"texture":"#2","uv":[3,0,4,1]},"west":{"texture":"#2","uv":[3,0,4,1]}},"from":[4,4,3],"rotation":{"angle":0,"axis":"y","origin":[4.5,4.5,3.5]},"to":[5,5,4]},{"faces":{"down":{"texture":"#2","uv":[2,0,3,1]},"east":{"texture":"#2","uv":[2,0,3,1]},"north":{"texture":"#2","uv":[2,0,3,1]},"south":{"texture":"#2","uv":[2,0,3,1]},"up":{"texture":"#2","uv":[2,0,3,1]},"west":{"texture":"#2","uv":[2,0,3,1]}},"from":[12,4,5],"rotation":{"angle":0,"axis":"y","origin":[12.5,4.5,5.5]},"to":[13,5,6]},{"faces":{"down":{"texture":"#2","uv":[0,0,1,1]},"east":{"texture":"#2","uv":[0,0,1,1]},"north":{"texture":"#2","uv":[0,0,1,1]},"south":{"texture":"#2","uv":[0,0,1,1]},"up":{"texture":"#2","uv":[0,0,1,1]},"west":{"texture":"#2","uv":[0,0,1,1]}},"from":[11,4,3],"rotation":{"angle":0,"axis":"y","origin":[11.5,4.5,3.5]},"to":[12,5,4]},{"faces":{"down":{"texture":"#2","uv":[1,0,2,1]},"east":{"texture":"#2","uv":[1,0,2,1]},"north":{"texture":"#2","uv":[1,0,2,1]},"south":{"texture":"#2","uv":[1,0,2,1]},"up":{"texture":"#2","uv":[1,0,2,1]},"west":{"texture":"#2","uv":[1,0,2,1]}},"from":[12,4,4],"rotation":{"angle":0,"axis":"y","origin":[12.5,4.5,4.5]},"to":[13,5,5]},{"faces":{"down":{"texture":"#2","uv":[1,0,2,1]},"east":{"texture":"#2","uv":[1,0,2,1]},"north":{"texture":"#2","uv":[1,0,2,1]},"south":{"texture":"#2","uv":[1,0,2,1]},"up":{"texture":"#2","uv":[1,0,2,1]},"west":{"texture":"#2","uv":[1,0,2,1]}},"from":[3,4,4],"rotation":{"angle":0,"axis":"y","origin":[3.5,4.5,4.5]},"to":[4,5,5]},{"faces":{"down":{"texture":"#2","uv":[2,5,3,6]},"east":{"texture":"#2","uv":[2,5,3,6]},"north":{"texture":"#2","uv":[2,5,3,6]},"south":{"texture":"#2","uv":[2,5,3,6]},"up":{"texture":"#2","uv":[2,5,3,6]},"west":{"texture":"#2","uv":[2,5,3,6]}},"from":[12.25,5,11],"rotation":{"angle":0,"axis":"y","origin":[12.75,5.5,11.5]},"to":[12.75,5.5,12]},{"faces":{"down":{"texture":"#2","uv":[2,5,3,6]},"east":{"texture":"#2","uv":[2,5,3,6]},"north":{"texture":"#2","uv":[2,5,3,6]},"south":{"texture":"#2","uv":[2,5,3,6]},"up":{"texture":"#2","uv":[2,5,3,6]},"west":{"texture":"#2","uv":[2,5,3,6]}},"from":[3.25,5,11],"rotation":{"angle":0,"axis":"y","origin":[3.25,5.5,11.5]},"to":[3.75,5.5,12]},{"faces":{"down":{"texture":"#2","uv":[2,5,3,6]},"east":{"texture":"#2","uv":[2,5,3,6]},"north":{"texture":"#2","uv":[2,5,3,6]},"south":{"texture":"#2","uv":[2,5,3,6]},"up":{"texture":"#2","uv":[2,5,3,6]},"west":{"texture":"#2","uv":[2,5,3,6]}},"from":[12.25,5,10],"rotation":{"angle":0,"axis":"y","origin":[12.75,5.5,10.5]},"to":[12.75,5.5,11]},{"faces":{"down":{"texture":"#2","uv":[2,5,3,6]},"east":{"texture":"#2","uv":[2,5,3,6]},"north":{"texture":"#2","uv":[2,5,3,6]},"south":{"texture":"#2","uv":[2,5,3,6]},"up":{"texture":"#2","uv":[2,5,3,6]},"west":{"texture":"#2","uv":[2,5,3,6]}},"from":[4,5,12.25],"rotation":{"angle":0,"axis":"y","origin":[4.5,5.5,12.75]},"to":[5,5.5,12.75]},{"faces":{"down":{"texture":"#2","uv":[2,5,3,6]},"east":{"texture":"#2","uv":[2,5,3,6]},"north":{"texture":"#2","uv":[2,5,3,6]},"south":{"texture":"#2","uv":[2,5,3,6]},"up":{"texture":"#2","uv":[2,5,3,6]},"west":{"texture":"#2","uv":[2,5,3,6]}},"from":[3.25,5,10],"rotation":{"angle":0,"axis":"y","origin":[3.25,5.5,10.5]},"to":[3.75,5.5,11]},{"faces":{"down":{"texture":"#2","uv":[2,5,3,6]},"east":{"texture":"#2","uv":[2,5,3,6]},"north":{"texture":"#2","uv":[2,5,3,6]},"south":{"texture":"#2","uv":[2,5,3,6]},"up":{"texture":"#2","uv":[2,5,3,6]},"west":{"texture":"#2","uv":[2,5,3,6]}},"from":[11,5,12.25],"rotation":{"angle":0,"axis":"y","origin":[11.5,5.5,12.75]},"to":[12,5.5,12.75]},{"faces":{"down":{"texture":"#2","uv":[2,5,3,6]},"east":{"texture":"#2","uv":[2,5,3,6]},"north":{"texture":"#2","uv":[2,5,3,6]},"south":{"texture":"#2","uv":[2,5,3,6]},"up":{"texture":"#2","uv":[2,5,3,6]},"west":{"texture":"#2","uv":[2,5,3,6]}},"from":[9,5,13.25],"rotation":{"angle":0,"axis":"y","origin":[9.5,5.5,13.75]},"to":[10,5.5,13.75]},{"faces":{"down":{"texture":"#2","uv":[2,5,3,6]},"east":{"texture":"#2","uv":[2,5,3,6]},"north":{"texture":"#2","uv":[2,5,3,6]},"south":{"texture":"#2","uv":[2,5,3,6]},"up":{"texture":"#2","uv":[2,5,3,6]},"west":{"texture":"#2","uv":[2,5,3,6]}},"from":[8,5,13.25],"rotation":{"angle":0,"axis":"y","origin":[8.5,5.5,13.75]},"to":[9,5.5,13.75]},{"faces":{"down":{"texture":"#2","uv":[2,5,3,6]},"east":{"texture":"#2","uv":[2,5,3,6]},"north":{"texture":"#2","uv":[2,5,3,6]},"south":{"texture":"#2","uv":[2,5,3,6]},"up":{"texture":"#2","uv":[2,5,3,6]},"west":{"texture":"#2","uv":[2,5,3,6]}},"from":[7,5,13.25],"rotation":{"angle":0,"axis":"y","origin":[7.5,5.5,13.75]},"to":[8,5.5,13.75]},{"faces":{"down":{"texture":"#2","uv":[2,5,3,6]},"east":{"texture":"#2","uv":[2,5,3,6]},"north":{"texture":"#2","uv":[2,5,3,6]},"south":{"texture":"#2","uv":[2,5,3,6]},"up":{"texture":"#2","uv":[2,5,3,6]},"west":{"texture":"#2","uv":[2,5,3,6]}},"from":[6,5,13.25],"rotation":{"angle":0,"axis":"y","origin":[6.5,5.5,13.75]},"to":[7,5.5,13.75]},{"faces":{"down":{"texture":"#2","uv":[2,5,3,6]},"east":{"texture":"#2","uv":[2,5,3,6]},"north":{"texture":"#2","uv":[2,5,3,6]},"south":{"texture":"#2","uv":[2,5,3,6]},"up":{"texture":"#2","uv":[2,5,3,6]},"west":{"texture":"#2","uv":[2,5,3,6]}},"from":[5,5,12.25],"rotation":{"angle":0,"axis":"y","origin":[5.5,5.5,12.75]},"to":[6,5.5,12.75]},{"faces":{"down":{"texture":"#2","uv":[2,5,3,6]},"east":{"texture":"#2","uv":[2,5,3,6]},"north":{"texture":"#2","uv":[2,5,3,6]},"south":{"texture":"#2","uv":[2,5,3,6]},"up":{"texture":"#2","uv":[2,5,3,6]},"west":{"texture":"#2","uv":[2,5,3,6]}},"from":[2.25,5,9],"rotation":{"angle":0,"axis":"y","origin":[2.25,5.5,9.5]},"to":[2.75,5.5,10]},{"faces":{"down":{"texture":"#2","uv":[2,5,3,6]},"east":{"texture":"#2","uv":[2,5,3,6]},"north":{"texture":"#2","uv":[2,5,3,6]},"south":{"texture":"#2","uv":[2,5,3,6]},"up":{"texture":"#2","uv":[2,5,3,6]},"west":{"texture":"#2","uv":[2,5,3,6]}},"from":[2.25,5,8],"rotation":{"angle":0,"axis":"y","origin":[2.25,5.5,8.5]},"to":[2.75,5.5,9]},{"faces":{"down":{"texture":"#2","uv":[2,5,3,6]},"east":{"texture":"#2","uv":[2,5,3,6]},"north":{"texture":"#2","uv":[2,5,3,6]},"south":{"texture":"#2","uv":[2,5,3,6]},"up":{"texture":"#2","uv":[2,5,3,6]},"west":{"texture":"#2","uv":[2,5,3,6]}},"from":[2.25,5,6],"rotation":{"angle":0,"axis":"y","origin":[2.25,5.5,6.5]},"to":[2.75,5.5,7]},{"faces":{"down":{"texture":"#2","uv":[2,5,3,6]},"east":{"texture":"#2","uv":[2,5,3,6]},"north":{"texture":"#2","uv":[2,5,3,6]},"south":{"texture":"#2","uv":[2,5,3,6]},"up":{"texture":"#2","uv":[2,5,3,6]},"west":{"texture":"#2","uv":[2,5,3,6]}},"from":[2.25,5,7],"rotation":{"angle":0,"axis":"y","origin":[2.25,5.5,7.5]},"to":[2.75,5.5,8]},{"faces":{"down":{"texture":"#2","uv":[2,5,3,6]},"east":{"texture":"#2","uv":[2,5,3,6]},"north":{"texture":"#2","uv":[2,5,3,6]},"south":{"texture":"#2","uv":[2,5,3,6]},"up":{"texture":"#2","uv":[2,5,3,6]},"west":{"texture":"#2","uv":[2,5,3,6]}},"from":[10,5,12.25],"rotation":{"angle":0,"axis":"y","origin":[10.5,5.5,12.75]},"to":[11,5.5,12.75]},{"faces":{"down":{"texture":"#2","uv":[2,5,3,6]},"east":{"texture":"#2","uv":[2,5,3,6]},"north":{"texture":"#2","uv":[2,5,3,6]},"south":{"texture":"#2","uv":[2,5,3,6]},"up":{"texture":"#2","uv":[2,5,3,6]},"west":{"texture":"#2","uv":[2,5,3,6]}},"from":[3.25,5,5],"rotation":{"angle":0,"axis":"y","origin":[3.25,5.5,5.5]},"to":[3.75,5.5,6]},{"faces":{"down":{"texture":"#2","uv":[2,5,3,6]},"east":{"texture":"#2","uv":[2,5,3,6]},"north":{"texture":"#2","uv":[2,5,3,6]},"south":{"texture":"#2","uv":[2,5,3,6]},"up":{"texture":"#2","uv":[2,5,3,6]},"west":{"texture":"#2","uv":[2,5,3,6]}},"from":[5,5,3.25],"rotation":{"angle":0,"axis":"y","origin":[5.5,5.5,3.25]},"to":[6,5.5,3.75]},{"faces":{"down":{"texture":"#2","uv":[2,5,3,6]},"east":{"texture":"#2","uv":[2,5,3,6]},"north":{"texture":"#2","uv":[2,5,3,6]},"south":{"texture":"#2","uv":[2,5,3,6]},"up":{"texture":"#2","uv":[2,5,3,6]},"west":{"texture":"#2","uv":[2,5,3,6]}},"from":[13.25,5,8],"rotation":{"angle":0,"axis":"y","origin":[13.75,5.5,8.5]},"to":[13.75,5.5,9]},{"faces":{"down":{"texture":"#2","uv":[2,5,3,6]},"east":{"texture":"#2","uv":[2,5,3,6]},"north":{"texture":"#2","uv":[2,5,3,6]},"south":{"texture":"#2","uv":[2,5,3,6]},"up":{"texture":"#2","uv":[2,5,3,6]},"west":{"texture":"#2","uv":[2,5,3,6]}},"from":[13.25,5,9],"rotation":{"angle":0,"axis":"y","origin":[13.75,5.5,9.5]},"to":[13.75,5.5,10]},{"faces":{"down":{"texture":"#2","uv":[2,5,3,6]},"east":{"texture":"#2","uv":[2,5,3,6]},"north":{"texture":"#2","uv":[2,5,3,6]},"south":{"texture":"#2","uv":[2,5,3,6]},"up":{"texture":"#2","uv":[2,5,3,6]},"west":{"texture":"#2","uv":[2,5,3,6]}},"from":[13.25,5,7],"rotation":{"angle":0,"axis":"y","origin":[13.75,5.5,7.5]},"to":[13.75,5.5,8]},{"faces":{"down":{"texture":"#2","uv":[2,5,3,6]},"east":{"texture":"#2","uv":[2,5,3,6]},"north":{"texture":"#2","uv":[2,5,3,6]},"south":{"texture":"#2","uv":[2,5,3,6]},"up":{"texture":"#2","uv":[2,5,3,6]},"west":{"texture":"#2","uv":[2,5,3,6]}},"from":[13.25,5,6],"rotation":{"angle":0,"axis":"y","origin":[13.75,5.5,6.5]},"to":[13.75,5.5,7]},{"faces":{"down":{"texture":"#2","uv":[2,5,3,6]},"east":{"texture":"#2","uv":[2,5,3,6]},"north":{"texture":"#2","uv":[2,5,3,6]},"south":{"texture":"#2","uv":[2,5,3,6]},"up":{"texture":"#2","uv":[2,5,3,6]},"west":{"texture":"#2","uv":[2,5,3,6]}},"from":[10,5,3.25],"rotation":{"angle":0,"axis":"y","origin":[10.5,5.5,3.25]},"to":[11,5.5,3.75]},{"faces":{"down":{"texture":"#2","uv":[2,5,3,6]},"east":{"texture":"#2","uv":[2,5,3,6]},"north":{"texture":"#2","uv":[2,5,3,6]},"south":{"texture":"#2","uv":[2,5,3,6]},"up":{"texture":"#2","uv":[2,5,3,6]},"west":{"texture":"#2","uv":[2,5,3,6]}},"from":[9,5,2.25],"rotation":{"angle":0,"axis":"y","origin":[9.5,5.5,2.25]},"to":[10,5.5,2.75]},{"faces":{"down":{"texture":"#2","uv":[2,5,3,6]},"east":{"texture":"#2","uv":[2,5,3,6]},"north":{"texture":"#2","uv":[2,5,3,6]},"south":{"texture":"#2","uv":[2,5,3,6]},"up":{"texture":"#2","uv":[2,5,3,6]},"west":{"texture":"#2","uv":[2,5,3,6]}},"from":[8,5,2.25],"rotation":{"angle":0,"axis":"y","origin":[8.5,5.5,2.25]},"to":[9,5.5,2.75]},{"faces":{"down":{"texture":"#2","uv":[2,5,3,6]},"east":{"texture":"#2","uv":[2,5,3,6]},"north":{"texture":"#2","uv":[2,5,3,6]},"south":{"texture":"#2","uv":[2,5,3,6]},"up":{"texture":"#2","uv":[2,5,3,6]},"west":{"texture":"#2","uv":[2,5,3,6]}},"from":[7,5,2.25],"rotation":{"angle":0,"axis":"y","origin":[7.5,5.5,2.25]},"to":[8,5.5,2.75]},{"faces":{"down":{"texture":"#2","uv":[2,5,3,6]},"east":{"texture":"#2","uv":[2,5,3,6]},"north":{"texture":"#2","uv":[2,5,3,6]},"south":{"texture":"#2","uv":[2,5,3,6]},"up":{"texture":"#2","uv":[2,5,3,6]},"west":{"texture":"#2","uv":[2,5,3,6]}},"from":[6,5,2.25],"rotation":{"angle":0,"axis":"y","origin":[6.5,5.5,2.25]},"to":[7,5.5,2.75]},{"faces":{"down":{"texture":"#2","uv":[2,5,3,6]},"east":{"texture":"#2","uv":[2,5,3,6]},"north":{"texture":"#2","uv":[2,5,3,6]},"south":{"texture":"#2","uv":[2,5,3,6]},"up":{"texture":"#2","uv":[2,5,3,6]},"west":{"texture":"#2","uv":[2,5,3,6]}},"from":[4,5,3.25],"rotation":{"angle":0,"axis":"y","origin":[4.5,5.5,3.25]},"to":[5,5.5,3.75]},{"faces":{"down":{"texture":"#2","uv":[2,5,3,6]},"east":{"texture":"#2","uv":[2,5,3,6]},"north":{"texture":"#2","uv":[2,5,3,6]},"south":{"texture":"#2","uv":[2,5,3,6]},"up":{"texture":"#2","uv":[2,5,3,6]},"west":{"texture":"#2","uv":[2,5,3,6]}},"from":[12.25,5,5],"rotation":{"angle":0,"axis":"y","origin":[12.75,5.5,5.5]},"to":[12.75,5.5,6]},{"faces":{"down":{"texture":"#2","uv":[2,5,3,6]},"east":{"texture":"#2","uv":[2,5,3,6]},"north":{"texture":"#2","uv":[2,5,3,6]},"south":{"texture":"#2","uv":[2,5,3,6]},"up":{"texture":"#2","uv":[2,5,3,6]},"west":{"texture":"#2","uv":[2,5,3,6]}},"from":[11,5,3.25],"rotation":{"angle":0,"axis":"y","origin":[11.5,5.5,3.25]},"to":[12,5.5,3.75]},{"faces":{"down":{"texture":"#2","uv":[2,5,3,6]},"east":{"texture":"#2","uv":[2,5,3,6]},"north":{"texture":"#2","uv":[2,5,3,6]},"south":{"texture":"#2","uv":[2,5,3,6]},"up":{"texture":"#2","uv":[2,5,3,6]},"west":{"texture":"#2","uv":[2,5,3,6]}},"from":[12.25,5,4],"rotation":{"angle":0,"axis":"y","origin":[12.75,5.5,4.5]},"to":[12.75,5.5,5]},{"faces":{"down":{"texture":"#2","uv":[2,5,3,6]},"east":{"texture":"#2","uv":[2,5,3,6]},"north":{"texture":"#2","uv":[2,5,3,6]},"south":{"texture":"#2","uv":[2,5,3,6]},"up":{"texture":"#2","uv":[2,5,3,6]},"west":{"texture":"#2","uv":[2,5,3,6]}},"from":[3.25,5,4],"rotation":{"angle":0,"axis":"y","origin":[3.25,5.5,4.5]},"to":[3.75,5.5,5]},{"faces":{"down":{"texture":"#2","uv":[1,6,2,7]},"east":{"texture":"#2","uv":[1,6,2,7]},"north":{"texture":"#2","uv":[1,6,2,7]},"south":{"texture":"#2","uv":[1,6,2,7]},"up":{"texture":"#2","uv":[1,6,2,7]},"west":{"texture":"#2","uv":[1,6,2,7]}},"from":[4,5,11],"rotation":{"angle":0,"axis":"y","origin":[4.5,5.5,11.5]},"to":[5,6,12]},{"faces":{"down":{"texture":"#2","uv":[1,6,2,7]},"east":{"texture":"#2","uv":[1,6,2,7]},"north":{"texture":"#2","uv":[1,6,2,7]},"south":{"texture":"#2","uv":[1,6,2,7]},"up":{"texture":"#2","uv":[1,6,2,7]},"west":{"texture":"#2","uv":[1,6,2,7]}},"from":[11,5,10],"rotation":{"angle":0,"axis":"y","origin":[11.5,5.5,10.5]},"to":[12,6,11]},{"faces":{"down":{"texture":"#2","uv":[2,6,3,7]},"east":{"texture":"#2","uv":[2,6,3,7]},"north":{"texture":"#2","uv":[2,6,3,7]},"south":{"texture":"#2","uv":[2,6,3,7]},"up":{"texture":"#2","uv":[2,6,3,7]},"west":{"texture":"#2","uv":[2,6,3,7]}},"from":[4,5,10],"rotation":{"angle":0,"axis":"y","origin":[4.5,5.5,10.5]},"to":[5,6,11]},{"faces":{"down":{"texture":"#2","uv":[2,6,3,7]},"east":{"texture":"#2","uv":[2,6,3,7]},"north":{"texture":"#2","uv":[2,6,3,7]},"south":{"texture":"#2","uv":[2,6,3,7]},"up":{"texture":"#2","uv":[2,6,3,7]},"west":{"texture":"#2","uv":[2,6,3,7]}},"from":[11,5,11],"rotation":{"angle":0,"axis":"y","origin":[11.5,5.5,11.5]},"to":[12,6,12]},{"faces":{"down":{"texture":"#2","uv":[2,6,3,7]},"east":{"texture":"#2","uv":[2,6,3,7]},"north":{"texture":"#2","uv":[2,6,3,7]},"south":{"texture":"#2","uv":[2,6,3,7]},"up":{"texture":"#2","uv":[2,6,3,7]},"west":{"texture":"#2","uv":[2,6,3,7]}},"from":[9,5,12],"rotation":{"angle":0,"axis":"y","origin":[9.5,5.5,12.5]},"to":[10,6,13]},{"faces":{"down":{"texture":"#2","uv":[0,6,1,7]},"east":{"texture":"#2","uv":[0,6,1,7]},"north":{"texture":"#2","uv":[0,6,1,7]},"south":{"texture":"#2","uv":[0,6,1,7]},"up":{"texture":"#2","uv":[0,6,1,7]},"west":{"texture":"#2","uv":[0,6,1,7]}},"from":[8,5,12],"rotation":{"angle":0,"axis":"y","origin":[8.5,5.5,12.5]},"to":[9,6,13]},{"faces":{"down":{"texture":"#2","uv":[2,6,3,7]},"east":{"texture":"#2","uv":[2,6,3,7]},"north":{"texture":"#2","uv":[2,6,3,7]},"south":{"texture":"#2","uv":[2,6,3,7]},"up":{"texture":"#2","uv":[2,6,3,7]},"west":{"texture":"#2","uv":[2,6,3,7]}},"from":[7,5,12],"rotation":{"angle":0,"axis":"y","origin":[7.5,5.5,12.5]},"to":[8,6,13]},{"faces":{"down":{"texture":"#2","uv":[1,6,2,7]},"east":{"texture":"#2","uv":[1,6,2,7]},"north":{"texture":"#2","uv":[1,6,2,7]},"south":{"texture":"#2","uv":[1,6,2,7]},"up":{"texture":"#2","uv":[1,6,2,7]},"west":{"texture":"#2","uv":[1,6,2,7]}},"from":[6,5,12],"rotation":{"angle":0,"axis":"y","origin":[6.5,5.5,12.5]},"to":[7,6,13]},{"faces":{"down":{"texture":"#2","uv":[2,6,3,7]},"east":{"texture":"#2","uv":[2,6,3,7]},"north":{"texture":"#2","uv":[2,6,3,7]},"south":{"texture":"#2","uv":[2,6,3,7]},"up":{"texture":"#2","uv":[2,6,3,7]},"west":{"texture":"#2","uv":[2,6,3,7]}},"from":[5,5,11],"rotation":{"angle":0,"axis":"y","origin":[5.5,5.5,11.5]},"to":[6,6,12]},{"faces":{"down":{"texture":"#2","uv":[0,6,1,7]},"east":{"texture":"#2","uv":[0,6,1,7]},"north":{"texture":"#2","uv":[0,6,1,7]},"south":{"texture":"#2","uv":[0,6,1,7]},"up":{"texture":"#2","uv":[0,6,1,7]},"west":{"texture":"#2","uv":[0,6,1,7]}},"from":[3,5,9],"rotation":{"angle":0,"axis":"y","origin":[3.5,5.5,9.5]},"to":[4,6,10]},{"faces":{"down":{"texture":"#2","uv":[2,6,3,7]},"east":{"texture":"#2","uv":[2,6,3,7]},"north":{"texture":"#2","uv":[2,6,3,7]},"south":{"texture":"#2","uv":[2,6,3,7]},"up":{"texture":"#2","uv":[2,6,3,7]},"west":{"texture":"#2","uv":[2,6,3,7]}},"from":[3,5,8],"rotation":{"angle":0,"axis":"y","origin":[3.5,5.5,8.5]},"to":[4,6,9]},{"faces":{"down":{"texture":"#2","uv":[0,6,1,7]},"east":{"texture":"#2","uv":[0,6,1,7]},"north":{"texture":"#2","uv":[0,6,1,7]},"south":{"texture":"#2","uv":[0,6,1,7]},"up":{"texture":"#2","uv":[0,6,1,7]},"west":{"texture":"#2","uv":[0,6,1,7]}},"from":[3,5,6],"rotation":{"angle":0,"axis":"y","origin":[3.5,5.5,6.5]},"to":[4,6,7]},{"faces":{"down":{"texture":"#2","uv":[1,6,2,7]},"east":{"texture":"#2","uv":[1,6,2,7]},"north":{"texture":"#2","uv":[1,6,2,7]},"south":{"texture":"#2","uv":[1,6,2,7]},"up":{"texture":"#2","uv":[1,6,2,7]},"west":{"texture":"#2","uv":[1,6,2,7]}},"from":[3,5,7],"rotation":{"angle":0,"axis":"y","origin":[3.5,5.5,7.5]},"to":[4,6,8]},{"faces":{"down":{"texture":"#2","uv":[0,6,1,7]},"east":{"texture":"#2","uv":[0,6,1,7]},"north":{"texture":"#2","uv":[0,6,1,7]},"south":{"texture":"#2","uv":[0,6,1,7]},"up":{"texture":"#2","uv":[0,6,1,7]},"west":{"texture":"#2","uv":[0,6,1,7]}},"from":[10,5,11],"rotation":{"angle":0,"axis":"y","origin":[10.5,5.5,11.5]},"to":[11,6,12]},{"faces":{"down":{"texture":"#2","uv":[1,6,2,7]},"east":{"texture":"#2","uv":[1,6,2,7]},"north":{"texture":"#2","uv":[1,6,2,7]},"south":{"texture":"#2","uv":[1,6,2,7]},"up":{"texture":"#2","uv":[1,6,2,7]},"west":{"texture":"#2","uv":[1,6,2,7]}},"from":[4,5,5],"rotation":{"angle":0,"axis":"y","origin":[4.5,5.5,5.5]},"to":[5,6,6]},{"faces":{"down":{"texture":"#2","uv":[2,6,3,7]},"east":{"texture":"#2","uv":[2,6,3,7]},"north":{"texture":"#2","uv":[2,6,3,7]},"south":{"texture":"#2","uv":[2,6,3,7]},"up":{"texture":"#2","uv":[2,6,3,7]},"west":{"texture":"#2","uv":[2,6,3,7]}},"from":[5,5,4],"rotation":{"angle":0,"axis":"y","origin":[5.5,5.5,4.5]},"to":[6,6,5]},{"faces":{"down":{"texture":"#2","uv":[1,6,2,7]},"east":{"texture":"#2","uv":[1,6,2,7]},"north":{"texture":"#2","uv":[1,6,2,7]},"south":{"texture":"#2","uv":[1,6,2,7]},"up":{"texture":"#2","uv":[1,6,2,7]},"west":{"texture":"#2","uv":[1,6,2,7]}},"from":[12,5,8],"rotation":{"angle":0,"axis":"y","origin":[12.5,5.5,8.5]},"to":[13,6,9]},{"faces":{"down":{"texture":"#2","uv":[0,6,1,7]},"east":{"texture":"#2","uv":[0,6,1,7]},"north":{"texture":"#2","uv":[0,6,1,7]},"south":{"texture":"#2","uv":[0,6,1,7]},"up":{"texture":"#2","uv":[0,6,1,7]},"west":{"texture":"#2","uv":[0,6,1,7]}},"from":[12,5,9],"rotation":{"angle":0,"axis":"y","origin":[12.5,5.5,9.5]},"to":[13,6,10]},{"faces":{"down":{"texture":"#2","uv":[2,6,3,7]},"east":{"texture":"#2","uv":[2,6,3,7]},"north":{"texture":"#2","uv":[2,6,3,7]},"south":{"texture":"#2","uv":[2,6,3,7]},"up":{"texture":"#2","uv":[2,6,3,7]},"west":{"texture":"#2","uv":[2,6,3,7]}},"from":[12,5,7],"rotation":{"angle":0,"axis":"y","origin":[12.5,5.5,7.5]},"to":[13,6,8]},{"faces":{"down":{"texture":"#2","uv":[0,6,1,7]},"east":{"texture":"#2","uv":[0,6,1,7]},"north":{"texture":"#2","uv":[0,6,1,7]},"south":{"texture":"#2","uv":[0,6,1,7]},"up":{"texture":"#2","uv":[0,6,1,7]},"west":{"texture":"#2","uv":[0,6,1,7]}},"from":[12,5,6],"rotation":{"angle":0,"axis":"y","origin":[12.5,5.5,6.5]},"to":[13,6,7]},{"faces":{"down":{"texture":"#2","uv":[1,6,2,7]},"east":{"texture":"#2","uv":[1,6,2,7]},"north":{"texture":"#2","uv":[1,6,2,7]},"south":{"texture":"#2","uv":[1,6,2,7]},"up":{"texture":"#2","uv":[1,6,2,7]},"west":{"texture":"#2","uv":[1,6,2,7]}},"from":[10,5,4],"rotation":{"angle":0,"axis":"y","origin":[10.5,5.5,4.5]},"to":[11,6,5]},{"faces":{"down":{"texture":"#2","uv":[0,6,1,7]},"east":{"texture":"#2","uv":[0,6,1,7]},"north":{"texture":"#2","uv":[0,6,1,7]},"south":{"texture":"#2","uv":[0,6,1,7]},"up":{"texture":"#2","uv":[0,6,1,7]},"west":{"texture":"#2","uv":[0,6,1,7]}},"from":[9,5,3],"rotation":{"angle":0,"axis":"y","origin":[9.5,5.5,3.5]},"to":[10,6,4]},{"faces":{"down":{"texture":"#2","uv":[2,6,3,7]},"east":{"texture":"#2","uv":[2,6,3,7]},"north":{"texture":"#2","uv":[2,6,3,7]},"south":{"texture":"#2","uv":[2,6,3,7]},"up":{"texture":"#2","uv":[2,6,3,7]},"west":{"texture":"#2","uv":[2,6,3,7]}},"from":[8,5,3],"rotation":{"angle":0,"axis":"y","origin":[8.5,5.5,3.5]},"to":[9,6,4]},{"faces":{"down":{"texture":"#2","uv":[0,6,1,7]},"east":{"texture":"#2","uv":[0,6,1,7]},"north":{"texture":"#2","uv":[0,6,1,7]},"south":{"texture":"#2","uv":[0,6,1,7]},"up":{"texture":"#2","uv":[0,6,1,7]},"west":{"texture":"#2","uv":[0,6,1,7]}},"from":[7,5,3],"rotation":{"angle":0,"axis":"y","origin":[7.5,5.5,3.5]},"to":[8,6,4]},{"faces":{"down":{"texture":"#2","uv":[1,6,2,7]},"east":{"texture":"#2","uv":[1,6,2,7]},"north":{"texture":"#2","uv":[1,6,2,7]},"south":{"texture":"#2","uv":[1,6,2,7]},"up":{"texture":"#2","uv":[1,6,2,7]},"west":{"texture":"#2","uv":[1,6,2,7]}},"from":[6,5,3],"rotation":{"angle":0,"axis":"y","origin":[6.5,5.5,3.5]},"to":[7,6,4]},{"faces":{"down":{"texture":"#2","uv":[1,6,2,7]},"east":{"texture":"#2","uv":[1,6,2,7]},"north":{"texture":"#2","uv":[1,6,2,7]},"south":{"texture":"#2","uv":[1,6,2,7]},"up":{"texture":"#2","uv":[1,6,2,7]},"west":{"texture":"#2","uv":[1,6,2,7]}},"from":[11,5,5],"rotation":{"angle":0,"axis":"y","origin":[11.5,5.5,5.5]},"to":[12,6,6]},{"faces":{"down":{"texture":"#2","uv":[2,6,3,7]},"east":{"texture":"#2","uv":[2,6,3,7]},"north":{"texture":"#2","uv":[2,6,3,7]},"south":{"texture":"#2","uv":[2,6,3,7]},"up":{"texture":"#2","uv":[2,6,3,7]},"west":{"texture":"#2","uv":[2,6,3,7]}},"from":[11,5,4],"rotation":{"angle":0,"axis":"y","origin":[11.5,5.5,4.5]},"to":[12,6,5]},{"faces":{"down":{"texture":"#2","uv":[2,6,3,7]},"east":{"texture":"#2","uv":[2,6,3,7]},"north":{"texture":"#2","uv":[2,6,3,7]},"south":{"texture":"#2","uv":[2,6,3,7]},"up":{"texture":"#2","uv":[2,6,3,7]},"west":{"texture":"#2","uv":[2,6,3,7]}},"from":[4,5,4],"rotation":{"angle":0,"axis":"y","origin":[4.5,5.5,4.5]},"to":[5,6,5]},{"faces":{"down":{"texture":"#2","uv":[3,6,4,7]},"east":{"texture":"#2","uv":[3,6,4,7]},"north":{"texture":"#2","uv":[3,6,4,7]},"south":{"texture":"#2","uv":[3,6,4,7]},"up":{"texture":"#2","uv":[3,6,4,7]},"west":{"texture":"#2","uv":[3,6,4,7]}},"from":[9,6,11],"rotation":{"angle":0,"axis":"y","origin":[9.5,6.5,11.5]},"to":[10,6.5,12]},{"faces":{"down":{"texture":"#2","uv":[3,6,4,7]},"east":{"texture":"#2","uv":[3,6,4,7]},"north":{"texture":"#2","uv":[3,6,4,7]},"south":{"texture":"#2","uv":[3,6,4,7]},"up":{"texture":"#2","uv":[3,6,4,7]},"west":{"texture":"#2","uv":[3,6,4,7]}},"from":[6,6,11],"rotation":{"angle":0,"axis":"y","origin":[6.5,6.5,11.5]},"to":[7,6.5,12]},{"faces":{"down":{"texture":"#2","uv":[3,6,4,7]},"east":{"texture":"#2","uv":[3,6,4,7]},"north":{"texture":"#2","uv":[3,6,4,7]},"south":{"texture":"#2","uv":[3,6,4,7]},"up":{"texture":"#2","uv":[3,6,4,7]},"west":{"texture":"#2","uv":[3,6,4,7]}},"from":[7,6,11],"rotation":{"angle":0,"axis":"y","origin":[7.5,6.5,11.5]},"to":[8,6.5,12]},{"faces":{"down":{"texture":"#2","uv":[3,6,4,7]},"east":{"texture":"#2","uv":[3,6,4,7]},"north":{"texture":"#2","uv":[3,6,4,7]},"south":{"texture":"#2","uv":[3,6,4,7]},"up":{"texture":"#2","uv":[3,6,4,7]},"west":{"texture":"#2","uv":[3,6,4,7]}},"from":[8,6,11],"rotation":{"angle":0,"axis":"y","origin":[8.5,6.5,11.5]},"to":[9,6.5,12]},{"faces":{"down":{"texture":"#2","uv":[0,6,1,7]},"east":{"texture":"#2","uv":[0,6,1,7]},"north":{"texture":"#2","uv":[0,6,1,7]},"south":{"texture":"#2","uv":[0,6,1,7]},"up":{"texture":"#2","uv":[0,6,1,7]},"west":{"texture":"#2","uv":[0,6,1,7]}},"from":[9,6,10],"rotation":{"angle":0,"axis":"y","origin":[9.5,6.5,10.5]},"to":[10,7,11]},{"faces":{"down":{"texture":"#2","uv":[2,6,3,7]},"east":{"texture":"#2","uv":[2,6,3,7]},"north":{"texture":"#2","uv":[2,6,3,7]},"south":{"texture":"#2","uv":[2,6,3,7]},"up":{"texture":"#2","uv":[2,6,3,7]},"west":{"texture":"#2","uv":[2,6,3,7]}},"from":[6,6,10],"rotation":{"angle":0,"axis":"y","origin":[6.5,6.5,10.5]},"to":[7,7,11]},{"faces":{"down":{"texture":"#2","uv":[1,6,2,7]},"east":{"texture":"#2","uv":[1,6,2,7]},"north":{"texture":"#2","uv":[1,6,2,7]},"south":{"texture":"#2","uv":[1,6,2,7]},"up":{"texture":"#2","uv":[1,6,2,7]},"west":{"texture":"#2","uv":[1,6,2,7]}},"from":[7,6,10],"rotation":{"angle":0,"axis":"y","origin":[7.5,6.5,10.5]},"to":[8,7,11]},{"faces":{"down":{"texture":"#2","uv":[2,6,3,7]},"east":{"texture":"#2","uv":[2,6,3,7]},"north":{"texture":"#2","uv":[2,6,3,7]},"south":{"texture":"#2","uv":[2,6,3,7]},"up":{"texture":"#2","uv":[2,6,3,7]},"west":{"texture":"#2","uv":[2,6,3,7]}},"from":[8,6,10],"rotation":{"angle":0,"axis":"y","origin":[8.5,6.5,10.5]},"to":[9,7,11]},{"faces":{"down":{"texture":"#2","uv":[3,6,4,7]},"east":{"texture":"#2","uv":[3,6,4,7]},"north":{"texture":"#2","uv":[3,6,4,7]},"south":{"texture":"#2","uv":[3,6,4,7]},"up":{"texture":"#2","uv":[3,6,4,7]},"west":{"texture":"#2","uv":[3,6,4,7]}},"from":[11,6,6],"rotation":{"angle":0,"axis":"y","origin":[11.5,6.5,6.5]},"to":[12,6.5,7]},{"faces":{"down":{"texture":"#2","uv":[3,6,4,7]},"east":{"texture":"#2","uv":[3,6,4,7]},"north":{"texture":"#2","uv":[3,6,4,7]},"south":{"texture":"#2","uv":[3,6,4,7]},"up":{"texture":"#2","uv":[3,6,4,7]},"west":{"texture":"#2","uv":[3,6,4,7]}},"from":[11,6,9],"rotation":{"angle":0,"axis":"y","origin":[11.5,6.5,9.5]},"to":[12,6.5,10]},{"faces":{"down":{"texture":"#2","uv":[3,6,4,7]},"east":{"texture":"#2","uv":[3,6,4,7]},"north":{"texture":"#2","uv":[3,6,4,7]},"south":{"texture":"#2","uv":[3,6,4,7]},"up":{"texture":"#2","uv":[3,6,4,7]},"west":{"texture":"#2","uv":[3,6,4,7]}},"from":[11,6,8],"rotation":{"angle":0,"axis":"y","origin":[11.5,6.5,8.5]},"to":[12,6.5,9]},{"faces":{"down":{"texture":"#2","uv":[3,6,4,7]},"east":{"texture":"#2","uv":[3,6,4,7]},"north":{"texture":"#2","uv":[3,6,4,7]},"south":{"texture":"#2","uv":[3,6,4,7]},"up":{"texture":"#2","uv":[3,6,4,7]},"west":{"texture":"#2","uv":[3,6,4,7]}},"from":[11,6,7],"rotation":{"angle":0,"axis":"y","origin":[11.5,6.5,7.5]},"to":[12,6.5,8]},{"faces":{"down":{"texture":"#2","uv":[2,6,3,7]},"east":{"texture":"#2","uv":[2,6,3,7]},"north":{"texture":"#2","uv":[2,6,3,7]},"south":{"texture":"#2","uv":[2,6,3,7]},"up":{"texture":"#2","uv":[2,6,3,7]},"west":{"texture":"#2","uv":[2,6,3,7]}},"from":[10,6,6],"rotation":{"angle":0,"axis":"y","origin":[10.5,6.5,6.5]},"to":[11,7,7]},{"faces":{"down":{"texture":"#2","uv":[0,6,1,7]},"east":{"texture":"#2","uv":[0,6,1,7]},"north":{"texture":"#2","uv":[0,6,1,7]},"south":{"texture":"#2","uv":[0,6,1,7]},"up":{"texture":"#2","uv":[0,6,1,7]},"west":{"texture":"#2","uv":[0,6,1,7]}},"from":[10,6,9],"rotation":{"angle":0,"axis":"y","origin":[10.5,6.5,9.5]},"to":[11,7,10]},{"faces":{"down":{"texture":"#2","uv":[2,6,3,7]},"east":{"texture":"#2","uv":[2,6,3,7]},"north":{"texture":"#2","uv":[2,6,3,7]},"south":{"texture":"#2","uv":[2,6,3,7]},"up":{"texture":"#2","uv":[2,6,3,7]},"west":{"texture":"#2","uv":[2,6,3,7]}},"from":[10,6,8],"rotation":{"angle":0,"axis":"y","origin":[10.5,6.5,8.5]},"to":[11,7,9]},{"faces":{"down":{"texture":"#2","uv":[1,6,2,7]},"east":{"texture":"#2","uv":[1,6,2,7]},"north":{"texture":"#2","uv":[1,6,2,7]},"south":{"texture":"#2","uv":[1,6,2,7]},"up":{"texture":"#2","uv":[1,6,2,7]},"west":{"texture":"#2","uv":[1,6,2,7]}},"from":[10,6,7],"rotation":{"angle":0,"axis":"y","origin":[10.5,6.5,7.5]},"to":[11,7,8]},{"faces":{"down":{"texture":"#2","uv":[2,6,3,7]},"east":{"texture":"#2","uv":[2,6,3,7]},"north":{"texture":"#2","uv":[2,6,3,7]},"south":{"texture":"#2","uv":[2,6,3,7]},"up":{"texture":"#2","uv":[2,6,3,7]},"west":{"texture":"#2","uv":[2,6,3,7]}},"from":[5,6,6],"rotation":{"angle":0,"axis":"y","origin":[5.5,6.5,6.5]},"to":[6,7,7]},{"faces":{"down":{"texture":"#2","uv":[1,6,2,7]},"east":{"texture":"#2","uv":[1,6,2,7]},"north":{"texture":"#2","uv":[1,6,2,7]},"south":{"texture":"#2","uv":[1,6,2,7]},"up":{"texture":"#2","uv":[1,6,2,7]},"west":{"texture":"#2","uv":[1,6,2,7]}},"from":[5,6,9],"rotation":{"angle":0,"axis":"y","origin":[5.5,6.5,9.5]},"to":[6,7,10]},{"faces":{"down":{"texture":"#2","uv":[2,6,3,7]},"east":{"texture":"#2","uv":[2,6,3,7]},"north":{"texture":"#2","uv":[2,6,3,7]},"south":{"texture":"#2","uv":[2,6,3,7]},"up":{"texture":"#2","uv":[2,6,3,7]},"west":{"texture":"#2","uv":[2,6,3,7]}},"from":[5,6,8],"rotation":{"angle":0,"axis":"y","origin":[5.5,6.5,8.5]},"to":[6,7,9]},{"faces":{"down":{"texture":"#2","uv":[0,6,1,7]},"east":{"texture":"#2","uv":[0,6,1,7]},"north":{"texture":"#2","uv":[0,6,1,7]},"south":{"texture":"#2","uv":[0,6,1,7]},"up":{"texture":"#2","uv":[0,6,1,7]},"west":{"texture":"#2","uv":[0,6,1,7]}},"from":[5,6,7],"rotation":{"angle":0,"axis":"y","origin":[5.5,6.5,7.5]},"to":[6,7,8]},{"faces":{"down":{"texture":"#2","uv":[3,6,4,7]},"east":{"texture":"#2","uv":[3,6,4,7]},"north":{"texture":"#2","uv":[3,6,4,7]},"south":{"texture":"#2","uv":[3,6,4,7]},"up":{"texture":"#2","uv":[3,6,4,7]},"west":{"texture":"#2","uv":[3,6,4,7]}},"from":[4,6,6],"rotation":{"angle":0,"axis":"y","origin":[4.5,6.5,6.5]},"to":[5,6.5,7]},{"faces":{"down":{"texture":"#2","uv":[3,6,4,7]},"east":{"texture":"#2","uv":[3,6,4,7]},"north":{"texture":"#2","uv":[3,6,4,7]},"south":{"texture":"#2","uv":[3,6,4,7]},"up":{"texture":"#2","uv":[3,6,4,7]},"west":{"texture":"#2","uv":[3,6,4,7]}},"from":[4,6,9],"rotation":{"angle":0,"axis":"y","origin":[4.5,6.5,9.5]},"to":[5,6.5,10]},{"faces":{"down":{"texture":"#2","uv":[3,6,4,7]},"east":{"texture":"#2","uv":[3,6,4,7]},"north":{"texture":"#2","uv":[3,6,4,7]},"south":{"texture":"#2","uv":[3,6,4,7]},"up":{"texture":"#2","uv":[3,6,4,7]},"west":{"texture":"#2","uv":[3,6,4,7]}},"from":[4,6,8],"rotation":{"angle":0,"axis":"y","origin":[4.5,6.5,8.5]},"to":[5,6.5,9]},{"faces":{"down":{"texture":"#2","uv":[3,6,4,7]},"east":{"texture":"#2","uv":[3,6,4,7]},"north":{"texture":"#2","uv":[3,6,4,7]},"south":{"texture":"#2","uv":[3,6,4,7]},"up":{"texture":"#2","uv":[3,6,4,7]},"west":{"texture":"#2","uv":[3,6,4,7]}},"from":[4,6,7],"rotation":{"angle":0,"axis":"y","origin":[4.5,6.5,7.5]},"to":[5,6.5,8]},{"faces":{"down":{"texture":"#2","uv":[3,6,4,7]},"east":{"texture":"#2","uv":[3,6,4,7]},"north":{"texture":"#2","uv":[3,6,4,7]},"south":{"texture":"#2","uv":[3,6,4,7]},"up":{"texture":"#2","uv":[3,6,4,7]},"west":{"texture":"#2","uv":[3,6,4,7]}},"from":[9,6,4],"rotation":{"angle":0,"axis":"y","origin":[9.5,6.5,4.5]},"to":[10,6.5,5]},{"faces":{"down":{"texture":"#2","uv":[3,6,4,7]},"east":{"texture":"#2","uv":[3,6,4,7]},"north":{"texture":"#2","uv":[3,6,4,7]},"south":{"texture":"#2","uv":[3,6,4,7]},"up":{"texture":"#2","uv":[3,6,4,7]},"west":{"texture":"#2","uv":[3,6,4,7]}},"from":[6,6,4],"rotation":{"angle":0,"axis":"y","origin":[6.5,6.5,4.5]},"to":[7,6.5,5]},{"faces":{"down":{"texture":"#2","uv":[3,6,4,7]},"east":{"texture":"#2","uv":[3,6,4,7]},"north":{"texture":"#2","uv":[3,6,4,7]},"south":{"texture":"#2","uv":[3,6,4,7]},"up":{"texture":"#2","uv":[3,6,4,7]},"west":{"texture":"#2","uv":[3,6,4,7]}},"from":[7,6,4],"rotation":{"angle":0,"axis":"y","origin":[7.5,6.5,4.5]},"to":[8,6.5,5]},{"faces":{"down":{"texture":"#2","uv":[3,6,4,7]},"east":{"texture":"#2","uv":[3,6,4,7]},"north":{"texture":"#2","uv":[3,6,4,7]},"south":{"texture":"#2","uv":[3,6,4,7]},"up":{"texture":"#2","uv":[3,6,4,7]},"west":{"texture":"#2","uv":[3,6,4,7]}},"from":[8,6,4],"rotation":{"angle":0,"axis":"y","origin":[8.5,6.5,4.5]},"to":[9,6.5,5]},{"faces":{"down":{"texture":"#2","uv":[2,6,3,7]},"east":{"texture":"#2","uv":[2,6,3,7]},"north":{"texture":"#2","uv":[2,6,3,7]},"south":{"texture":"#2","uv":[2,6,3,7]},"up":{"texture":"#2","uv":[2,6,3,7]},"west":{"texture":"#2","uv":[2,6,3,7]}},"from":[9,6,5],"rotation":{"angle":0,"axis":"y","origin":[9.5,6.5,5.5]},"to":[10,7,6]},{"faces":{"down":{"texture":"#2","uv":[3,6,4,7]},"east":{"texture":"#2","uv":[3,6,4,7]},"north":{"texture":"#2","uv":[3,6,4,7]},"south":{"texture":"#2","uv":[3,6,4,7]},"up":{"texture":"#2","uv":[3,6,4,7]},"west":{"texture":"#2","uv":[3,6,4,7]}},"from":[10,6,5],"rotation":{"angle":0,"axis":"y","origin":[10.5,6.5,5.5]},"to":[11,6.5,6]},{"faces":{"down":{"texture":"#2","uv":[3,6,4,7]},"east":{"texture":"#2","uv":[3,6,4,7]},"north":{"texture":"#2","uv":[3,6,4,7]},"south":{"texture":"#2","uv":[3,6,4,7]},"up":{"texture":"#2","uv":[3,6,4,7]},"west":{"texture":"#2","uv":[3,6,4,7]}},"from":[10,6,10],"rotation":{"angle":0,"axis":"y","origin":[10.5,6.5,10.5]},"to":[11,6.5,11]},{"faces":{"down":{"texture":"#2","uv":[1,6,2,7]},"east":{"texture":"#2","uv":[1,6,2,7]},"north":{"texture":"#2","uv":[1,6,2,7]},"south":{"texture":"#2","uv":[1,6,2,7]},"up":{"texture":"#2","uv":[1,6,2,7]},"west":{"texture":"#2","uv":[1,6,2,7]}},"from":[6,6,5],"rotation":{"angle":0,"axis":"y","origin":[6.5,6.5,5.5]},"to":[7,7,6]},{"faces":{"down":{"texture":"#2","uv":[3,6,4,7]},"east":{"texture":"#2","uv":[3,6,4,7]},"north":{"texture":"#2","uv":[3,6,4,7]},"south":{"texture":"#2","uv":[3,6,4,7]},"up":{"texture":"#2","uv":[3,6,4,7]},"west":{"texture":"#2","uv":[3,6,4,7]}},"from":[5,6,10],"rotation":{"angle":0,"axis":"y","origin":[5.5,6.5,10.5]},"to":[6,6.5,11]},{"faces":{"down":{"texture":"#2","uv":[3,6,4,7]},"east":{"texture":"#2","uv":[3,6,4,7]},"north":{"texture":"#2","uv":[3,6,4,7]},"south":{"texture":"#2","uv":[3,6,4,7]},"up":{"texture":"#2","uv":[3,6,4,7]},"west":{"texture":"#2","uv":[3,6,4,7]}},"from":[5,6,5],"rotation":{"angle":0,"axis":"y","origin":[5.5,6.5,5.5]},"to":[6,6.5,6]},{"faces":{"down":{"texture":"#2","uv":[1,6,2,7]},"east":{"texture":"#2","uv":[1,6,2,7]},"north":{"texture":"#2","uv":[1,6,2,7]},"south":{"texture":"#2","uv":[1,6,2,7]},"up":{"texture":"#2","uv":[1,6,2,7]},"west":{"texture":"#2","uv":[1,6,2,7]}},"from":[7,6,5],"rotation":{"angle":0,"axis":"y","origin":[7.5,6.5,5.5]},"to":[8,7,6]},{"faces":{"down":{"texture":"#2","uv":[0,6,1,7]},"east":{"texture":"#2","uv":[0,6,1,7]},"north":{"texture":"#2","uv":[0,6,1,7]},"south":{"texture":"#2","uv":[0,6,1,7]},"up":{"texture":"#2","uv":[0,6,1,7]},"west":{"texture":"#2","uv":[0,6,1,7]}},"from":[8,6,5],"rotation":{"angle":0,"axis":"y","origin":[8.5,6.5,5.5]},"to":[9,7,6]},{"faces":{"down":{"texture":"#2","uv":[0,1,1,2]},"east":{"texture":"#2","uv":[0,1,1,2]},"north":{"texture":"#2","uv":[0,1,1,2]},"south":{"texture":"#2","uv":[0,1,1,2]},"up":{"texture":"#2","uv":[0,1,1,2]},"west":{"texture":"#2","uv":[0,1,1,2]}},"from":[9,7,6],"rotation":{"angle":0,"axis":"y","origin":[9.5,7.5,6.5]},"to":[10,8,7]},{"faces":{"down":{"texture":"#2","uv":[0,1,1,2]},"east":{"texture":"#2","uv":[0,1,1,2]},"north":{"texture":"#2","uv":[0,1,1,2]},"south":{"texture":"#2","uv":[0,1,1,2]},"up":{"texture":"#2","uv":[0,1,1,2]},"west":{"texture":"#2","uv":[0,1,1,2]}},"from":[6,7,6],"rotation":{"angle":0,"axis":"y","origin":[6.5,7.5,6.5]},"to":[7,8,7]},{"faces":{"down":{"texture":"#2","uv":[1,1,2,2]},"east":{"texture":"#2","uv":[1,1,2,2]},"north":{"texture":"#2","uv":[1,1,2,2]},"south":{"texture":"#2","uv":[1,1,2,2]},"up":{"texture":"#2","uv":[1,1,2,2]},"west":{"texture":"#2","uv":[1,1,2,2]}},"from":[7,7,6],"rotation":{"angle":0,"axis":"y","origin":[7.5,7.5,6.5]},"to":[8,8,7]},{"faces":{"down":{"texture":"#2","uv":[0,1,1,2]},"east":{"texture":"#2","uv":[0,1,1,2]},"north":{"texture":"#2","uv":[0,1,1,2]},"south":{"texture":"#2","uv":[0,1,1,2]},"up":{"texture":"#2","uv":[0,1,1,2]},"west":{"texture":"#2","uv":[0,1,1,2]}},"from":[8,7,6],"rotation":{"angle":0,"axis":"y","origin":[8.5,7.5,6.5]},"to":[9,8,7]},{"faces":{"down":{"texture":"#2","uv":[0,1,1,2]},"east":{"texture":"#2","uv":[0,1,1,2]},"north":{"texture":"#2","uv":[0,1,1,2]},"south":{"texture":"#2","uv":[0,1,1,2]},"up":{"texture":"#2","uv":[0,1,1,2]},"west":{"texture":"#2","uv":[0,1,1,2]}},"from":[6,7,7],"rotation":{"angle":0,"axis":"y","origin":[6.5,7.5,7.5]},"to":[7,8,8]},{"faces":{"down":{"texture":"#2","uv":[0,1,1,2]},"east":{"texture":"#2","uv":[0,1,1,2]},"north":{"texture":"#2","uv":[0,1,1,2]},"south":{"texture":"#2","uv":[0,1,1,2]},"up":{"texture":"#2","uv":[0,1,1,2]},"west":{"texture":"#2","uv":[0,1,1,2]}},"from":[6,7,9],"rotation":{"angle":0,"axis":"y","origin":[6.5,7.5,9.5]},"to":[7,8,10]},{"faces":{"down":{"texture":"#2","uv":[0,1,1,2]},"east":{"texture":"#2","uv":[0,1,1,2]},"north":{"texture":"#2","uv":[0,1,1,2]},"south":{"texture":"#2","uv":[0,1,1,2]},"up":{"texture":"#2","uv":[0,1,1,2]},"west":{"texture":"#2","uv":[0,1,1,2]}},"from":[6,7,8],"rotation":{"angle":0,"axis":"y","origin":[6.5,7.5,8.5]},"to":[7,8,9]},{"faces":{"down":{"texture":"#2","uv":[1,1,2,2]},"east":{"texture":"#2","uv":[1,1,2,2]},"north":{"texture":"#2","uv":[1,1,2,2]},"south":{"texture":"#2","uv":[1,1,2,2]},"up":{"texture":"#2","uv":[1,1,2,2]},"west":{"texture":"#2","uv":[1,1,2,2]}},"from":[7,7,9],"rotation":{"angle":0,"axis":"y","origin":[7.5,7.5,9.5]},"to":[8,8,10]},{"faces":{"down":{"texture":"#2","uv":[0,1,1,2]},"east":{"texture":"#2","uv":[0,1,1,2]},"north":{"texture":"#2","uv":[0,1,1,2]},"south":{"texture":"#2","uv":[0,1,1,2]},"up":{"texture":"#2","uv":[0,1,1,2]},"west":{"texture":"#2","uv":[0,1,1,2]}},"from":[8,7,9],"rotation":{"angle":0,"axis":"y","origin":[8.5,7.5,9.5]},"to":[9,8,10]},{"faces":{"down":{"texture":"#2","uv":[0,1,1,2]},"east":{"texture":"#2","uv":[0,1,1,2]},"north":{"texture":"#2","uv":[0,1,1,2]},"south":{"texture":"#2","uv":[0,1,1,2]},"up":{"texture":"#2","uv":[0,1,1,2]},"west":{"texture":"#2","uv":[0,1,1,2]}},"from":[9,7,9],"rotation":{"angle":0,"axis":"y","origin":[9.5,7.5,9.5]},"to":[10,8,10]},{"faces":{"down":{"texture":"#2","uv":[0,1,1,2]},"east":{"texture":"#2","uv":[0,1,1,2]},"north":{"texture":"#2","uv":[0,1,1,2]},"south":{"texture":"#2","uv":[0,1,1,2]},"up":{"texture":"#2","uv":[0,1,1,2]},"west":{"texture":"#2","uv":[0,1,1,2]}},"from":[9,7,8],"rotation":{"angle":0,"axis":"y","origin":[9.5,7.5,8.5]},"to":[10,8,9]},{"faces":{"down":{"texture":"#2","uv":[1,1,2,2]},"east":{"texture":"#2","uv":[1,1,2,2]},"north":{"texture":"#2","uv":[1,1,2,2]},"south":{"texture":"#2","uv":[1,1,2,2]},"up":{"texture":"#2","uv":[1,1,2,2]},"west":{"texture":"#2","uv":[1,1,2,2]}},"from":[9,7,7],"rotation":{"angle":0,"axis":"y","origin":[9.5,7.5,7.5]},"to":[10,8,8]},{"faces":{"down":{"texture":"#2","uv":[1,1,2,2]},"east":{"texture":"#2","uv":[1,1,2,2]},"north":{"texture":"#2","uv":[1,1,2,2]},"south":{"texture":"#2","uv":[1,1,2,2]},"up":{"texture":"#2","uv":[1,1,2,2]},"west":{"texture":"#2","uv":[1,1,2,2]}},"from":[9,8,6],"rotation":{"angle":0,"axis":"y","origin":[9.5,8.5,6.5]},"to":[10,9,7]},{"faces":{"down":{"texture":"#2","uv":[0,1,1,2]},"east":{"texture":"#2","uv":[0,1,1,2]},"north":{"texture":"#2","uv":[0,1,1,2]},"south":{"texture":"#2","uv":[0,1,1,2]},"up":{"texture":"#2","uv":[0,1,1,2]},"west":{"texture":"#2","uv":[0,1,1,2]}},"from":[6,8,6],"rotation":{"angle":0,"axis":"y","origin":[6.5,8.5,6.5]},"to":[7,9,7]},{"faces":{"down":{"texture":"#2","uv":[1,1,2,2]},"east":{"texture":"#2","uv":[1,1,2,2]},"north":{"texture":"#2","uv":[1,1,2,2]},"south":{"texture":"#2","uv":[1,1,2,2]},"up":{"texture":"#2","uv":[1,1,2,2]},"west":{"texture":"#2","uv":[1,1,2,2]}},"from":[7,8,6],"rotation":{"angle":0,"axis":"y","origin":[7.5,8.5,6.5]},"to":[8,9,7]},{"faces":{"down":{"texture":"#2","uv":[0,1,1,2]},"east":{"texture":"#2","uv":[0,1,1,2]},"north":{"texture":"#2","uv":[0,1,1,2]},"south":{"texture":"#2","uv":[0,1,1,2]},"up":{"texture":"#2","uv":[0,1,1,2]},"west":{"texture":"#2","uv":[0,1,1,2]}},"from":[8,8,6],"rotation":{"angle":0,"axis":"y","origin":[8.5,8.5,6.5]},"to":[9,9,7]},{"faces":{"down":{"texture":"#2","uv":[1,1,2,2]},"east":{"texture":"#2","uv":[1,1,2,2]},"north":{"texture":"#2","uv":[1,1,2,2]},"south":{"texture":"#2","uv":[1,1,2,2]},"up":{"texture":"#2","uv":[1,1,2,2]},"west":{"texture":"#2","uv":[1,1,2,2]}},"from":[6,8,7],"rotation":{"angle":0,"axis":"y","origin":[6.5,8.5,7.5]},"to":[7,9,8]},{"faces":{"down":{"texture":"#2","uv":[0,1,1,2]},"east":{"texture":"#2","uv":[0,1,1,2]},"north":{"texture":"#2","uv":[0,1,1,2]},"south":{"texture":"#2","uv":[0,1,1,2]},"up":{"texture":"#2","uv":[0,1,1,2]},"west":{"texture":"#2","uv":[0,1,1,2]}},"from":[6,8,9],"rotation":{"angle":0,"axis":"y","origin":[6.5,8.5,9.5]},"to":[7,9,10]},{"faces":{"down":{"texture":"#2","uv":[1,1,2,2]},"east":{"texture":"#2","uv":[1,1,2,2]},"north":{"texture":"#2","uv":[1,1,2,2]},"south":{"texture":"#2","uv":[1,1,2,2]},"up":{"texture":"#2","uv":[1,1,2,2]},"west":{"texture":"#2","uv":[1,1,2,2]}},"from":[6,8,8],"rotation":{"angle":0,"axis":"y","origin":[6.5,8.5,8.5]},"to":[7,9,9]},{"faces":{"down":{"texture":"#2","uv":[1,1,2,2]},"east":{"texture":"#2","uv":[1,1,2,2]},"north":{"texture":"#2","uv":[1,1,2,2]},"south":{"texture":"#2","uv":[1,1,2,2]},"up":{"texture":"#2","uv":[1,1,2,2]},"west":{"texture":"#2","uv":[1,1,2,2]}},"from":[7,8,9],"rotation":{"angle":0,"axis":"y","origin":[7.5,8.5,9.5]},"to":[8,9,10]},{"faces":{"down":{"texture":"#2","uv":[1,1,2,2]},"east":{"texture":"#2","uv":[1,1,2,2]},"north":{"texture":"#2","uv":[1,1,2,2]},"south":{"texture":"#2","uv":[1,1,2,2]},"up":{"texture":"#2","uv":[1,1,2,2]},"west":{"texture":"#2","uv":[1,1,2,2]}},"from":[8,8,9],"rotation":{"angle":0,"axis":"y","origin":[8.5,8.5,9.5]},"to":[9,9,10]},{"faces":{"down":{"texture":"#2","uv":[0,1,1,2]},"east":{"texture":"#2","uv":[0,1,1,2]},"north":{"texture":"#2","uv":[0,1,1,2]},"south":{"texture":"#2","uv":[0,1,1,2]},"up":{"texture":"#2","uv":[0,1,1,2]},"west":{"texture":"#2","uv":[0,1,1,2]}},"from":[9,8,9],"rotation":{"angle":0,"axis":"y","origin":[9.5,8.5,9.5]},"to":[10,9,10]},{"faces":{"down":{"texture":"#2","uv":[1,1,2,2]},"east":{"texture":"#2","uv":[1,1,2,2]},"north":{"texture":"#2","uv":[1,1,2,2]},"south":{"texture":"#2","uv":[1,1,2,2]},"up":{"texture":"#2","uv":[1,1,2,2]},"west":{"texture":"#2","uv":[1,1,2,2]}},"from":[9,8,8],"rotation":{"angle":0,"axis":"y","origin":[9.5,8.5,8.5]},"to":[10,9,9]},{"faces":{"down":{"texture":"#2","uv":[1,1,2,2]},"east":{"texture":"#2","uv":[1,1,2,2]},"north":{"texture":"#2","uv":[1,1,2,2]},"south":{"texture":"#2","uv":[1,1,2,2]},"up":{"texture":"#2","uv":[1,1,2,2]},"west":{"texture":"#2","uv":[1,1,2,2]}},"from":[9,8,7],"rotation":{"angle":0,"axis":"y","origin":[9.5,8.5,7.5]},"to":[10,9,8]},{"faces":{"down":{"texture":"#2","uv":[2,2,3,3]},"east":{"texture":"#2","uv":[2,2,3,3]},"north":{"texture":"#2","uv":[2,2,3,3]},"south":{"texture":"#2","uv":[2,2,3,3]},"up":{"texture":"#2","uv":[2,2,3,3]},"west":{"texture":"#2","uv":[2,2,3,3]}},"from":[9,9,5.75],"rotation":{"angle":0,"axis":"y","origin":[9.75,9.5,6.25]},"to":[10.25,10,7]},{"faces":{"down":{"texture":"#2","uv":[2,2,3,3]},"east":{"texture":"#2","uv":[2,2,3,3]},"north":{"texture":"#2","uv":[2,2,3,3]},"south":{"texture":"#2","uv":[2,2,3,3]},"up":{"texture":"#2","uv":[2,2,3,3]},"west":{"texture":"#2","uv":[2,2,3,3]}},"from":[5.75,9,5.75],"rotation":{"angle":0,"axis":"y","origin":[6.25,9.5,6.25]},"to":[7,10,7]},{"faces":{"down":{"texture":"#2","uv":[1,2,2,3]},"east":{"texture":"#2","uv":[1,2,2,3]},"north":{"texture":"#2","uv":[1,2,2,3]},"south":{"texture":"#2","uv":[1,2,2,3]},"up":{"texture":"#2","uv":[1,2,2,3]},"west":{"texture":"#2","uv":[1,2,2,3]}},"from":[7,9,5.5],"rotation":{"angle":0,"axis":"y","origin":[7.5,9.5,6]},"to":[8,10,6.5]},{"faces":{"down":{"texture":"#2","uv":[0,2,1,3]},"east":{"texture":"#2","uv":[0,2,1,3]},"north":{"texture":"#2","uv":[0,2,1,3]},"south":{"texture":"#2","uv":[0,2,1,3]},"up":{"texture":"#2","uv":[0,2,1,3]},"west":{"texture":"#2","uv":[0,2,1,3]}},"from":[8,9,5.5],"rotation":{"angle":0,"axis":"y","origin":[8.5,9.5,6]},"to":[9,10,6.5]},{"faces":{"down":{"texture":"#2","uv":[1,2,2,3]},"east":{"texture":"#2","uv":[1,2,2,3]},"north":{"texture":"#2","uv":[1,2,2,3]},"south":{"texture":"#2","uv":[1,2,2,3]},"up":{"texture":"#2","uv":[1,2,2,3]},"west":{"texture":"#2","uv":[1,2,2,3]}},"from":[5.5,9,7],"rotation":{"angle":0,"axis":"y","origin":[6,9.5,7.5]},"to":[6.5,10,8]},{"faces":{"down":{"texture":"#2","uv":[2,2,3,3]},"east":{"texture":"#2","uv":[2,2,3,3]},"north":{"texture":"#2","uv":[2,2,3,3]},"south":{"texture":"#2","uv":[2,2,3,3]},"up":{"texture":"#2","uv":[2,2,3,3]},"west":{"texture":"#2","uv":[2,2,3,3]}},"from":[5.75,9,9],"rotation":{"angle":0,"axis":"y","origin":[6.25,9.5,9.75]},"to":[7,10,10.25]},{"faces":{"down":{"texture":"#2","uv":[2,2,3,3]},"east":{"texture":"#2","uv":[2,2,3,3]},"north":{"texture":"#2","uv":[2,2,3,3]},"south":{"texture":"#2","uv":[2,2,3,3]},"up":{"texture":"#2","uv":[2,2,3,3]},"west":{"texture":"#2","uv":[2,2,3,3]}},"from":[5.5,9,8],"rotation":{"angle":0,"axis":"y","origin":[6,9.5,8.5]},"to":[6.5,10,9]},{"faces":{"down":{"texture":"#2","uv":[1,2,2,3]},"east":{"texture":"#2","uv":[1,2,2,3]},"north":{"texture":"#2","uv":[1,2,2,3]},"south":{"texture":"#2","uv":[1,2,2,3]},"up":{"texture":"#2","uv":[1,2,2,3]},"west":{"texture":"#2","uv":[1,2,2,3]}},"from":[7,9,9.5],"rotation":{"angle":0,"axis":"y","origin":[7.5,9.5,10]},"to":[8,10,10.5]},{"faces":{"down":{"texture":"#2","uv":[0,2,1,3]},"east":{"texture":"#2","uv":[0,2,1,3]},"north":{"texture":"#2","uv":[0,2,1,3]},"south":{"texture":"#2","uv":[0,2,1,3]},"up":{"texture":"#2","uv":[0,2,1,3]},"west":{"texture":"#2","uv":[0,2,1,3]}},"from":[8,9,9.5],"rotation":{"angle":0,"axis":"y","origin":[8.5,9.5,10]},"to":[9,10,10.5]},{"faces":{"down":{"texture":"#2","uv":[1,2,2,3]},"east":{"texture":"#2","uv":[1,2,2,3]},"north":{"texture":"#2","uv":[1,2,2,3]},"south":{"texture":"#2","uv":[1,2,2,3]},"up":{"texture":"#2","uv":[1,2,2,3]},"west":{"texture":"#2","uv":[1,2,2,3]}},"from":[9,9,9],"rotation":{"angle":0,"axis":"y","origin":[9.75,9.5,9.75]},"to":[10.25,10,10.25]},{"faces":{"down":{"texture":"#2","uv":[1,2,2,3]},"east":{"texture":"#2","uv":[1,2,2,3]},"north":{"texture":"#2","uv":[1,2,2,3]},"south":{"texture":"#2","uv":[1,2,2,3]},"up":{"texture":"#2","uv":[1,2,2,3]},"west":{"texture":"#2","uv":[1,2,2,3]}},"from":[9.5,9,8],"rotation":{"angle":0,"axis":"y","origin":[10,9.5,8.5]},"to":[10.5,10,9]},{"faces":{"down":{"texture":"#2","uv":[0,2,1,3]},"east":{"texture":"#2","uv":[0,2,1,3]},"north":{"texture":"#2","uv":[0,2,1,3]},"south":{"texture":"#2","uv":[0,2,1,3]},"up":{"texture":"#2","uv":[0,2,1,3]},"west":{"texture":"#2","uv":[0,2,1,3]}},"from":[9.5,9,7],"rotation":{"angle":0,"axis":"y","origin":[10,9.5,7.5]},"to":[10.5,10,8]},{"faces":{"down":{"texture":"#2","uv":[2,3,3,4]},"east":{"texture":"#2","uv":[2,3,3,4]},"north":{"texture":"#2","uv":[2,3,3,4]},"south":{"texture":"#2","uv":[2,3,3,4]},"up":{"texture":"#2","uv":[2,3,3,4]},"west":{"texture":"#2","uv":[2,3,3,4]}},"from":[9,10,6.5],"rotation":{"angle":0,"axis":"y","origin":[9.5,10.5,6.5]},"to":[9.5,11,7]},{"faces":{"down":{"texture":"#2","uv":[0,3,1,4]},"east":{"texture":"#2","uv":[0,3,1,4]},"north":{"texture":"#2","uv":[0,3,1,4]},"south":{"texture":"#2","uv":[0,3,1,4]},"up":{"texture":"#2","uv":[0,3,1,4]},"west":{"texture":"#2","uv":[0,3,1,4]}},"from":[6.5,10,6.5],"rotation":{"angle":0,"axis":"y","origin":[6.5,10.5,6.5]},"to":[7,11,7]},{"faces":{"down":{"texture":"#2","uv":[1,3,2,4]},"east":{"texture":"#2","uv":[1,3,2,4]},"north":{"texture":"#2","uv":[1,3,2,4]},"south":{"texture":"#2","uv":[1,3,2,4]},"up":{"texture":"#2","uv":[1,3,2,4]},"west":{"texture":"#2","uv":[1,3,2,4]}},"from":[7,10,6],"rotation":{"angle":0,"axis":"y","origin":[7.5,10.5,6.5]},"to":[8,11,7]},{"faces":{"down":{"texture":"#2","uv":[0,3,1,4]},"east":{"texture":"#2","uv":[0,3,1,4]},"north":{"texture":"#2","uv":[0,3,1,4]},"south":{"texture":"#2","uv":[0,3,1,4]},"up":{"texture":"#2","uv":[0,3,1,4]},"west":{"texture":"#2","uv":[0,3,1,4]}},"from":[8,10,6],"rotation":{"angle":0,"axis":"y","origin":[8.5,10.5,6.5]},"to":[9,11,7]},{"faces":{"down":{"texture":"#2","uv":[2,3,3,4]},"east":{"texture":"#2","uv":[2,3,3,4]},"north":{"texture":"#2","uv":[2,3,3,4]},"south":{"texture":"#2","uv":[2,3,3,4]},"up":{"texture":"#2","uv":[2,3,3,4]},"west":{"texture":"#2","uv":[2,3,3,4]}},"from":[6,10,7],"rotation":{"angle":0,"axis":"y","origin":[6.5,10.5,7.5]},"to":[7,11,8]},{"faces":{"down":{"texture":"#2","uv":[1,3,2,4]},"east":{"texture":"#2","uv":[1,3,2,4]},"north":{"texture":"#2","uv":[1,3,2,4]},"south":{"texture":"#2","uv":[1,3,2,4]},"up":{"texture":"#2","uv":[1,3,2,4]},"west":{"texture":"#2","uv":[1,3,2,4]}},"from":[6.5,10,9],"rotation":{"angle":0,"axis":"y","origin":[6.5,10.5,9.5]},"to":[7,11,9.5]},{"faces":{"down":{"texture":"#2","uv":[0,3,1,4]},"east":{"texture":"#2","uv":[0,3,1,4]},"north":{"texture":"#2","uv":[0,3,1,4]},"south":{"texture":"#2","uv":[0,3,1,4]},"up":{"texture":"#2","uv":[0,3,1,4]},"west":{"texture":"#2","uv":[0,3,1,4]}},"from":[6,10,8],"rotation":{"angle":0,"axis":"y","origin":[6.5,10.5,8.5]},"to":[7,11,9]},{"faces":{"down":{"texture":"#2","uv":[2,3,3,4]},"east":{"texture":"#2","uv":[2,3,3,4]},"north":{"texture":"#2","uv":[2,3,3,4]},"south":{"texture":"#2","uv":[2,3,3,4]},"up":{"texture":"#2","uv":[2,3,3,4]},"west":{"texture":"#2","uv":[2,3,3,4]}},"from":[7,10,9],"rotation":{"angle":0,"axis":"y","origin":[7.5,10.5,9.5]},"to":[8,11,10]},{"faces":{"down":{"texture":"#2","uv":[0,3,1,4]},"east":{"texture":"#2","uv":[0,3,1,4]},"north":{"texture":"#2","uv":[0,3,1,4]},"south":{"texture":"#2","uv":[0,3,1,4]},"up":{"texture":"#2","uv":[0,3,1,4]},"west":{"texture":"#2","uv":[0,3,1,4]}},"from":[8,10,9],"rotation":{"angle":0,"axis":"y","origin":[8.5,10.5,9.5]},"to":[9,11,10]},{"faces":{"down":{"texture":"#2","uv":[1,3,2,4]},"east":{"texture":"#2","uv":[1,3,2,4]},"north":{"texture":"#2","uv":[1,3,2,4]},"south":{"texture":"#2","uv":[1,3,2,4]},"up":{"texture":"#2","uv":[1,3,2,4]},"west":{"texture":"#2","uv":[1,3,2,4]}},"from":[9,10,9],"rotation":{"angle":0,"axis":"y","origin":[9.5,10.5,9.5]},"to":[9.5,11,9.5]},{"faces":{"down":{"texture":"#2","uv":[2,3,3,4]},"east":{"texture":"#2","uv":[2,3,3,4]},"north":{"texture":"#2","uv":[2,3,3,4]},"south":{"texture":"#2","uv":[2,3,3,4]},"up":{"texture":"#2","uv":[2,3,3,4]},"west":{"texture":"#2","uv":[2,3,3,4]}},"from":[9,10,8],"rotation":{"angle":0,"axis":"y","origin":[9.5,10.5,8.5]},"to":[10,11,9]},{"faces":{"down":{"texture":"#2","uv":[0,3,1,4]},"east":{"texture":"#2","uv":[0,3,1,4]},"north":{"texture":"#2","uv":[0,3,1,4]},"south":{"texture":"#2","uv":[0,3,1,4]},"up":{"texture":"#2","uv":[0,3,1,4]},"west":{"texture":"#2","uv":[0,3,1,4]}},"from":[9,10,7],"rotation":{"angle":0,"axis":"y","origin":[9.5,10.5,7.5]},"to":[10,11,8]},{"faces":{"down":{"texture":"#2","uv":[2,3,3,4]},"east":{"texture":"#2","uv":[2,3,3,4]},"north":{"texture":"#2","uv":[2,3,3,4]},"south":{"texture":"#2","uv":[2,3,3,4]},"up":{"texture":"#2","uv":[2,3,3,4]},"west":{"texture":"#2","uv":[2,3,3,4]}},"from":[7,11,6.5],"rotation":{"angle":0,"axis":"y","origin":[7.5,11.5,7]},"to":[8,12,7]},{"faces":{"down":{"texture":"#2","uv":[1,3,2,4]},"east":{"texture":"#2","uv":[1,3,2,4]},"north":{"texture":"#2","uv":[1,3,2,4]},"south":{"texture":"#2","uv":[1,3,2,4]},"up":{"texture":"#2","uv":[1,3,2,4]},"west":{"texture":"#2","uv":[1,3,2,4]}},"from":[6.5,11,7],"rotation":{"angle":0,"axis":"y","origin":[7,11.5,7.5]},"to":[7,12,8]},{"faces":{"down":{"texture":"#2","uv":[2,3,3,4]},"east":{"texture":"#2","uv":[2,3,3,4]},"north":{"texture":"#2","uv":[2,3,3,4]},"south":{"texture":"#2","uv":[2,3,3,4]},"up":{"texture":"#2","uv":[2,3,3,4]},"west":{"texture":"#2","uv":[2,3,3,4]}},"from":[8,11,9],"rotation":{"angle":0,"axis":"y","origin":[8.5,11.5,9]},"to":[9,12,9.5]},{"faces":{"down":{"texture":"#2","uv":[0,3,1,4]},"east":{"texture":"#2","uv":[0,3,1,4]},"north":{"texture":"#2","uv":[0,3,1,4]},"south":{"texture":"#2","uv":[0,3,1,4]},"up":{"texture":"#2","uv":[0,3,1,4]},"west":{"texture":"#2","uv":[0,3,1,4]}},"from":[7,11,9],"rotation":{"angle":0,"axis":"y","origin":[7.5,11.5,9]},"to":[8,12,9.5]},{"faces":{"down":{"texture":"#2","uv":[0,3,1,4]},"east":{"texture":"#2","uv":[0,3,1,4]},"north":{"texture":"#2","uv":[0,3,1,4]},"south":{"texture":"#2","uv":[0,3,1,4]},"up":{"texture":"#2","uv":[0,3,1,4]},"west":{"texture":"#2","uv":[0,3,1,4]}},"from":[6.5,11,8],"rotation":{"angle":0,"axis":"y","origin":[7,11.5,8.5]},"to":[7,12,9]},{"faces":{"down":{"texture":"#2","uv":[1,3,2,4]},"east":{"texture":"#2","uv":[1,3,2,4]},"north":{"texture":"#2","uv":[1,3,2,4]},"south":{"texture":"#2","uv":[1,3,2,4]},"up":{"texture":"#2","uv":[1,3,2,4]},"west":{"texture":"#2","uv":[1,3,2,4]}},"from":[8,11,6.5],"rotation":{"angle":0,"axis":"y","origin":[8.5,11.5,7]},"to":[9,12,7]},{"faces":{"down":{"texture":"#2","uv":[0,3,1,4]},"east":{"texture":"#2","uv":[0,3,1,4]},"north":{"texture":"#2","uv":[0,3,1,4]},"south":{"texture":"#2","uv":[0,3,1,4]},"up":{"texture":"#2","uv":[0,3,1,4]},"west":{"texture":"#2","uv":[0,3,1,4]}},"from":[9,11,7],"rotation":{"angle":0,"axis":"y","origin":[9,11.5,7.5]},"to":[9.5,12,8]},{"faces":{"down":{"texture":"#2","uv":[1,3,2,4]},"east":{"texture":"#2","uv":[1,3,2,4]},"north":{"texture":"#2","uv":[1,3,2,4]},"south":{"texture":"#2","uv":[1,3,2,4]},"up":{"texture":"#2","uv":[1,3,2,4]},"west":{"texture":"#2","uv":[1,3,2,4]}},"from":[9,11,8],"rotation":{"angle":0,"axis":"y","origin":[9,11.5,8.5]},"to":[9.5,12,9]},{"faces":{"down":{"texture":"#2","uv":[0,3,1,4]},"east":{"texture":"#2","uv":[0,3,1,4]},"north":{"texture":"#2","uv":[0,3,1,4]},"south":{"texture":"#2","uv":[0,3,1,4]},"up":{"texture":"#2","uv":[0,3,1,4]},"west":{"texture":"#2","uv":[0,3,1,4]}},"from":[7.5,12,7],"rotation":{"angle":0,"axis":"y","origin":[8,12.5,7.5]},"to":[9,13,7.5]},{"faces":{"down":{"texture":"#2","uv":[1,3,2,4]},"east":{"texture":"#2","uv":[1,3,2,4]},"north":{"texture":"#2","uv":[1,3,2,4]},"south":{"texture":"#2","uv":[1,3,2,4]},"up":{"texture":"#2","uv":[1,3,2,4]},"west":{"texture":"#2","uv":[1,3,2,4]}},"from":[7,12,8.5],"rotation":{"angle":0,"axis":"y","origin":[8,12.5,8.5]},"to":[8.5,13,9]},{"faces":{"down":{"texture":"#2","uv":[2,3,3,4]},"east":{"texture":"#2","uv":[2,3,3,4]},"north":{"texture":"#2","uv":[2,3,3,4]},"south":{"texture":"#2","uv":[2,3,3,4]},"up":{"texture":"#2","uv":[2,3,3,4]},"west":{"texture":"#2","uv":[2,3,3,4]}},"from":[7,12,7],"rotation":{"angle":0,"axis":"y","origin":[7.5,12.5,8]},"to":[7.5,13,8.5]},{"faces":{"down":{"texture":"#2","uv":[0,3,1,4]},"east":{"texture":"#2","uv":[0,3,1,4]},"north":{"texture":"#2","uv":[0,3,1,4]},"south":{"texture":"#2","uv":[0,3,1,4]},"up":{"texture":"#2","uv":[0,3,1,4]},"west":{"texture":"#2","uv":[0,3,1,4]}},"from":[8.5,12,7.5],"rotation":{"angle":0,"axis":"y","origin":[8.5,12.5,8]},"to":[9,13,9]},{"faces":{"down":{"texture":"#2","uv":[1,5,2,6]},"east":{"texture":"#2","uv":[1,5,2,6]},"north":{"texture":"#2","uv":[1,5,2,6]},"south":{"texture":"#2","uv":[1,5,2,6]},"up":{"texture":"#2","uv":[1,5,2,6]},"west":{"texture":"#2","uv":[1,5,2,6]}},"from":[7.5,13,7.5],"rotation":{"angle":0,"axis":"y","origin":[8,13.5,8]},"to":[8.5,14,8.5]},{"faces":{"down":{"texture":"#2","uv":[2,0,3,1]},"east":{"texture":"#2","uv":[2,0,3,1]},"north":{"texture":"#2","uv":[2,0,3,1]},"south":{"texture":"#2","uv":[2,0,3,1]},"up":{"texture":"#2","uv":[2,0,3,1]},"west":{"texture":"#2","uv":[2,0,3,1]}},"from":[7.875,12,5.5],"rotation":{"angle":0,"axis":"y","origin":[8,12.125,6.25]},"to":[8.125,12.25,7]},{"faces":{"down":{"texture":"#2","uv":[1,4,2,5]},"east":{"texture":"#2","uv":[1,4,2,5]},"north":{"texture":"#2","uv":[1,4,2,5]},"south":{"texture":"#2","uv":[1,4,2,5]},"up":{"texture":"#2","uv":[1,4,2,5]},"west":{"texture":"#2","uv":[1,4,2,5]}},"from":[7.875,11.75,5],"rotation":{"angle":0,"axis":"y","origin":[8,12.125,5.25]},"to":[8.125,12.5,5.5]},{"faces":{"down":{"rotation":270,"texture":"#2","uv":[1,4,2,5]},"east":{"rotation":270,"texture":"#2","uv":[1,4,2,5]},"north":{"rotation":90,"texture":"#2","uv":[1,4,2,5]},"south":{"rotation":270,"texture":"#2","uv":[1,4,2,5]},"up":{"rotation":270,"texture":"#2","uv":[1,4,2,5]},"west":{"rotation":270,"texture":"#2","uv":[1,4,2,5]}},"from":[7.625,12,5],"rotation":{"angle":0,"axis":"z","origin":[8,12.125,5.25]},"to":[8.375,12.25,5.5]},{"faces":{"down":{"texture":"#2","uv":[0,4,1,5]},"east":{"texture":"#2","uv":[0,4,1,5]},"north":{"texture":"#2","uv":[0,4,1,5]},"south":{"texture":"#2","uv":[0,4,1,5]},"up":{"texture":"#2","uv":[0,4,1,5]},"west":{"texture":"#2","uv":[0,4,1,5]}},"from":[7.125,12.25,5],"rotation":{"angle":0,"axis":"y","origin":[8.625,13.375,5.25]},"to":[7.875,13,5.5]},{"faces":{"down":{"texture":"#2","uv":[1,4,2,5]},"east":{"texture":"#2","uv":[1,4,2,5]},"north":{"texture":"#2","uv":[1,4,2,5]},"south":{"texture":"#2","uv":[1,4,2,5]},"up":{"texture":"#2","uv":[1,4,2,5]},"west":{"texture":"#2","uv":[1,4,2,5]}},"from":[6.875,13,5],"rotation":{"angle":0,"axis":"y","origin":[8.625,13.375,5.25]},"to":[7.625,13.75,5.5]},{"faces":{"down":{"texture":"#2","uv":[0,4,1,5]},"east":{"texture":"#2","uv":[0,4,1,5]},"north":{"texture":"#2","uv":[0,4,1,5]},"south":{"texture":"#2","uv":[0,4,1,5]},"up":{"texture":"#2","uv":[0,4,1,5]},"west":{"texture":"#2","uv":[0,4,1,5]}},"from":[7.125,13.75,5],"rotation":{"angle":0,"axis":"y","origin":[8.625,13.375,5.25]},"to":[7.875,14.5,5.5]},{"faces":{"down":{"rotation":90,"texture":"#2","uv":[0,4,1,5]},"east":{"rotation":90,"texture":"#2","uv":[0,4,1,5]},"north":{"rotation":270,"texture":"#2","uv":[0,4,1,5]},"south":{"rotation":90,"texture":"#2","uv":[0,4,1,5]},"up":{"rotation":90,"texture":"#2","uv":[0,4,1,5]},"west":{"rotation":90,"texture":"#2","uv":[0,4,1,5]}},"from":[8.125,12.25,5],"rotation":{"angle":0,"axis":"z","origin":[8.625,13.375,5.25]},"to":[8.875,13,5.5]},{"faces":{"down":{"rotation":90,"texture":"#2","uv":[1,4,2,5]},"east":{"rotation":90,"texture":"#2","uv":[1,4,2,5]},"north":{"rotation":270,"texture":"#2","uv":[1,4,2,5]},"south":{"rotation":90,"texture":"#2","uv":[1,4,2,5]},"up":{"rotation":90,"texture":"#2","uv":[1,4,2,5]},"west":{"rotation":90,"texture":"#2","uv":[1,4,2,5]}},"from":[8.875,12.5,5],"rotation":{"angle":0,"axis":"z","origin":[8.625,13.375,5.25]},"to":[9.625,13.25,5.5]},{"faces":{"down":{"rotation":90,"texture":"#2","uv":[1,4,2,5]},"east":{"rotation":90,"texture":"#2","uv":[1,4,2,5]},"north":{"rotation":270,"texture":"#2","uv":[1,4,2,5]},"south":{"rotation":90,"texture":"#2","uv":[1,4,2,5]},"up":{"rotation":90,"texture":"#2","uv":[1,4,2,5]},"west":{"rotation":90,"texture":"#2","uv":[1,4,2,5]}},"from":[9.625,12.25,5],"rotation":{"angle":0,"axis":"z","origin":[8.625,13.375,5.25]},"to":[10.375,13,5.5]},{"faces":{"down":{"rotation":270,"texture":"#2","uv":[1,4,2,5]},"east":{"rotation":270,"texture":"#2","uv":[1,4,2,5]},"north":{"rotation":90,"texture":"#2","uv":[1,4,2,5]},"south":{"rotation":270,"texture":"#2","uv":[1,4,2,5]},"up":{"rotation":270,"texture":"#2","uv":[1,4,2,5]},"west":{"rotation":270,"texture":"#2","uv":[1,4,2,5]}},"from":[7.125,11.25,5],"rotation":{"angle":0,"axis":"y","origin":[7.375,10.875,5.25]},"to":[7.875,12,5.5]},{"faces":{"down":{"rotation":270,"texture":"#2","uv":[1,4,2,5]},"east":{"rotation":270,"texture":"#2","uv":[1,4,2,5]},"north":{"rotation":90,"texture":"#2","uv":[1,4,2,5]},"south":{"rotation":270,"texture":"#2","uv":[1,4,2,5]},"up":{"rotation":270,"texture":"#2","uv":[1,4,2,5]},"west":{"rotation":270,"texture":"#2","uv":[1,4,2,5]}},"from":[5.625,11.25,5],"rotation":{"angle":0,"axis":"y","origin":[7.375,10.875,5.25]},"to":[6.375,12,5.5]},{"faces":{"down":{"rotation":270,"texture":"#2","uv":[0,4,1,5]},"east":{"rotation":270,"texture":"#2","uv":[0,4,1,5]},"north":{"rotation":90,"texture":"#2","uv":[0,4,1,5]},"south":{"rotation":270,"texture":"#2","uv":[0,4,1,5]},"up":{"rotation":270,"texture":"#2","uv":[0,4,1,5]},"west":{"rotation":270,"texture":"#2","uv":[0,4,1,5]}},"from":[6.375,11,5],"rotation":{"angle":0,"axis":"y","origin":[7.375,10.875,5.25]},"to":[7.125,11.75,5.5]},{"faces":{"down":{"rotation":180,"texture":"#2","uv":[0,4,1,5]},"east":{"rotation":180,"texture":"#2","uv":[0,4,1,5]},"north":{"rotation":180,"texture":"#2","uv":[0,4,1,5]},"south":{"rotation":180,"texture":"#2","uv":[0,4,1,5]},"up":{"rotation":180,"texture":"#2","uv":[0,4,1,5]},"west":{"rotation":180,"texture":"#2","uv":[0,4,1,5]}},"from":[8.125,11.25,5],"rotation":{"angle":0,"axis":"y","origin":[7.375,10.875,5.25]},"to":[8.875,12,5.5]},{"faces":{"down":{"rotation":180,"texture":"#2","uv":[0,4,1,5]},"east":{"rotation":180,"texture":"#2","uv":[0,4,1,5]},"north":{"rotation":180,"texture":"#2","uv":[0,4,1,5]},"south":{"rotation":180,"texture":"#2","uv":[0,4,1,5]},"up":{"rotation":180,"texture":"#2","uv":[0,4,1,5]},"west":{"rotation":180,"texture":"#2","uv":[0,4,1,5]}},"from":[8.375,10.5,5],"rotation":{"angle":0,"axis":"y","origin":[7.375,10.875,5.25]},"to":[9.125,11.25,5.5]},{"faces":{"down":{"rotation":180,"texture":"#2","uv":[1,4,2,5]},"east":{"rotation":180,"texture":"#2","uv":[1,4,2,5]},"north":{"rotation":180,"texture":"#2","uv":[1,4,2,5]},"south":{"rotation":180,"texture":"#2","uv":[1,4,2,5]},"up":{"rotation":180,"texture":"#2","uv":[1,4,2,5]},"west":{"rotation":180,"texture":"#2","uv":[1,4,2,5]}},"from":[8.125,9.75,5],"rotation":{"angle":0,"axis":"y","origin":[7.375,10.875,5.25]},"to":[8.875,10.5,5.5]}],"parent":"carved_pumpkin","textures":{"2":"spooncraftadditions:item/hat/windmill_house","particle":"spooncraftadditions:item/hat/grass_block_top"}}