{"display":{"firstperson_lefthand":{"rotation":[156.23,23.04,-170.22],"scale":[0.5,0.5,0.5],"translation":[0,2.5,0]},"firstperson_righthand":{"rotation":[156.23,23.04,-170.22],"scale":[0.5,0.5,0.5],"translation":[0,2.5,0]},"fixed":{"rotation":[-90,0,0],"translation":[0,0,-8]},"ground":{"scale":[0.5,0.5,0.5],"translation":[0,2.25,0]},"gui":{"rotation":[-157.05,23.9,179.48],"scale":[1.22,1.22,1.22],"translation":[0,2.5,0]},"head":{"scale":[0.5,0.5,0.5],"translation":[0,8,0]},"thirdperson_lefthand":{"rotation":[25.75,0,0],"scale":[0.5,0.5,0.5],"translation":[0,2.5,0]},"thirdperson_righthand":{"rotation":[25.75,0,0],"scale":[0.5,0.5,0.5],"translation":[0,2.5,0]}},"elements":[{"faces":{"down":{"texture":"#0","uv":[13,7,10,10]},"east":{"texture":"#0","uv":[7,11,10,12]},"north":{"texture":"#0","uv":[11,6,14,7]},"south":{"texture":"#0","uv":[10,11,13,12]},"up":{"texture":"#0","uv":[10,11,7,8]},"west":{"texture":"#0","uv":[0,12,3,13]}},"from":[5,0,5],"rotation":{"angle":0,"axis":"y","origin":[7,0,7]},"to":[11,2,11]},{"faces":{"down":{"texture":"#0","uv":[11,4,8,7]},"east":{"texture":"#0","uv":[4,11,7,12]},"north":{"texture":"#0","uv":[10,10,13,11]},"south":{"texture":"#0","uv":[11,4,14,5]},"up":{"texture":"#0","uv":[7,11,4,8]},"west":{"texture":"#0","uv":[11,5,14,6]}},"from":[5,10,5],"rotation":{"angle":0,"axis":"y","origin":[7,10,7]},"to":[11,12,11]},{"faces":{"down":{"texture":"#0","uv":[12,0,8,4]},"east":{"texture":"#0","uv":[0,4,4,8]},"north":{"texture":"#0","uv":[0,0,4,4]},"south":{"texture":"#0","uv":[4,0,8,4]},"up":{"texture":"#0","uv":[4,12,0,8]},"west":{"texture":"#0","uv":[4,4,8,8]}},"from":[4,2,4],"rotation":{"angle":0,"axis":"y","origin":[7,2,7]},"to":[12,10,12]}],"parent":"carved_pumpkin","texture_size":[32,32],"textures":{"0":"spooncraftadditions:item/eggs/generic","particle":"spooncraftadditions:item/eggs/generic"}}