{
	"credit": "Made with Blockbench",
	"parent": "minecraft:carved_pumpkin",
	"texture_size": [64, 64],
	"textures": {
		"0": "spooncraftadditions:item/hat/skyblock_starter_base_hat"
	},
	"elements": [
		{
			"from": [1, 0, 1],
			"to": [15, 4, 15],
			"rotation": {"angle": 0, "axis": "y", "origin": [1, 0, 1]},
			"faces": {
				"north": {"uv": [6.5, 0, 10, 1], "texture": "#0"},
				"east": {"uv": [6.5, 1, 10, 2], "texture": "#0"},
				"south": {"uv": [6.5, 2, 10, 3], "texture": "#0"},
				"west": {"uv": [6.5, 3, 10, 4], "texture": "#0"},
				"up": {"uv": [3.5, 3.5, 0, 0], "texture": "#0"},
				"down": {"uv": [3.5, 3.5, 0, 7], "texture": "#0"}
			}
		},
		{
			"from": [13.5, 4, 2.5],
			"to": [14.5, 8, 3.5],
			"rotation": {"angle": 0, "axis": "y", "origin": [13.5, 4, 2.5]},
			"faces": {
				"north": {"uv": [5.25, 8.5, 5.5, 9.5], "texture": "#0"},
				"east": {"uv": [5.5, 8.5, 5.75, 9.5], "texture": "#0"},
				"south": {"uv": [8.5, 5.5, 8.75, 6.5], "texture": "#0"},
				"west": {"uv": [1.5, 8.75, 1.75, 9.75], "texture": "#0"},
				"up": {"uv": [9.25, 5, 9, 4.75], "texture": "#0"},
				"down": {"uv": [9.25, 6.25, 9, 6.5], "texture": "#0"}
			}
		},
		{
			"from": [11.5, 7, 0.5],
			"to": [16.5, 9, 5.5],
			"rotation": {"angle": 0, "axis": "y", "origin": [11.5, 7, 0.5]},
			"faces": {
				"north": {"uv": [4.5, 8, 5.75, 8.5], "texture": "#0"},
				"east": {"uv": [5.75, 8.25, 7, 8.75], "texture": "#0"},
				"south": {"uv": [7, 8.25, 8.25, 8.75], "texture": "#0"},
				"west": {"uv": [8.25, 8.25, 9.5, 8.75], "texture": "#0"},
				"up": {"uv": [7.75, 8.25, 6.5, 7], "texture": "#0"},
				"down": {"uv": [9, 7, 7.75, 8.25], "texture": "#0"}
			}
		},
		{
			"from": [12.5, 9, 0.5],
			"to": [15.5, 10, 5.5],
			"rotation": {"angle": 0, "axis": "y", "origin": [12.5, 9, 0.5]},
			"faces": {
				"north": {"uv": [5.75, 8, 6.5, 8.25], "texture": "#0"},
				"east": {"uv": [4, 8.5, 5.25, 8.75], "texture": "#0"},
				"south": {"uv": [8.5, 6.5, 9.25, 6.75], "texture": "#0"},
				"west": {"uv": [8.5, 5.25, 9.75, 5.5], "texture": "#0"},
				"up": {"uv": [0.75, 9.25, 0, 8], "texture": "#0"},
				"down": {"uv": [1.5, 8, 0.75, 9.25], "texture": "#0"}
			}
		},
		{
			"from": [12.5, 10, 2.5],
			"to": [15.5, 11, 3.5],
			"rotation": {"angle": 0, "axis": "y", "origin": [12.5, 10, 2.5]},
			"faces": {
				"north": {"uv": [6.5, 8.75, 7.25, 9], "texture": "#0"},
				"east": {"uv": [7.25, 9, 7.5, 9.25], "texture": "#0"},
				"south": {"uv": [7.25, 8.75, 8, 9], "texture": "#0"},
				"west": {"uv": [9, 7.25, 9.25, 7.5], "texture": "#0"},
				"up": {"uv": [8.75, 9, 8, 8.75], "texture": "#0"},
				"down": {"uv": [9.5, 8.75, 8.75, 9], "texture": "#0"}
			}
		},
		{
			"from": [13.5, 10, 3.5],
			"to": [14.5, 11, 4.5],
			"rotation": {"angle": 0, "axis": "y", "origin": [13.5, 10, 3.5]},
			"faces": {
				"north": {"uv": [7.5, 9, 7.75, 9.25], "texture": "#0"},
				"east": {"uv": [9, 7.5, 9.25, 7.75], "texture": "#0"},
				"south": {"uv": [7.75, 9, 8, 9.25], "texture": "#0"},
				"west": {"uv": [9, 7.75, 9.25, 8], "texture": "#0"},
				"up": {"uv": [8.25, 9.25, 8, 9], "texture": "#0"},
				"down": {"uv": [9.25, 8, 9, 8.25], "texture": "#0"}
			}
		},
		{
			"from": [13.5, 10, 1.5],
			"to": [14.5, 11, 2.5],
			"rotation": {"angle": 0, "axis": "y", "origin": [13.5, 10, 1.5]},
			"faces": {
				"north": {"uv": [8.25, 9, 8.5, 9.25], "texture": "#0"},
				"east": {"uv": [8.5, 9, 8.75, 9.25], "texture": "#0"},
				"south": {"uv": [8.75, 9, 9, 9.25], "texture": "#0"},
				"west": {"uv": [9, 9, 9.25, 9.25], "texture": "#0"},
				"up": {"uv": [0.25, 9.5, 0, 9.25], "texture": "#0"},
				"down": {"uv": [0.5, 9.25, 0.25, 9.5], "texture": "#0"}
			}
		},
		{
			"from": [15.5, 9, 1.5],
			"to": [16.5, 10, 4.5],
			"rotation": {"angle": 0, "axis": "y", "origin": [15.5, 9, 1.5]},
			"faces": {
				"north": {"uv": [6.5, 9, 6.75, 9.25], "texture": "#0"},
				"east": {"uv": [8.5, 6.75, 9.25, 7], "texture": "#0"},
				"south": {"uv": [6.75, 9, 7, 9.25], "texture": "#0"},
				"west": {"uv": [3.75, 8.75, 4.5, 9], "texture": "#0"},
				"up": {"uv": [4.75, 9.5, 4.5, 8.75], "texture": "#0"},
				"down": {"uv": [5, 8.75, 4.75, 9.5], "texture": "#0"}
			}
		},
		{
			"from": [11.5, 9, 1.5],
			"to": [12.5, 10, 4.5],
			"rotation": {"angle": 0, "axis": "y", "origin": [11.5, 9, 1.5]},
			"faces": {
				"north": {"uv": [7, 9, 7.25, 9.25], "texture": "#0"},
				"east": {"uv": [8.75, 5.5, 9.5, 5.75], "texture": "#0"},
				"south": {"uv": [9, 7, 9.25, 7.25], "texture": "#0"},
				"west": {"uv": [5.75, 8.75, 6.5, 9], "texture": "#0"},
				"up": {"uv": [5.25, 9.5, 5, 8.75], "texture": "#0"},
				"down": {"uv": [9, 5.75, 8.75, 6.5], "texture": "#0"}
			}
		},
		{
			"from": [2, 4, 5],
			"to": [12, 8, 13],
			"rotation": {"angle": 0, "axis": "y", "origin": [2, 4, 5]},
			"faces": {
				"north": {"uv": [6.5, 4, 9, 5], "texture": "#0"},
				"east": {"uv": [2.5, 7, 4.5, 8], "texture": "#0"},
				"south": {"uv": [0, 7, 2.5, 8], "texture": "#0"},
				"west": {"uv": [4.5, 7, 6.5, 8], "texture": "#0"},
				"up": {"uv": [6, 7, 3.5, 5], "texture": "#0"},
				"down": {"uv": [8.5, 5, 6, 7], "texture": "#0"}
			}
		},
		{
			"from": [4, 4.5, 13],
			"to": [5, 5, 14],
			"rotation": {"angle": 0, "axis": "y", "origin": [4, 4, 13]},
			"faces": {
				"north": {"uv": [0.5, 9.25, 0.75, 9.5], "texture": "#0"},
				"east": {"uv": [0.75, 9.25, 1, 9.5], "texture": "#0"},
				"south": {"uv": [1, 9.25, 1.25, 9.5], "texture": "#0"},
				"west": {"uv": [1.25, 9.25, 1.5, 9.5], "texture": "#0"},
				"up": {"uv": [9.5, 4.25, 9.25, 4], "texture": "#0"},
				"down": {"uv": [9.5, 4.25, 9.25, 4.5], "texture": "#0"}
			}
		},
		{
			"from": [6, 4.5, 13],
			"to": [7, 5, 14],
			"rotation": {"angle": 0, "axis": "y", "origin": [6, 4, 13]},
			"faces": {
				"north": {"uv": [9.25, 4.5, 9.5, 4.75], "texture": "#0"},
				"east": {"uv": [9.25, 4.75, 9.5, 5], "texture": "#0"},
				"south": {"uv": [9.25, 5.75, 9.5, 6], "texture": "#0"},
				"west": {"uv": [9.25, 6, 9.5, 6.25], "texture": "#0"},
				"up": {"uv": [9.5, 6.5, 9.25, 6.25], "texture": "#0"},
				"down": {"uv": [6.75, 9.25, 6.5, 9.5], "texture": "#0"}
			}
		},
		{
			"from": [1, 8, 4],
			"to": [13, 8.5, 14],
			"rotation": {"angle": 0, "axis": "y", "origin": [1, 8, 4]},
			"faces": {
				"north": {"uv": [1.5, 8, 4.5, 8.25], "texture": "#0"},
				"east": {"uv": [1.5, 8.5, 4, 8.75], "texture": "#0"},
				"south": {"uv": [1.5, 8.25, 4.5, 8.5], "texture": "#0"},
				"west": {"uv": [8.5, 5, 11, 5.25], "texture": "#0"},
				"up": {"uv": [6.5, 2.5, 3.5, 0], "texture": "#0"},
				"down": {"uv": [6.5, 2.5, 3.5, 5], "texture": "#0"}
			}
		},
		{
			"from": [13.5, 4, 5.75],
			"to": [14, 6, 6.25],
			"rotation": {"angle": 0, "axis": "y", "origin": [13.5, 4, 5.75]},
			"faces": {
				"north": {"uv": [5.75, 9, 6, 9.5], "texture": "#0"},
				"east": {"uv": [9, 5.75, 9.25, 6.25], "texture": "#0"},
				"south": {"uv": [6, 9, 6.25, 9.5], "texture": "#0"},
				"west": {"uv": [6.25, 9, 6.5, 9.5], "texture": "#0"},
				"up": {"uv": [9.5, 6.75, 9.25, 6.5], "texture": "#0"},
				"down": {"uv": [7, 9.25, 6.75, 9.5], "texture": "#0"}
			}
		},
		{
			"from": [14.25, 4, 6.75],
			"to": [14.75, 7, 7.25],
			"rotation": {"angle": 0, "axis": "y", "origin": [14.5, 4, 6.75]},
			"faces": {
				"north": {"uv": [3.75, 9, 4, 9.75], "texture": "#0"},
				"east": {"uv": [4, 9, 4.25, 9.75], "texture": "#0"},
				"south": {"uv": [9, 4, 9.25, 4.75], "texture": "#0"},
				"west": {"uv": [4.25, 9, 4.5, 9.75], "texture": "#0"},
				"up": {"uv": [9.5, 7, 9.25, 6.75], "texture": "#0"},
				"down": {"uv": [7.25, 9.25, 7, 9.5], "texture": "#0"}
			}
		},
		{
			"from": [13.25, 4, 7.75],
			"to": [13.75, 8, 8.25],
			"rotation": {"angle": 0, "axis": "y", "origin": [13.5, 4, 7.75]},
			"faces": {
				"north": {"uv": [1.75, 8.75, 2, 9.75], "texture": "#0"},
				"east": {"uv": [2, 8.75, 2.25, 9.75], "texture": "#0"},
				"south": {"uv": [2.25, 8.75, 2.5, 9.75], "texture": "#0"},
				"west": {"uv": [2.5, 8.75, 2.75, 9.75], "texture": "#0"},
				"up": {"uv": [9.5, 7.25, 9.25, 7], "texture": "#0"},
				"down": {"uv": [7.5, 9.25, 7.25, 9.5], "texture": "#0"}
			}
		},
		{
			"from": [13.75, 2, 8.75],
			"to": [14.25, 6, 9.25],
			"rotation": {"angle": 0, "axis": "y", "origin": [13.5, 4, 8.75]},
			"faces": {
				"north": {"uv": [2.75, 8.75, 3, 9.75], "texture": "#0"},
				"east": {"uv": [3, 8.75, 3.25, 9.75], "texture": "#0"},
				"south": {"uv": [3.25, 8.75, 3.5, 9.75], "texture": "#0"},
				"west": {"uv": [3.5, 8.75, 3.75, 9.75], "texture": "#0"},
				"up": {"uv": [9.5, 7.5, 9.25, 7.25], "texture": "#0"},
				"down": {"uv": [7.75, 9.25, 7.5, 9.5], "texture": "#0"}
			}
		}
	],
	"groups": [
		{
			"name": "island",
			"origin": [1, 0, 1],
			"color": 0,
			"children": [0]
		},
		{
			"name": "tree",
			"origin": [11, 7, 3],
			"color": 0,
			"children": [1, 2, 3, 4, 5, 6, 7, 8]
		},
		{
			"name": "house",
			"origin": [8, 8, 8],
			"color": 0,
			"children": [9, 10, 11, 12]
		},
		{
			"name": "sugarcane",
			"origin": [8, 8, 8],
			"color": 0,
			"children": [13, 14, 15, 16]
		}
	],
	"display": {
		"thirdperson_righthand": {
			"translation": [2, 2, -1],
			"rotation":[0, 30, 0],
			"scale": [0.75, 0.75, 0.75]
		},
		"thirdperson_lefthand": {
			"translation": [-2, 2, -1],
			"rotation":[0, 30, 0],
			"scale": [0.75, 0.75, 0.75]
		},
		"firstperson_righthand": {
			"translation": [3, 0, 0]
		},
		"ground": {
			"translation": [0, 4, 0],
			"scale": [0.5, 0.5, 0.5]
		},
		"gui": {
			"rotation": [30, -30, 0],
			"translation": [0, 2.5, 0],
			"scale": [0.8, 0.8, 0.8]
		},
		"head": {
			"translation": [0, 14.5, 0],
			"rotation":[0, 180, 0],
			"scale": [1.2, 1.2, 1.2]
		},
		"fixed": {
			"translation": [4, 3, 4]
		}
	}
}