{"ambientocclusion":false,"credit":"Made with Blockbench","elements":[{"faces":{"down":{"texture":"#sign","uv":[6.5,0,12.5,1]},"east":{"texture":"#sign","uv":[0,1,0.5,7]},"north":{"texture":"#sign","uv":[0.5,1,6.5,7]},"south":{"texture":"#sign","uv":[7,1,13,7]},"up":{"texture":"#sign","uv":[0.5,0,6.5,1]},"west":{"texture":"#sign","uv":[6.5,1,7,7]}},"from":[0,4.3333,14.3333],"rotation":{"angle":0,"axis":"y","origin":[8,3,15]},"to":[16,12.3333,15.66663]}],"format_version":"1.21.6","texture_size":[64,32],"textures":{"particle":"#sign","sign":"minecraft:block/stone"}}