{"ambientocclusion":false,"credit":"Made with Blockbench","elements":[{"faces":{"down":{"cullface":"down","texture":"#sign","uv":[1,7,1.5,8]},"east":{"texture":"#sign","uv":[0,8,0.5,15]},"north":{"texture":"#sign","uv":[0.5,8,1,15]},"south":{"texture":"#sign","uv":[1.5,8,2,15]},"west":{"texture":"#sign","uv":[1,8,1.5,15]}},"from":[7.3333,0,7.3333],"to":[8.66663,9.33333,8.66663]},{"faces":{"down":{"texture":"#sign","uv":[6.5,0,12.5,1]},"east":{"texture":"#sign","uv":[0,1,0.5,7]},"north":{"texture":"#sign","uv":[0.5,1,6.5,7]},"south":{"texture":"#sign","uv":[7,1,13,7]},"up":{"texture":"#sign","uv":[0.5,0,6.5,1]},"west":{"texture":"#sign","uv":[6.5,1,7,7]}},"from":[0,9.3333,7.3333],"to":[16,17.3333,8.66663]}],"format_version":"1.21.6","texture_size":[64,32],"textures":{"particle":"#sign","sign":"minecraft:block/stone"}}