{
  "hand_animation_on_swap": false,
  "model": {
    "type": "minecraft:range_dispatch",
    "property": "minecraft:custom_model_data",
    "entries": [
      {
        "threshold": 0,
        "model": {
          "type": "minecraft:model",
          "model": "spooncraftadditions:item/spooncraft_sword/1"
        }
      },
      {
        "threshold": 1,
        "model": {
          "type": "minecraft:model",
          "model": "spooncraftadditions:item/spooncraft_sword/2"
        }
      },
      {
        "threshold": 2,
        "model": {
          "type": "minecraft:model",
          "model": "spooncraftadditions:item/spooncraft_sword/3"
        }
      },
      {
        "threshold": 3,
        "model": {
          "type": "minecraft:model",
          "model": "spooncraftadditions:item/spooncraft_sword/4"
        }
      },
      {
        "threshold": 4,
        "model": {
          "type": "minecraft:model",
          "model": "spooncraftadditions:item/spooncraft_sword/5"
        }
      },
      {
        "threshold": 5,
        "model": {
          "type": "minecraft:model",
          "model": "spooncraftadditions:item/spooncraft_sword/6"
        }
      }
    ]
  }
}