{"providers":[{"advances":{" ":2},"type":"space"},{"ascent":7,"chars":[""],"file":"mumbo:font/role/spooncraft_admin.png","height":8,"type":"bitmap"},{"ascent":7,"chars":[""],"file":"mumbo:font/role/spooncraft_mod.png","height":8,"type":"bitmap"},{"ascent":7,"chars":[""],"file":"mumbo:font/role/discord_admin.png","height":8,"type":"bitmap"},{"ascent":7,"chars":[""],"file":"mumbo:font/role/discord_mod.png","height":8,"type":"bitmap"},{"ascent":7,"chars":[""],"file":"mumbo:font/role/event_staff.png","height":8,"type":"bitmap"}]}