{"providers":[{"advances":{"-":-8,".":-168,"_":-98},"type":"space"},{"ascent":13,"chars":["0"],"file":"universal_shops:gui/single_item.png","height":256,"type":"bitmap"},{"ascent":13,"chars":["1"],"file":"universal_shops:gui/take_any.png","height":256,"type":"bitmap"},{"ascent":13,"chars":["2"],"file":"universal_shops:gui/settings.png","height":256,"type":"bitmap"},{"ascent":13,"chars":["3"],"file":"universal_shops:gui/item_select.png","height":256,"type":"bitmap"},{"ascent":13,"chars":["4"],"file":"universal_shops:gui/selector.png","height":256,"type":"bitmap"},{"ascent":13,"chars":["5"],"file":"universal_shops:gui/selector_big.png","height":256,"type":"bitmap"}]}