{"ambientocclusion":false,"credit":"Made with Blockbench","elements":[{"faces":{"down":{"cullface":"down","texture":"#sign","uv":[4,6,7.5,7]},"east":{"texture":"#sign","uv":[0,7,0.5,12]},"north":{"texture":"#sign","uv":[0.5,7,4,12]},"south":{"texture":"#sign","uv":[4.5,7,8,12]},"up":{"texture":"#sign","uv":[0.5,7,4,6]},"west":{"texture":"#sign","uv":[4,7,4.5,12]}},"from":[1,0,7],"rotation":{"angle":0,"axis":"y","origin":[8,0,8]},"to":[15,10,9]}],"format_version":"1.21.6","texture_size":[64,32],"textures":{"particle":"#sign","sign":"minecraft:block/stone"}}