{
	"credit": "Made with Blockbench",
	"parent": "carved_pumpkin",
	"textures": {
		"0": "spooncraftadditions:item/tag/participation",
		"particle": "spooncraftadditions:item/tag/participation"
	},
	"elements": [
		{
			"from": [2, 14, 7],
			"to": [6, 15, 8],
			"rotation": {"angle": 0, "axis": "y", "origin": [4, 14.5, 7.5]},
			"faces": {
				"north": {"uv": [10, 1, 14, 2], "texture": "#0"},
				"east": {"uv": [10, 1, 11, 2], "texture": "#0"},
				"south": {"uv": [14, 2, 10, 1], "texture": "#0"},
				"west": {"uv": [13, 1, 14, 2], "texture": "#0"},
				"up": {"uv": [14, 1, 10, 2], "texture": "#0"},
				"down": {"uv": [14, 1, 10, 2], "texture": "#0"}
			}
		},
		{
			"from": [1, 13, 7],
			"to": [7, 14, 8],
			"rotation": {"angle": 0, "axis": "y", "origin": [4, 13.5, 7.5]},
			"faces": {
				"north": {"uv": [9, 2, 15, 3], "texture": "#0"},
				"east": {"uv": [9, 2, 10, 3], "texture": "#0"},
				"south": {"uv": [15, 3, 9, 2], "texture": "#0"},
				"west": {"uv": [14, 2, 15, 3], "texture": "#0"},
				"up": {"uv": [15, 2, 9, 3], "texture": "#0"},
				"down": {"uv": [15, 2, 9, 3], "texture": "#0"}
			}
		},
		{
			"from": [1, 12, 7],
			"to": [7, 13, 8],
			"rotation": {"angle": 0, "axis": "y", "origin": [4, 12.5, 7.5]},
			"faces": {
				"north": {"uv": [9, 3, 15, 4], "texture": "#0"},
				"east": {"uv": [9, 3, 10, 4], "texture": "#0"},
				"south": {"uv": [15, 4, 9, 3], "texture": "#0"},
				"west": {"uv": [14, 3, 15, 4], "texture": "#0"},
				"up": {"uv": [15, 3, 9, 4], "texture": "#0"},
				"down": {"uv": [15, 3, 9, 4], "texture": "#0"}
			}
		},
		{
			"from": [1, 11, 7],
			"to": [3, 12, 8],
			"rotation": {"angle": 0, "axis": "y", "origin": [2, 11.5, 7.5]},
			"faces": {
				"north": {"uv": [13, 4, 15, 5], "texture": "#0"},
				"east": {"uv": [13, 4, 14, 5], "texture": "#0"},
				"south": {"uv": [15, 5, 13, 4], "texture": "#0"},
				"west": {"uv": [14, 4, 15, 5], "texture": "#0"},
				"up": {"uv": [15, 4, 13, 5], "texture": "#0"},
				"down": {"uv": [15, 4, 13, 5], "texture": "#0"}
			}
		},
		{
			"from": [5, 11, 7],
			"to": [9, 12, 8],
			"rotation": {"angle": 0, "axis": "y", "origin": [7, 11.5, 7.5]},
			"faces": {
				"north": {"uv": [7, 4, 11, 5], "texture": "#0"},
				"east": {"uv": [7, 4, 8, 5], "texture": "#0"},
				"south": {"uv": [11, 5, 7, 4], "texture": "#0"},
				"west": {"uv": [10, 4, 11, 5], "texture": "#0"},
				"up": {"uv": [11, 4, 7, 5], "texture": "#0"},
				"down": {"uv": [11, 4, 7, 5], "texture": "#0"}
			}
		},
		{
			"from": [1, 10, 7],
			"to": [3, 11, 8],
			"rotation": {"angle": 0, "axis": "y", "origin": [2, 10.5, 7.5]},
			"faces": {
				"north": {"uv": [13, 5, 15, 6], "texture": "#0"},
				"east": {"uv": [13, 5, 14, 6], "texture": "#0"},
				"south": {"uv": [15, 6, 13, 5], "texture": "#0"},
				"west": {"uv": [14, 5, 15, 6], "texture": "#0"},
				"up": {"uv": [15, 5, 13, 6], "texture": "#0"},
				"down": {"uv": [15, 5, 13, 6], "texture": "#0"}
			}
		},
		{
			"from": [5, 10, 7],
			"to": [10, 11, 8],
			"rotation": {"angle": 0, "axis": "y", "origin": [7.5, 10.5, 7.5]},
			"faces": {
				"north": {"uv": [6, 5, 11, 6], "texture": "#0"},
				"east": {"uv": [6, 5, 7, 6], "texture": "#0"},
				"south": {"uv": [11, 6, 6, 5], "texture": "#0"},
				"west": {"uv": [10, 5, 11, 6], "texture": "#0"},
				"up": {"uv": [11, 5, 6, 6], "texture": "#0"},
				"down": {"uv": [11, 5, 6, 6], "texture": "#0"}
			}
		},
		{
			"from": [1, 9, 7],
			"to": [3, 10, 8],
			"rotation": {"angle": 0, "axis": "y", "origin": [2, 9.5, 7.5]},
			"faces": {
				"north": {"uv": [13, 6, 15, 7], "texture": "#0"},
				"east": {"uv": [13, 6, 14, 7], "texture": "#0"},
				"south": {"uv": [15, 7, 13, 6], "texture": "#0"},
				"west": {"uv": [14, 6, 15, 7], "texture": "#0"},
				"up": {"uv": [15, 6, 13, 7], "texture": "#0"},
				"down": {"uv": [15, 6, 13, 7], "texture": "#0"}
			}
		},
		{
			"from": [4, 9, 7],
			"to": [11, 10, 8],
			"rotation": {"angle": 0, "axis": "y", "origin": [7.5, 9.5, 7.5]},
			"faces": {
				"north": {"uv": [5, 6, 12, 7], "texture": "#0"},
				"east": {"uv": [5, 6, 6, 7], "texture": "#0"},
				"south": {"uv": [12, 7, 5, 6], "texture": "#0"},
				"west": {"uv": [11, 6, 12, 7], "texture": "#0"},
				"up": {"uv": [12, 6, 5, 7], "texture": "#0"},
				"down": {"uv": [12, 6, 5, 7], "texture": "#0"}
			}
		},
		{
			"from": [2, 8, 7],
			"to": [12, 9, 8],
			"rotation": {"angle": 0, "axis": "y", "origin": [7, 8.5, 7.5]},
			"faces": {
				"north": {"uv": [4, 7, 14, 8], "texture": "#0"},
				"east": {"uv": [4, 7, 5, 8], "texture": "#0"},
				"south": {"uv": [14, 8, 4, 7], "texture": "#0"},
				"west": {"uv": [13, 7, 14, 8], "texture": "#0"},
				"up": {"uv": [14, 7, 4, 8], "texture": "#0"},
				"down": {"uv": [14, 7, 4, 8], "texture": "#0"}
			}
		},
		{
			"from": [3, 7, 7],
			"to": [13, 8, 8],
			"rotation": {"angle": 0, "axis": "y", "origin": [8, 7.5, 7.5]},
			"faces": {
				"north": {"uv": [3, 8, 13, 9], "texture": "#0"},
				"east": {"uv": [3, 8, 4, 9], "texture": "#0"},
				"south": {"uv": [13, 9, 3, 8], "texture": "#0"},
				"west": {"uv": [12, 8, 13, 9], "texture": "#0"},
				"up": {"uv": [13, 8, 3, 9], "texture": "#0"},
				"down": {"uv": [13, 8, 3, 9], "texture": "#0"}
			}
		},
		{
			"from": [5, 6, 7],
			"to": [14, 7, 8],
			"rotation": {"angle": 0, "axis": "y", "origin": [9.5, 6.5, 7.5]},
			"faces": {
				"north": {"uv": [2, 9, 11, 10], "texture": "#0"},
				"east": {"uv": [2, 9, 3, 10], "texture": "#0"},
				"south": {"uv": [11, 10, 2, 9], "texture": "#0"},
				"west": {"uv": [10, 9, 11, 10], "texture": "#0"},
				"up": {"uv": [11, 9, 2, 10], "texture": "#0"},
				"down": {"uv": [11, 9, 2, 10], "texture": "#0"}
			}
		},
		{
			"from": [6, 5, 7],
			"to": [15, 6, 8],
			"rotation": {"angle": 0, "axis": "y", "origin": [10.5, 5.5, 7.5]},
			"faces": {
				"north": {"uv": [1, 10, 10, 11], "texture": "#0"},
				"east": {"uv": [1, 10, 2, 11], "texture": "#0"},
				"south": {"uv": [10, 11, 1, 10], "texture": "#0"},
				"west": {"uv": [9, 10, 10, 11], "texture": "#0"},
				"up": {"uv": [10, 10, 1, 11], "texture": "#0"},
				"down": {"uv": [10, 10, 1, 11], "texture": "#0"}
			}
		},
		{
			"from": [7, 4, 7],
			"to": [16, 5, 8],
			"rotation": {"angle": 0, "axis": "y", "origin": [11.5, 4.5, 7.5]},
			"faces": {
				"north": {"uv": [0, 11, 9, 12], "texture": "#0"},
				"east": {"uv": [0, 11, 1, 12], "texture": "#0"},
				"south": {"uv": [9, 12, 0, 11], "texture": "#0"},
				"west": {"uv": [8, 11, 9, 12], "texture": "#0"},
				"up": {"uv": [9, 11, 0, 12], "texture": "#0"},
				"down": {"uv": [9, 11, 0, 12], "texture": "#0"}
			}
		},
		{
			"from": [8, 3, 7],
			"to": [16, 4, 8],
			"rotation": {"angle": 0, "axis": "y", "origin": [12, 3.5, 7.5]},
			"faces": {
				"north": {"uv": [0, 12, 8, 13], "texture": "#0"},
				"east": {"uv": [0, 12, 1, 13], "texture": "#0"},
				"south": {"uv": [8, 13, 0, 12], "texture": "#0"},
				"west": {"uv": [7, 12, 8, 13], "texture": "#0"},
				"up": {"uv": [8, 12, 0, 13], "texture": "#0"},
				"down": {"uv": [8, 12, 0, 13], "texture": "#0"}
			}
		},
		{
			"from": [9, 2, 7],
			"to": [16, 3, 8],
			"rotation": {"angle": 0, "axis": "y", "origin": [12.5, 2.5, 7.5]},
			"faces": {
				"north": {"uv": [0, 13, 7, 14], "texture": "#0"},
				"east": {"uv": [0, 13, 1, 14], "texture": "#0"},
				"south": {"uv": [7, 14, 0, 13], "texture": "#0"},
				"west": {"uv": [6, 13, 7, 14], "texture": "#0"},
				"up": {"uv": [7, 13, 0, 14], "texture": "#0"},
				"down": {"uv": [7, 13, 0, 14], "texture": "#0"}
			}
		},
		{
			"from": [10, 1, 7],
			"to": [15, 2, 8],
			"rotation": {"angle": 0, "axis": "y", "origin": [12.5, 1.5, 7.5]},
			"faces": {
				"north": {"uv": [1, 14, 6, 15], "texture": "#0"},
				"east": {"uv": [1, 14, 2, 15], "texture": "#0"},
				"south": {"uv": [6, 15, 1, 14], "texture": "#0"},
				"west": {"uv": [5, 14, 6, 15], "texture": "#0"},
				"up": {"uv": [6, 14, 1, 15], "texture": "#0"},
				"down": {"uv": [6, 14, 1, 15], "texture": "#0"}
			}
		},
		{
			"from": [11, 0, 7],
			"to": [14, 1, 8],
			"rotation": {"angle": 0, "axis": "y", "origin": [12.5, 0.5, 7.5]},
			"faces": {
				"north": {"uv": [2, 15, 5, 16], "texture": "#0"},
				"east": {"uv": [2, 15, 3, 16], "texture": "#0"},
				"south": {"uv": [5, 16, 2, 15], "texture": "#0"},
				"west": {"uv": [4, 15, 5, 16], "texture": "#0"},
				"up": {"uv": [5, 15, 2, 16], "texture": "#0"},
				"down": {"uv": [5, 15, 2, 16], "texture": "#0"}
			}
		}
	],
	"display": {
		"thirdperson_righthand": {
			"rotation": [0, 180, 0],
			"translation": [0, 3, 0.75],
			"scale": [0.55, 0.55, 0.55]
		},
		"thirdperson_lefthand": {
			"rotation": [0, 180, 0],
			"translation": [0, 3, 0.75],
			"scale": [0.55, 0.55, 0.55]
		},
		"firstperson_righthand": {
			"rotation": [-111.93, 83.17, 88.04],
			"translation": [1.25, 3.5, 1.5],
			"scale": [0.65, 0.65, 0.65]
		},
		"firstperson_lefthand": {
			"rotation": [-111.93, 83.17, 88.04],
			"translation": [1.25, 3.5, 1.5],
			"scale": [0.65, 0.65, 0.65]
		},
		"head": {
			"rotation": [-158.94, -4.56, 165.18],
			"translation": [-10.25, 3.25, -1.75]
		}
	},
	"groups": [
		{
			"name": "tag",
			"origin": [4, 13.5, 7.5],
			"color": 0,
			"children": [0, 1, 2, 3, 4, 5, 6, 7, 8, 9, 10, 11, 12, 13, 14, 15, 16, 17]
		}
	]
}