{"providers":[{"advances":{"a":-8,"b":-168,"c":-1,"d":-162,"m":-60,"n":-119},"type":"space"},{"ascent":13,"chars":["e"],"file":"polydex:sgui/main.png","height":256,"type":"bitmap"},{"ascent":13,"chars":["f"],"file":"polydex:sgui/main_inventory.png","height":256,"type":"bitmap"},{"ascent":-4,"chars":["g","h"],"file":"polydex:sgui/recipe/0.png","height":128,"type":"bitmap"},{"ascent":-4,"chars":["i","j"],"file":"polydex:sgui/recipe/1.png","height":128,"type":"bitmap"},{"ascent":-4,"chars":["k","l"],"file":"polydex:sgui/recipe/2.png","height":128,"type":"bitmap"},{"ascent":13,"chars":["o"],"file":"polydex:sgui/search.png","height":256,"type":"bitmap"}]}