{"display":{"firstperson_lefthand":{"rotation":[-1,-19.25,0],"translation":[1,6,0]},"firstperson_righthand":{"rotation":[-1,-19.25,0],"translation":[1,6,0]},"fixed":{"scale":[1.25,1.25,1.25],"translation":[0,4,0]},"ground":{"translation":[0,4.5,0]},"gui":{"rotation":[-150.5,20,-180],"scale":[1.25,1.25,1.25],"translation":[0,4.25,0]},"head":{"scale":[2,2,2],"translation":[0,22.5,0]},"thirdperson_lefthand":{"rotation":[72.25,0,0],"translation":[0,-1.5,0.75]},"thirdperson_righthand":{"rotation":[72.25,0,0],"translation":[0,-1.5,0.75]}},"elements":[{"faces":{"down":{"texture":"#0","uv":[10.5,10.5,10,11]},"east":{"texture":"#0","uv":[3.5,9,4,10]},"north":{"texture":"#0","uv":[9,3,9.5,4]},"south":{"texture":"#0","uv":[4,9,4.5,10]},"up":{"texture":"#0","uv":[11,10,10.5,9.5]},"west":{"texture":"#0","uv":[9,4,9.5,5]}},"from":[3,4,7.5],"rotation":{"angle":0,"axis":"y","origin":[3,4,5.5]},"to":[4,6,8.5]},{"faces":{"down":{"texture":"#0","uv":[2,2,0,4]},"east":{"texture":"#0","uv":[4,2.5,6,3]},"north":{"texture":"#0","uv":[4,2,6,2.5]},"south":{"texture":"#0","uv":[4,3,6,3.5]},"up":{"texture":"#0","uv":[2,2,0,0]},"west":{"texture":"#0","uv":[4,3.5,6,4]}},"from":[6,0,6],"rotation":{"angle":0,"axis":"y","origin":[7,0,7]},"to":[10,1,10]},{"faces":{"down":{"texture":"#0","uv":[8,0,6,0.5]},"east":{"texture":"#0","uv":[10,3,10.5,3.5]},"north":{"texture":"#0","uv":[1.5,5.5,3.5,6]},"south":{"texture":"#0","uv":[5.5,5,7.5,5.5]},"up":{"texture":"#0","uv":[7.5,6,5.5,5.5]},"west":{"texture":"#0","uv":[3.5,10,4,10.5]}},"from":[6,0,10],"rotation":{"angle":0,"axis":"y","origin":[7,0,7]},"to":[10,1,11]},{"faces":{"down":{"texture":"#0","uv":[8,1.5,6,2]},"east":{"texture":"#0","uv":[10,3.5,10.5,4]},"north":{"texture":"#0","uv":[6,0.5,8,1]},"south":{"texture":"#0","uv":[6,1,8,1.5]},"up":{"texture":"#0","uv":[3.5,6.5,1.5,6]},"west":{"texture":"#0","uv":[4,10,4.5,10.5]}},"from":[6,0,5],"rotation":{"angle":0,"axis":"y","origin":[7,0,2]},"to":[10,1,6]},{"faces":{"down":{"texture":"#0","uv":[1,5,0.5,7]},"east":{"texture":"#0","uv":[4,4,6,4.5]},"north":{"texture":"#0","uv":[1.5,10,2,10.5]},"south":{"texture":"#0","uv":[2.5,10,3,10.5]},"up":{"texture":"#0","uv":[0.5,7,0,5]},"west":{"texture":"#0","uv":[4,4.5,6,5]}},"from":[10,0,6],"rotation":{"angle":0,"axis":"y","origin":[7,0,7]},"to":[11,1,10]},{"faces":{"down":{"texture":"#0","uv":[1.5,5.5,1,7.5]},"east":{"texture":"#0","uv":[1,5,3,5.5]},"north":{"texture":"#0","uv":[10,2.5,10.5,3]},"south":{"texture":"#0","uv":[3,10,3.5,10.5]},"up":{"texture":"#0","uv":[5.5,7,5,5]},"west":{"texture":"#0","uv":[3,5,5,5.5]}},"from":[5,0,6],"rotation":{"angle":0,"axis":"y","origin":[2,0,7]},"to":[6,1,10]},{"faces":{"down":{"texture":"#0","uv":[2,7.5,0,8]},"east":{"texture":"#0","uv":[10,6.5,10.5,7]},"north":{"texture":"#0","uv":[6,6.5,8,7]},"south":{"texture":"#0","uv":[1.5,7,3.5,7.5]},"up":{"texture":"#0","uv":[8,7.5,6,7]},"west":{"texture":"#0","uv":[10,7,10.5,7.5]}},"from":[6,1,11],"rotation":{"angle":0,"axis":"y","origin":[7,1,8]},"to":[10,2,12]},{"faces":{"down":{"texture":"#0","uv":[6,6.5,5.5,8.5]},"east":{"texture":"#0","uv":[5.5,6,7.5,6.5]},"north":{"texture":"#0","uv":[10,5.5,10.5,6]},"south":{"texture":"#0","uv":[10,6,10.5,6.5]},"up":{"texture":"#0","uv":[5,7.5,4.5,5.5]},"west":{"texture":"#0","uv":[1.5,6.5,3.5,7]}},"from":[4,1,6],"rotation":{"angle":0,"axis":"y","origin":[1,1,7]},"to":[5,2,10]},{"faces":{"down":{"texture":"#0","uv":[8,4.5,6,5]},"east":{"texture":"#0","uv":[5,10,5.5,10.5]},"north":{"texture":"#0","uv":[6,3,8,3.5]},"south":{"texture":"#0","uv":[6,3.5,8,4]},"up":{"texture":"#0","uv":[8,4.5,6,4]},"west":{"texture":"#0","uv":[10,5,10.5,5.5]}},"from":[6,1,4],"rotation":{"angle":0,"axis":"y","origin":[7,1,1]},"to":[10,2,5]},{"faces":{"down":{"texture":"#0","uv":[10.5,9.5,10,10]},"east":{"texture":"#0","uv":[10,8,10.5,8.5]},"north":{"texture":"#0","uv":[10,7.5,10.5,8]},"south":{"texture":"#0","uv":[10,8.5,10.5,9]},"up":{"texture":"#0","uv":[10,10.5,9.5,10]},"west":{"texture":"#0","uv":[10,9,10.5,9.5]}},"from":[5,1,5],"rotation":{"angle":0,"axis":"y","origin":[6,1,2]},"to":[6,2,6]},{"faces":{"down":{"texture":"#0","uv":[3,10.5,2.5,11]},"east":{"texture":"#0","uv":[10.5,0,11,0.5]},"north":{"texture":"#0","uv":[10,10,10.5,10.5]},"south":{"texture":"#0","uv":[10.5,0.5,11,1]},"up":{"texture":"#0","uv":[2.5,11,2,10.5]},"west":{"texture":"#0","uv":[1.5,10.5,2,11]}},"from":[5,1,10],"rotation":{"angle":0,"axis":"y","origin":[6,1,7]},"to":[6,2,11]},{"faces":{"down":{"texture":"#0","uv":[4.5,10.5,4,11]},"east":{"texture":"#0","uv":[3,10.5,3.5,11]},"north":{"texture":"#0","uv":[10.5,2.5,11,3]},"south":{"texture":"#0","uv":[10.5,3,11,3.5]},"up":{"texture":"#0","uv":[11,4,10.5,3.5]},"west":{"texture":"#0","uv":[3.5,10.5,4,11]}},"from":[10,1,10],"rotation":{"angle":0,"axis":"y","origin":[11,1,7]},"to":[11,2,11]},{"faces":{"down":{"texture":"#0","uv":[6,10.5,5.5,11]},"east":{"texture":"#0","uv":[4.5,10.5,5,11]},"north":{"texture":"#0","uv":[10.5,4,11,4.5]},"south":{"texture":"#0","uv":[10.5,4.5,11,5]},"up":{"texture":"#0","uv":[11,5.5,10.5,5]},"west":{"texture":"#0","uv":[5,10.5,5.5,11]}},"from":[10,1,5],"rotation":{"angle":0,"axis":"y","origin":[11,1,2]},"to":[11,2,6]},{"faces":{"down":{"texture":"#0","uv":[4.5,5.5,4,7.5]},"east":{"texture":"#0","uv":[6,2,8,2.5]},"north":{"texture":"#0","uv":[10,4,10.5,4.5]},"south":{"texture":"#0","uv":[10,4.5,10.5,5]},"up":{"texture":"#0","uv":[4,7.5,3.5,5.5]},"west":{"texture":"#0","uv":[6,2.5,8,3]}},"from":[11,1,6],"rotation":{"angle":0,"axis":"y","origin":[8,1,7]},"to":[12,2,10]},{"faces":{"down":{"texture":"#0","uv":[8,10.5,7.5,11]},"east":{"texture":"#0","uv":[8.5,3,9,4]},"north":{"texture":"#0","uv":[8.5,2,9,3]},"south":{"texture":"#0","uv":[8.5,4,9,5]},"up":{"texture":"#0","uv":[11,7.5,10.5,7]},"west":{"texture":"#0","uv":[5.5,8.5,6,9.5]}},"from":[11,2,5],"rotation":{"angle":0,"axis":"y","origin":[12,2,2]},"to":[12,4,6]},{"faces":{"down":{"texture":"#0","uv":[9.5,10.5,9,11]},"east":{"texture":"#0","uv":[0.5,9,1,10]},"north":{"texture":"#0","uv":[9,0,9.5,1]},"south":{"texture":"#0","uv":[1,9,1.5,10]},"up":{"texture":"#0","uv":[11,9,10.5,8.5]},"west":{"texture":"#0","uv":[9,1,9.5,2]}},"from":[10,2,4],"rotation":{"angle":0,"axis":"y","origin":[11,2,1]},"to":[11,4,5]},{"faces":{"down":{"texture":"#0","uv":[7.5,10.5,7,11]},"east":{"texture":"#0","uv":[8,7.5,8.5,8.5]},"north":{"texture":"#0","uv":[8,6.5,8.5,7.5]},"south":{"texture":"#0","uv":[8.5,0,9,1]},"up":{"texture":"#0","uv":[11,7,10.5,6.5]},"west":{"texture":"#0","uv":[8.5,1,9,2]}},"from":[4,2,10],"rotation":{"angle":0,"axis":"y","origin":[5,2,7]},"to":[5,4,11]},{"faces":{"down":{"texture":"#0","uv":[8.5,10.5,8,11]},"east":{"texture":"#0","uv":[8.5,6.5,9,7.5]},"north":{"texture":"#0","uv":[6.5,8.5,7,9.5]},"south":{"texture":"#0","uv":[7,8.5,7.5,9.5]},"up":{"texture":"#0","uv":[11,8,10.5,7.5]},"west":{"texture":"#0","uv":[7.5,8.5,8,9.5]}},"from":[5,2,11],"rotation":{"angle":0,"axis":"y","origin":[6,2,8]},"to":[6,4,12]},{"faces":{"down":{"texture":"#0","uv":[7,10.5,6.5,11]},"east":{"texture":"#0","uv":[3.5,8,4,9]},"north":{"texture":"#0","uv":[8,3,8.5,4]},"south":{"texture":"#0","uv":[4,8,4.5,9]},"up":{"texture":"#0","uv":[11,6.5,10.5,6]},"west":{"texture":"#0","uv":[8,4,8.5,5]}},"from":[5,2,4],"rotation":{"angle":0,"axis":"y","origin":[6,2,1]},"to":[6,4,5]},{"faces":{"down":{"texture":"#0","uv":[10,10.5,9.5,11]},"east":{"texture":"#0","uv":[9,2,9.5,3]},"north":{"texture":"#0","uv":[1.5,9,2,10]},"south":{"texture":"#0","uv":[2.5,9,3,10]},"up":{"texture":"#0","uv":[11,9.5,10.5,9]},"west":{"texture":"#0","uv":[3,9,3.5,10]}},"from":[4,2,5],"rotation":{"angle":0,"axis":"y","origin":[5,2,2]},"to":[5,4,6]},{"faces":{"down":{"texture":"#0","uv":[9.5,6,7.5,6.5]},"east":{"texture":"#0","uv":[2.5,8,3,9]},"north":{"texture":"#0","uv":[4,1,6,2]},"south":{"texture":"#0","uv":[2,4,4,5]},"up":{"texture":"#0","uv":[9.5,6,7.5,5.5]},"west":{"texture":"#0","uv":[3,8,3.5,9]}},"from":[6,2,3],"rotation":{"angle":0,"axis":"y","origin":[7,2,0]},"to":[10,4,4]},{"faces":{"down":{"texture":"#0","uv":[6.5,7.5,6,9.5]},"east":{"texture":"#0","uv":[0,4,2,5]},"north":{"texture":"#0","uv":[1.5,8,2,9]},"south":{"texture":"#0","uv":[8,2,8.5,3]},"up":{"texture":"#0","uv":[5,9.5,4.5,7.5]},"west":{"texture":"#0","uv":[4,0,6,1]}},"from":[12,2,6],"rotation":{"angle":0,"axis":"y","origin":[9,2,7]},"to":[13,4,10]},{"faces":{"down":{"texture":"#0","uv":[6.5,10.5,6,11]},"east":{"texture":"#0","uv":[0.5,8,1,9]},"north":{"texture":"#0","uv":[8,0,8.5,1]},"south":{"texture":"#0","uv":[1,8,1.5,9]},"up":{"texture":"#0","uv":[11,6,10.5,5.5]},"west":{"texture":"#0","uv":[8,1,8.5,2]}},"from":[11,2,10],"rotation":{"angle":0,"axis":"y","origin":[12,2,7]},"to":[12,4,11]},{"faces":{"down":{"texture":"#0","uv":[9,10.5,8.5,11]},"east":{"texture":"#0","uv":[8,8.5,8.5,9.5]},"north":{"texture":"#0","uv":[8.5,7.5,9,8.5]},"south":{"texture":"#0","uv":[8.5,8.5,9,9.5]},"up":{"texture":"#0","uv":[11,8.5,10.5,8]},"west":{"texture":"#0","uv":[0,9,0.5,10]}},"from":[10,2,11],"rotation":{"angle":0,"axis":"y","origin":[11,2,8]},"to":[11,4,12]},{"faces":{"down":{"texture":"#0","uv":[9.5,5,7.5,5.5]},"east":{"texture":"#0","uv":[7.5,7.5,8,8.5]},"north":{"texture":"#0","uv":[2,2,4,3]},"south":{"texture":"#0","uv":[2,3,4,4]},"up":{"texture":"#0","uv":[4.5,8,2.5,7.5]},"west":{"texture":"#0","uv":[0,8,0.5,9]}},"from":[6,2,12],"rotation":{"angle":0,"axis":"y","origin":[7,2,9]},"to":[10,4,13]},{"faces":{"down":{"texture":"#0","uv":[2.5,7.5,2,9.5]},"east":{"texture":"#0","uv":[2,0,4,1]},"north":{"texture":"#0","uv":[6.5,7.5,7,8.5]},"south":{"texture":"#0","uv":[7,7.5,7.5,8.5]},"up":{"texture":"#0","uv":[5.5,9,5,7]},"west":{"texture":"#0","uv":[2,1,4,2]}},"from":[3,2,6],"rotation":{"angle":0,"axis":"y","origin":[0,2,7]},"to":[4,4,10]},{"faces":{"down":{"texture":"#0","uv":[11,10.5,10.5,11]},"east":{"texture":"#0","uv":[9,6.5,9.5,7.5]},"north":{"texture":"#0","uv":[5,9,5.5,10]},"south":{"texture":"#0","uv":[9,7.5,9.5,8.5]},"up":{"texture":"#0","uv":[11,10.5,10.5,10]},"west":{"texture":"#0","uv":[9,8.5,9.5,9.5]}},"from":[12,4,7.5],"rotation":{"angle":0,"axis":"y","origin":[12,4,5.5]},"to":[13,6,8.5]},{"faces":{"down":{"texture":"#0","uv":[11.5,0,11,0.5]},"east":{"texture":"#0","uv":[9.5,1,10,2]},"north":{"texture":"#0","uv":[9.5,0,10,1]},"south":{"texture":"#0","uv":[2,9.5,2.5,10.5]},"up":{"texture":"#0","uv":[0.5,11.5,0,11]},"west":{"texture":"#0","uv":[9.5,2,10,3]}},"from":[11,5,7.5],"rotation":{"angle":0,"axis":"y","origin":[11,5,5.5]},"to":[12,7,8.5]},{"faces":{"down":{"texture":"#0","uv":[11.5,0.5,11,1]},"east":{"texture":"#0","uv":[9.5,4,10,5]},"north":{"texture":"#0","uv":[9.5,3,10,4]},"south":{"texture":"#0","uv":[4.5,9.5,5,10.5]},"up":{"texture":"#0","uv":[1,11.5,0.5,11]},"west":{"texture":"#0","uv":[9.5,5,10,6]}},"from":[4,5,7.5],"rotation":{"angle":0,"axis":"y","origin":[4,5,5.5]},"to":[5,7,8.5]},{"faces":{"down":{"texture":"#0","uv":[11.5,1,11,1.5]},"east":{"texture":"#0","uv":[6,9.5,6.5,10.5]},"north":{"texture":"#0","uv":[5.5,9.5,6,10.5]},"south":{"texture":"#0","uv":[9.5,6,10,7]},"up":{"texture":"#0","uv":[1.5,11.5,1,11]},"west":{"texture":"#0","uv":[6.5,9.5,7,10.5]}},"from":[5,6,7.5],"rotation":{"angle":0,"axis":"y","origin":[5,6,5.5]},"to":[6,8,8.5]},{"faces":{"down":{"texture":"#0","uv":[11.5,1.5,11,2]},"east":{"texture":"#0","uv":[9.5,7,10,8]},"north":{"texture":"#0","uv":[7,9.5,7.5,10.5]},"south":{"texture":"#0","uv":[7.5,9.5,8,10.5]},"up":{"texture":"#0","uv":[2,11.5,1.5,11]},"west":{"texture":"#0","uv":[8,9.5,8.5,10.5]}},"from":[10,6,7.5],"rotation":{"angle":0,"axis":"y","origin":[10,6,5.5]},"to":[11,8,8.5]},{"faces":{"down":{"texture":"#0","uv":[11.5,2,11,2.5]},"east":{"texture":"#0","uv":[8.5,9.5,9,10.5]},"north":{"texture":"#0","uv":[9.5,8,10,9]},"south":{"texture":"#0","uv":[9,9.5,9.5,10.5]},"up":{"texture":"#0","uv":[2.5,11.5,2,11]},"west":{"texture":"#0","uv":[9.5,9,10,10]}},"from":[9,7,7.5],"rotation":{"angle":0,"axis":"y","origin":[9,6,5.5]},"to":[10,9,8.5]},{"faces":{"down":{"texture":"#0","uv":[11.5,2.5,11,3]},"east":{"texture":"#0","uv":[10,0,10.5,1]},"north":{"texture":"#0","uv":[0,10,0.5,11]},"south":{"texture":"#0","uv":[0.5,10,1,11]},"up":{"texture":"#0","uv":[3,11.5,2.5,11]},"west":{"texture":"#0","uv":[1,10,1.5,11]}},"from":[6,7,7.5],"rotation":{"angle":0,"axis":"y","origin":[6,6,5.5]},"to":[7,9,8.5]},{"faces":{"down":{"texture":"#0","uv":[11,2,10,2.5]},"east":{"texture":"#0","uv":[3,11,3.5,11.5]},"north":{"texture":"#0","uv":[0,7,1,7.5]},"south":{"texture":"#0","uv":[10,1,11,1.5]},"up":{"texture":"#0","uv":[11,2,10,1.5]},"west":{"texture":"#0","uv":[11,3,11.5,3.5]}},"from":[7,8,7.5],"rotation":{"angle":0,"axis":"y","origin":[7,6,5.5]},"to":[9,9,8.5]},{"faces":{"down":{"texture":"#1","uv":[8,2,4,4]},"east":{"texture":"#1","uv":[10,9,12,10]},"north":{"texture":"#1","uv":[8,4,12,5]},"south":{"texture":"#1","uv":[8,5,12,6]},"up":{"texture":"#1","uv":[8,2,4,0]},"west":{"texture":"#1","uv":[10,10,12,11]}},"from":[6.025,1,10],"rotation":{"angle":-22.5,"axis":"x","origin":[7,1,10]},"to":[9.975,2,12]},{"faces":{"down":{"texture":"#1","uv":[10,0,8,4]},"east":{"texture":"#1","uv":[10,2,14,3]},"north":{"texture":"#1","uv":[10,11,12,12]},"south":{"texture":"#1","uv":[0,12,2,13]},"up":{"texture":"#1","uv":[2,12,0,8]},"west":{"texture":"#1","uv":[10,3,14,4]}},"from":[4,1,6.025],"rotation":{"angle":-22.5,"axis":"z","origin":[6,1,7]},"to":[6,2,9.975]},{"faces":{"down":{"texture":"#1","uv":[8,6,4,8]},"east":{"texture":"#1","uv":[6,11,8,12]},"north":{"texture":"#1","uv":[10,0,14,1]},"south":{"texture":"#1","uv":[10,1,14,2]},"up":{"texture":"#1","uv":[8,6,4,4]},"west":{"texture":"#1","uv":[8,11,10,12]}},"from":[6.025,1.75,4],"rotation":{"angle":22.5,"axis":"x","origin":[7,1.75,4]},"to":[9.975,2.75,6]},{"faces":{"down":{"texture":"#1","uv":[6,8,4,12]},"east":{"texture":"#1","uv":[6,10,10,11]},"north":{"texture":"#1","uv":[2,12,4,13]},"south":{"texture":"#1","uv":[4,12,6,13]},"up":{"texture":"#1","uv":[4,12,2,8]},"west":{"texture":"#1","uv":[10,8,14,9]}},"from":[10,1.75,6.025],"rotation":{"angle":22.5,"axis":"z","origin":[12,1.75,7]},"to":[12,2.75,9.975]},{"faces":{"down":{"texture":"#1","uv":[4,4,0,8]},"east":{"texture":"#1","uv":[8,6,12,7]},"north":{"texture":"#1","uv":[6,8,10,9]},"south":{"texture":"#1","uv":[8,7,12,8]},"up":{"texture":"#1","uv":[4,4,0,0]},"west":{"texture":"#1","uv":[6,9,10,10]}},"from":[6.025,1,6],"rotation":{"angle":0,"axis":"x","origin":[7,1,6]},"to":[9.975,2,10]},{"faces":{"down":{"texture":"#1","uv":[13,7,12,8]},"east":{"texture":"#1","uv":[12,5,13,6]},"north":{"texture":"#1","uv":[12,4,13,5]},"south":{"texture":"#1","uv":[6,12,7,13]},"up":{"texture":"#1","uv":[8,13,7,12]},"west":{"texture":"#1","uv":[12,6,13,7]}},"from":[5.05,1.5,5.025],"rotation":{"angle":0,"axis":"x","origin":[4.025,1.5,3.025]},"to":[6,2.5,6.025]},{"faces":{"down":{"texture":"#1","uv":[12,12,11,13]},"east":{"texture":"#1","uv":[9,12,10,13]},"north":{"texture":"#1","uv":[8,12,9,13]},"south":{"texture":"#1","uv":[12,9,13,10]},"up":{"texture":"#1","uv":[13,11,12,10]},"west":{"texture":"#1","uv":[10,12,11,13]}},"from":[10,1.5,5.025],"rotation":{"angle":0,"axis":"x","origin":[8.975,1.5,3.025]},"to":[10.95,2.5,6.025]},{"faces":{"down":{"texture":"#1","uv":[4,13,3,14]},"east":{"texture":"#1","uv":[12,12,13,13]},"north":{"texture":"#1","uv":[12,11,13,12]},"south":{"texture":"#1","uv":[0,13,1,14]},"up":{"texture":"#1","uv":[3,14,2,13]},"west":{"texture":"#1","uv":[1,13,2,14]}},"from":[10,1.5,9.975],"rotation":{"angle":0,"axis":"x","origin":[8.975,1.5,7.975]},"to":[10.95,2.5,10.975]},{"faces":{"down":{"texture":"#1","uv":[14,6,13,7]},"east":{"texture":"#1","uv":[13,4,14,5]},"north":{"texture":"#1","uv":[4,13,5,14]},"south":{"texture":"#1","uv":[5,13,6,14]},"up":{"texture":"#1","uv":[7,14,6,13]},"west":{"texture":"#1","uv":[13,5,14,6]}},"from":[5.05,1.5,9.975],"rotation":{"angle":0,"axis":"x","origin":[4.025,1.5,7.975]},"to":[6,2.5,10.975]},{"faces":{"down":{"texture":"#2","uv":[14,5,12,7]},"east":{"texture":"#2","uv":[8,7,10,10]},"north":{"texture":"#2","uv":[10,7,12,10]},"south":{"texture":"#2","uv":[14,7,16,10]},"up":{"texture":"#2","uv":[12,7,10,5]},"west":{"texture":"#2","uv":[12,7,14,10]}},"from":[8,2,9],"rotation":{"angle":22.5,"axis":"x","origin":[8,2,9]},"to":[10,5,11]},{"faces":{"down":{"texture":"#2","uv":[6,10,4,12]},"east":{"texture":"#2","uv":[0,12,2,15]},"north":{"texture":"#2","uv":[2,12,4,15]},"south":{"texture":"#2","uv":[6,12,8,15]},"up":{"texture":"#2","uv":[4,12,2,10]},"west":{"texture":"#2","uv":[4,12,6,15]}},"from":[5.85,1.5,9],"rotation":{"angle":22.5,"axis":"z","origin":[5.85,1.5,9]},"to":[7.85,4.5,11]},{"faces":{"down":{"texture":"#2","uv":[14,0,12,2]},"east":{"texture":"#2","uv":[8,2,10,5]},"north":{"texture":"#2","uv":[10,2,12,5]},"south":{"texture":"#2","uv":[14,2,16,5]},"up":{"texture":"#2","uv":[12,2,10,0]},"west":{"texture":"#2","uv":[12,2,14,5]}},"from":[9,1.5,7],"rotation":{"angle":-22.5,"axis":"z","origin":[9,1.5,7]},"to":[11,4.5,9]},{"faces":{"down":{"texture":"#2","uv":[6,5,4,7]},"east":{"texture":"#2","uv":[0,7,2,10]},"north":{"texture":"#2","uv":[2,7,4,10]},"south":{"texture":"#2","uv":[6,7,8,10]},"up":{"texture":"#2","uv":[4,7,2,5]},"west":{"texture":"#2","uv":[4,7,6,10]}},"from":[6,2,7],"rotation":{"angle":-45,"axis":"z","origin":[6,2,7]},"to":[8,5,9]},{"faces":{"down":{"texture":"#2","uv":[6,0,4,2]},"east":{"texture":"#2","uv":[0,2,2,5]},"north":{"texture":"#2","uv":[2,2,4,5]},"south":{"texture":"#2","uv":[6,2,8,5]},"up":{"texture":"#2","uv":[4,2,2,0]},"west":{"texture":"#2","uv":[4,2,6,5]}},"from":[4.25,1.25,7.125],"rotation":{"angle":-22.5,"axis":"x","origin":[4.25,1.25,7.125]},"to":[6.25,4.25,9.125]}],"gui_light":"front","parent":"minecraft:bundle","textures":{"0":"spooncraftadditions:item/egg_basket","1":"spooncraftadditions:item/egg_basket_grass","2":"spooncraftadditions:item/egg_basket_eggs","particle":"spooncraftadditions:item/egg_basket"}}