{"display":{"fixed":{"rotation":[0,90,0],"scale":[0.6,0.6,0.6],"translation":[-3.75,1.25,0]},"ground":{"rotation":[0,90,0],"scale":[0.3,0.3,0.3],"translation":[-1.5,2.5,0]},"gui":{"rotation":[26,-51,0],"scale":[0.54,0.54,0.54],"translation":[2,2,0]},"head":{"translation":[0,12,0]},"thirdperson_lefthand":{"rotation":[67.5,0,0],"translation":[0,21,2]},"thirdperson_righthand":{"rotation":[67.5,0,0],"translation":[0,21,2]}},"elements":[{"faces":{"down":{"texture":"#0","uv":[1.5,1.25,0,2.5]},"east":{"texture":"#0","uv":[3.75,2,5,2.5]},"north":{"texture":"#0","uv":[0,3.75,1.5,4.25]},"south":{"texture":"#0","uv":[3.75,0,5.25,0.5]},"up":{"texture":"#0","uv":[1.5,1.25,0,0]},"west":{"texture":"#0","uv":[3,3.75,4.25,4.25]}},"from":[2,5,0],"rotation":{"angle":0,"axis":"y","origin":[2,5,0]},"to":[14,9,10]},{"faces":{"down":{"texture":"#0","uv":[2.75,1.25,1.5,2.5]},"east":{"texture":"#0","uv":[0,6,1.25,6.25]},"north":{"texture":"#0","uv":[5.75,5,7,5.25]},"south":{"texture":"#0","uv":[6,5.75,7.25,6]},"up":{"texture":"#0","uv":[2.75,1.25,1.5,0]},"west":{"texture":"#0","uv":[6,6,7.25,6.25]}},"from":[3,9,0],"rotation":{"angle":0,"axis":"y","origin":[4,9,0]},"to":[13,11,10]},{"faces":{"down":{"texture":"#0","uv":[2.5,2.5,1.25,3.75]},"east":{"texture":"#0","uv":[1.25,6.25,2.5,6.5]},"north":{"texture":"#0","uv":[0,6.25,1.25,6.5]},"south":{"texture":"#0","uv":[6.25,2,7.5,2.25]},"up":{"texture":"#0","uv":[1.25,3.75,0,2.5]},"west":{"texture":"#0","uv":[6.25,2.25,7.5,2.5]}},"from":[3,3,0],"rotation":{"angle":0,"axis":"y","origin":[4,3,0]},"to":[13,5,10]},{"faces":{"down":{"texture":"#0","uv":[3.75,0,2.75,1.25]},"east":{"texture":"#0","uv":[1.5,7,2.75,7.125]},"north":{"texture":"#0","uv":[7.25,6.875,8.25,7]},"south":{"texture":"#0","uv":[1.5,7.375,2.5,7.5]},"up":{"texture":"#0","uv":[3.5,3.75,2.5,2.5]},"west":{"texture":"#0","uv":[7,1.875,8.25,2]}},"from":[4,11,0],"rotation":{"angle":0,"axis":"y","origin":[5,11,0]},"to":[12,12,10]},{"faces":{"down":{"texture":"#0","uv":[4.5,2.5,3.5,3.75]},"east":{"texture":"#0","uv":[7,5.125,8.25,5.25]},"north":{"texture":"#0","uv":[2.5,7.375,3.5,7.5]},"south":{"texture":"#0","uv":[6.5,7.375,7.5,7.5]},"up":{"texture":"#0","uv":[3.75,2.5,2.75,1.25]},"west":{"texture":"#0","uv":[6.5,7,7.75,7.125]}},"from":[4,2,0],"rotation":{"angle":0,"axis":"y","origin":[5,2,0]},"to":[12,3,10]},{"faces":{"down":{"texture":"#0","uv":[1,4.25,0.5,5.5]},"east":{"texture":"#0","uv":[2.75,7,4,7.125]},"north":{"texture":"#0","uv":[7.75,7.125,8.25,7.25]},"south":{"texture":"#0","uv":[7.75,7.25,8.25,7.375]},"up":{"texture":"#0","uv":[0.5,5.5,0,4.25]},"west":{"texture":"#0","uv":[7,5,8.25,5.125]}},"from":[6,12,0],"rotation":{"angle":0,"axis":"y","origin":[7,12,0]},"to":[10,13,10]},{"faces":{"down":{"texture":"#0","uv":[2,4.25,1.5,5.5]},"east":{"texture":"#0","uv":[7,6.5,8.25,6.625]},"north":{"texture":"#0","uv":[7.5,7.75,8,7.875]},"south":{"texture":"#0","uv":[7.75,7.5,8.25,7.625]},"up":{"texture":"#0","uv":[1.5,5.5,1,4.25]},"west":{"texture":"#0","uv":[7,6.625,8.25,6.75]}},"from":[6,1,0],"rotation":{"angle":0,"axis":"y","origin":[7,1,0]},"to":[10,2,10]},{"faces":{"down":{"texture":"#0","uv":[8.5,0,7.25,0.125]},"east":{"texture":"#0","uv":[6.25,8.125,6.375,8.625]},"north":{"texture":"#0","uv":[2,4.75,3.25,5.25]},"south":{"texture":"#0","uv":[3.25,4.75,4.5,5.25]},"up":{"texture":"#0","uv":[7.75,7.25,6.5,7.125]},"west":{"texture":"#0","uv":[6.375,8.125,6.5,8.625]}},"from":[3,5,15],"rotation":{"angle":0,"axis":"y","origin":[3,5,15]},"to":[13,9,16]},{"faces":{"down":{"texture":"#0","uv":[8.75,3.125,7.75,3.25]},"east":{"texture":"#0","uv":[8.25,7.5,8.375,7.75]},"north":{"texture":"#0","uv":[6.5,3.75,7.5,4]},"south":{"texture":"#0","uv":[6.5,5.25,7.5,5.5]},"up":{"texture":"#0","uv":[8.75,3.125,7.75,3]},"west":{"texture":"#0","uv":[7.625,8.25,7.75,8.5]}},"from":[4,9,15],"rotation":{"angle":0,"axis":"y","origin":[5,9,15]},"to":[12,11,16]},{"faces":{"down":{"texture":"#0","uv":[8.75,3.375,7.75,3.5]},"east":{"texture":"#0","uv":[7.75,8.25,7.875,8.5]},"north":{"texture":"#0","uv":[6.5,5.5,7.5,5.75]},"south":{"texture":"#0","uv":[6,6.5,7,6.75]},"up":{"texture":"#0","uv":[8.75,3.375,7.75,3.25]},"west":{"texture":"#0","uv":[7.875,8.25,8,8.5]}},"from":[4,3,15],"rotation":{"angle":0,"axis":"y","origin":[5,3,15]},"to":[12,5,16]},{"faces":{"down":{"texture":"#0","uv":[8.75,2.125,8.25,2.25]},"east":{"texture":"#0","uv":[0.75,8.375,0.875,8.5]},"north":{"texture":"#0","uv":[8.25,1.875,8.75,2]},"south":{"texture":"#0","uv":[2,8.25,2.5,8.375]},"up":{"texture":"#0","uv":[8.75,2.125,8.25,2]},"west":{"texture":"#0","uv":[0.875,8.375,1,8.5]}},"from":[6,11,15],"rotation":{"angle":0,"axis":"y","origin":[7,11,15]},"to":[10,12,16]},{"faces":{"down":{"texture":"#0","uv":[3.5,8.25,3,8.375]},"east":{"texture":"#0","uv":[1,8.375,1.125,8.5]},"north":{"texture":"#0","uv":[8.25,2.25,8.75,2.375]},"south":{"texture":"#0","uv":[8.25,2.375,8.75,2.5]},"up":{"texture":"#0","uv":[3,8.375,2.5,8.25]},"west":{"texture":"#0","uv":[1.125,8.375,1.25,8.5]}},"from":[6,2,15],"rotation":{"angle":0,"axis":"y","origin":[7,2,15]},"to":[10,3,16]},{"faces":{"down":{"texture":"#0","uv":[8.75,4.125,7.75,4.25]},"east":{"texture":"#0","uv":[4,8.25,4.125,8.75]},"north":{"texture":"#0","uv":[5.5,5.25,6.5,5.75]},"south":{"texture":"#0","uv":[2,5.75,3,6.25]},"up":{"texture":"#0","uv":[8.75,4.125,7.75,4]},"west":{"texture":"#0","uv":[4.125,8.25,4.25,8.75]}},"from":[4,5,16],"rotation":{"angle":0,"axis":"y","origin":[4,5,16]},"to":[12,9,17]},{"faces":{"down":{"texture":"#0","uv":[8.75,3.875,8.25,4]},"east":{"texture":"#0","uv":[8,8.25,8.125,8.5]},"north":{"texture":"#0","uv":[5.75,7.625,6.25,7.875]},"south":{"texture":"#0","uv":[0.25,7.75,0.75,8]},"up":{"texture":"#0","uv":[8.75,3.875,8.25,3.75]},"west":{"texture":"#0","uv":[8.125,8.25,8.25,8.5]}},"from":[6,9,16],"rotation":{"angle":0,"axis":"y","origin":[7,9,16]},"to":[10,11,17]},{"faces":{"down":{"texture":"#0","uv":[8.75,4.25,8.25,4.375]},"east":{"texture":"#0","uv":[8.25,8.125,8.375,8.375]},"north":{"texture":"#0","uv":[2.75,7.75,3.25,8]},"south":{"texture":"#0","uv":[4,7.75,4.5,8]},"up":{"texture":"#0","uv":[4.75,8.375,4.25,8.25]},"west":{"texture":"#0","uv":[0,8.375,0.125,8.625]}},"from":[6,3,16],"rotation":{"angle":0,"axis":"y","origin":[7,3,16]},"to":[10,5,17]},{"faces":{"down":{"texture":"#0","uv":[4,7.125,2.75,7.25]},"east":{"texture":"#0","uv":[6.5,8,6.625,8.5]},"north":{"texture":"#0","uv":[4.5,3,5.75,3.5]},"south":{"texture":"#0","uv":[4.5,4.25,5.75,4.75]},"up":{"texture":"#0","uv":[2.75,7.25,1.5,7.125]},"west":{"texture":"#0","uv":[6.625,8,6.75,8.5]}},"from":[3,5,10],"rotation":{"angle":0,"axis":"y","origin":[3,5,10]},"to":[13,9,11]},{"faces":{"down":{"texture":"#0","uv":[8.75,2.625,7.75,2.75]},"east":{"texture":"#0","uv":[8.25,7.125,8.375,7.375]},"north":{"texture":"#0","uv":[4.5,3.5,5.5,3.75]},"south":{"texture":"#0","uv":[2.25,6.5,3.25,6.75]},"up":{"texture":"#0","uv":[8.75,2.625,7.75,2.5]},"west":{"texture":"#0","uv":[7.25,8.25,7.375,8.5]}},"from":[4,9,10],"rotation":{"angle":0,"axis":"y","origin":[5,9,10]},"to":[12,11,11]},{"faces":{"down":{"texture":"#0","uv":[8.75,2.875,7.75,3]},"east":{"texture":"#0","uv":[7.375,8.25,7.5,8.5]},"north":{"texture":"#0","uv":[3.25,6.5,4.25,6.75]},"south":{"texture":"#0","uv":[6.5,3.5,7.5,3.75]},"up":{"texture":"#0","uv":[8.75,2.875,7.75,2.75]},"west":{"texture":"#0","uv":[7.5,8.25,7.625,8.5]}},"from":[4,3,10],"rotation":{"angle":0,"axis":"y","origin":[5,3,10]},"to":[12,5,11]},{"faces":{"down":{"texture":"#0","uv":[8.25,8.125,7.75,8.25]},"east":{"texture":"#0","uv":[8.25,6.875,8.375,7]},"north":{"texture":"#0","uv":[5.75,8.125,6.25,8.25]},"south":{"texture":"#0","uv":[6.75,8.125,7.25,8.25]},"up":{"texture":"#0","uv":[7.75,8.25,7.25,8.125]},"west":{"texture":"#0","uv":[0.375,8.375,0.5,8.5]}},"from":[6,11,10],"rotation":{"angle":0,"axis":"y","origin":[7,11,10]},"to":[10,12,11]},{"faces":{"down":{"texture":"#0","uv":[2,8.25,1.5,8.375]},"east":{"texture":"#0","uv":[0.5,8.375,0.625,8.5]},"north":{"texture":"#0","uv":[0,8.25,0.5,8.375]},"south":{"texture":"#0","uv":[0.5,8.25,1,8.375]},"up":{"texture":"#0","uv":[1.5,8.375,1,8.25]},"west":{"texture":"#0","uv":[0.625,8.375,0.75,8.5]}},"from":[6,2,10],"rotation":{"angle":0,"axis":"y","origin":[7,2,10]},"to":[10,3,11]},{"faces":{"down":{"texture":"#0","uv":[5.25,1.5,3.75,2]},"east":{"texture":"#0","uv":[6.5,0,7,0.5]},"north":{"texture":"#0","uv":[3.75,0.5,5.25,1]},"south":{"texture":"#0","uv":[3.75,1,5.25,1.5]},"up":{"texture":"#0","uv":[3,4.25,1.5,3.75]},"west":{"texture":"#0","uv":[6.5,0.5,7,1]}},"from":[2,5,11],"rotation":{"angle":0,"axis":"y","origin":[2,5,11]},"to":[14,9,15]},{"faces":{"down":{"texture":"#0","uv":[4.5,4.25,3.25,4.75]},"east":{"texture":"#0","uv":[6.75,7.5,7.25,7.75]},"north":{"texture":"#0","uv":[2.5,6.25,3.75,6.5]},"south":{"texture":"#0","uv":[3.75,6.25,5,6.5]},"up":{"texture":"#0","uv":[3.25,4.75,2,4.25]},"west":{"texture":"#0","uv":[7.25,7.5,7.75,7.75]}},"from":[3,9,11],"rotation":{"angle":0,"axis":"y","origin":[4,9,11]},"to":[13,11,15]},{"faces":{"down":{"texture":"#0","uv":[5.75,2.5,4.5,3]},"east":{"texture":"#0","uv":[0.75,7.625,1.25,7.875]},"north":{"texture":"#0","uv":[6,6.25,7.25,6.5]},"south":{"texture":"#0","uv":[0,6.5,1.25,6.75]},"up":{"texture":"#0","uv":[5.5,4.25,4.25,3.75]},"west":{"texture":"#0","uv":[7.625,4.5,8.125,4.75]}},"from":[3,3,11],"rotation":{"angle":0,"axis":"y","origin":[4,3,11]},"to":[13,5,15]},{"faces":{"down":{"texture":"#0","uv":[1,5.5,0,6]},"east":{"texture":"#0","uv":[7.75,7.625,8.25,7.75]},"north":{"texture":"#0","uv":[7.5,7.375,8.5,7.5]},"south":{"texture":"#0","uv":[7.625,4.75,8.625,4.875]},"up":{"texture":"#0","uv":[5.5,5.75,4.5,5.25]},"west":{"texture":"#0","uv":[5.25,8,5.75,8.125]}},"from":[4,11,11],"rotation":{"angle":0,"axis":"y","origin":[5,11,11]},"to":[12,12,15]},{"faces":{"down":{"texture":"#0","uv":[6.5,3.5,5.5,4]},"east":{"texture":"#0","uv":[8,7.75,8.5,7.875]},"north":{"texture":"#0","uv":[7.625,4.875,8.625,5]},"south":{"texture":"#0","uv":[1.75,7.75,2.75,7.875]},"up":{"texture":"#0","uv":[2,6,1,5.5]},"west":{"texture":"#0","uv":[8,7.875,8.5,8]}},"from":[4,2,11],"rotation":{"angle":0,"axis":"y","origin":[5,2,11]},"to":[12,3,15]},{"faces":{"down":{"texture":"#0","uv":[1.75,6.5,1.25,7]},"east":{"texture":"#0","uv":[0.75,8.125,1.25,8.25]},"north":{"texture":"#0","uv":[8,8,8.5,8.125]},"south":{"texture":"#0","uv":[1.75,8.125,2.25,8.25]},"up":{"texture":"#0","uv":[7,1.5,6.5,1]},"west":{"texture":"#0","uv":[2.25,8.125,2.75,8.25]}},"from":[6,12,11],"rotation":{"angle":0,"axis":"y","origin":[7,12,11]},"to":[10,13,15]},{"faces":{"down":{"texture":"#0","uv":[2.25,6.5,1.75,7]},"east":{"texture":"#0","uv":[8.125,4.5,8.625,4.625]},"north":{"texture":"#0","uv":[3.5,8.125,4,8.25]},"south":{"texture":"#0","uv":[8.125,4.625,8.625,4.75]},"up":{"texture":"#0","uv":[7,2,6.5,1.5]},"west":{"texture":"#0","uv":[5.25,8.125,5.75,8.25]}},"from":[6,1,11],"rotation":{"angle":0,"axis":"y","origin":[7,1,11]},"to":[10,2,15]},{"faces":{"down":{"texture":"#0","uv":[0.25,7.875,0,8.125]},"east":{"texture":"#0","uv":[3.5,7.375,3.75,7.875]},"north":{"texture":"#0","uv":[0.25,7.25,0.5,7.75]},"south":{"texture":"#0","uv":[3.75,7.375,4,7.875]},"up":{"texture":"#0","uv":[5.75,8,5.5,7.75]},"west":{"texture":"#0","uv":[1.5,7.5,1.75,8]}},"from":[11,5,-1],"name":"front","rotation":{"angle":0,"axis":"y","origin":[11,5,-1]},"to":[13,9,1]},{"faces":{"down":{"texture":"#0","uv":[2.75,7.875,2.5,8.125]},"east":{"texture":"#0","uv":[4.75,7.5,5,8]},"north":{"texture":"#0","uv":[3.25,7.5,3.5,8]},"south":{"texture":"#0","uv":[7.5,5.25,7.75,5.75]},"up":{"texture":"#0","uv":[2.5,8.125,2.25,7.875]},"west":{"texture":"#0","uv":[6.5,7.5,6.75,8]}},"from":[3,5,-1],"name":"front","rotation":{"angle":0,"axis":"y","origin":[3,5,-1]},"to":[5,9,1]},{"faces":{"down":{"texture":"#0","uv":[7.25,7.875,7,8.125]},"east":{"texture":"#0","uv":[3.75,7.875,4,8.125]},"north":{"texture":"#0","uv":[3.5,7.875,3.75,8.125]},"south":{"texture":"#0","uv":[5.75,7.875,6,8.125]},"up":{"texture":"#0","uv":[7,8.125,6.75,7.875]},"west":{"texture":"#0","uv":[6,7.875,6.25,8.125]}},"from":[4,9,-1],"name":"front","rotation":{"angle":0,"axis":"y","origin":[4,9,-1]},"to":[6,11,1]},{"faces":{"down":{"texture":"#0","uv":[1.75,8,1.5,8.25]},"east":{"texture":"#0","uv":[7.5,7.875,7.75,8.125]},"north":{"texture":"#0","uv":[7.25,7.875,7.5,8.125]},"south":{"texture":"#0","uv":[7.75,7.875,8,8.125]},"up":{"texture":"#0","uv":[0.75,8.25,0.5,8]},"west":{"texture":"#0","uv":[0.25,8,0.5,8.25]}},"from":[4,3,-1],"name":"front","rotation":{"angle":0,"axis":"y","origin":[4,3,-1]},"to":[6,5,1]},{"faces":{"down":{"texture":"#0","uv":[8.25,3.5,8,3.75]},"east":{"texture":"#0","uv":[8,2.25,8.25,2.5]},"north":{"texture":"#0","uv":[8,2,8.25,2.25]},"south":{"texture":"#0","uv":[2.75,8,3,8.25]},"up":{"texture":"#0","uv":[3.5,8.25,3.25,8]},"west":{"texture":"#0","uv":[3,8,3.25,8.25]}},"from":[10,9,-1],"name":"front","rotation":{"angle":0,"axis":"y","origin":[10,9,-1]},"to":[12,11,1]},{"faces":{"down":{"texture":"#0","uv":[5.25,8,5,8.25]},"east":{"texture":"#0","uv":[4,8,4.25,8.25]},"north":{"texture":"#0","uv":[8,3.75,8.25,4]},"south":{"texture":"#0","uv":[4.25,8,4.5,8.25]},"up":{"texture":"#0","uv":[5,8.25,4.75,8]},"west":{"texture":"#0","uv":[4.5,8,4.75,8.25]}},"from":[10,3,-1],"name":"front","rotation":{"angle":0,"axis":"y","origin":[10,3,-1]},"to":[12,5,1]},{"faces":{"down":{"texture":"#0","uv":[8,2.25,7.5,2.5]},"east":{"texture":"#0","uv":[0.75,7.875,1,8.125]},"north":{"texture":"#0","uv":[1.75,7.5,2.25,7.75]},"south":{"texture":"#0","uv":[7.5,2,8,2.25]},"up":{"texture":"#0","uv":[2.75,7.75,2.25,7.5]},"west":{"texture":"#0","uv":[1,7.875,1.25,8.125]}},"from":[6,10,-1],"name":"front","rotation":{"angle":0,"axis":"y","origin":[6,10,-1]},"to":[10,12,1]},{"faces":{"down":{"texture":"#0","uv":[4.75,7.5,4.25,7.75]},"east":{"texture":"#0","uv":[1.75,7.875,2,8.125]},"north":{"texture":"#0","uv":[2.75,7.5,3.25,7.75]},"south":{"texture":"#0","uv":[7.5,3.5,8,3.75]},"up":{"texture":"#0","uv":[8,4,7.5,3.75]},"west":{"texture":"#0","uv":[2,7.875,2.25,8.125]}},"from":[6,2,-1],"name":"front","rotation":{"angle":0,"axis":"y","origin":[6,2,-1]},"to":[10,4,1]},{"faces":{"down":{"texture":"#0","uv":[8.5,3.5,8.25,3.75]},"east":{"texture":"#0","uv":[4.5,6.5,4.75,7.5]},"north":{"texture":"#0","uv":[4.25,6.5,4.5,7.5]},"south":{"texture":"#0","uv":[4.75,6.5,5,7.5]},"up":{"texture":"#0","uv":[3.75,8.5,3.5,8.25]},"west":{"texture":"#0","uv":[5,6.625,5.25,7.625]}},"from":[7,-4,14],"name":"handle","rotation":{"angle":-22.5,"axis":"x","origin":[7,-4,14]},"to":[9,4,16]},{"faces":{"down":{"texture":"#0","uv":[6,8.25,5.75,8.5]},"east":{"texture":"#0","uv":[5.25,7.125,5.5,7.75]},"north":{"texture":"#0","uv":[4,7,4.25,7.625]},"south":{"texture":"#0","uv":[5.5,7.125,5.75,7.75]},"up":{"texture":"#0","uv":[5.75,8.5,5.5,8.25]},"west":{"texture":"#0","uv":[0,7.25,0.25,7.875]}},"from":[7,1,20],"name":"handle","rotation":{"angle":-22.5,"axis":"x","origin":[7,1,20]},"to":[9,6,22]},{"faces":{"down":{"texture":"#0","uv":[0.75,6.75,0.5,7.75]},"east":{"texture":"#0","uv":[2.25,6.75,3.25,7]},"north":{"texture":"#0","uv":[6,8.25,6.25,8.5]},"south":{"texture":"#0","uv":[8.25,6.5,8.5,6.75]},"up":{"texture":"#0","uv":[6,7.625,5.75,6.625]},"west":{"texture":"#0","uv":[6.75,2.5,7.75,2.75]}},"from":[7,1,20],"name":"handle","rotation":{"angle":0,"axis":"x","origin":[7,1,25]},"to":[9,3,28]},{"faces":{"down":{"texture":"#0","uv":[4.75,7.75,4.5,8]},"east":{"texture":"#0","uv":[7,0.625,7.25,1.25]},"north":{"texture":"#0","uv":[7,0,7.25,0.625]},"south":{"texture":"#0","uv":[1.25,7,1.5,7.625]},"up":{"texture":"#0","uv":[5.75,4.25,5.5,4]},"west":{"texture":"#0","uv":[7,1.25,7.25,1.875]}},"from":[7,-1.9,27.2],"name":"handle","rotation":{"angle":-22.5,"axis":"x","origin":[7,0,29]},"to":[9,3.1,29.2]},{"faces":{"down":{"texture":"#0","uv":[8.5,0.25,7.25,0.375]},"east":{"texture":"#0","uv":[3.75,8.25,3.875,8.75]},"north":{"texture":"#0","uv":[4.5,4.75,5.75,5.25]},"south":{"texture":"#0","uv":[5,2,6.25,2.5]},"up":{"texture":"#0","uv":[8.5,0.25,7.25,0.125]},"west":{"texture":"#0","uv":[3.875,8.25,4,8.75]}},"from":[3,5,17],"rotation":{"angle":0,"axis":"y","origin":[3,5,17]},"to":[13,9,18]},{"faces":{"down":{"texture":"#0","uv":[8.5,0.5,7.25,0.625]},"east":{"texture":"#0","uv":[4.75,8.25,4.875,8.75]},"north":{"texture":"#0","uv":[5.25,0,6.5,0.5]},"south":{"texture":"#0","uv":[5.25,0.5,6.5,1]},"up":{"texture":"#0","uv":[8.5,0.5,7.25,0.375]},"west":{"texture":"#0","uv":[4.875,8.25,5,8.75]}},"from":[3,5,22],"rotation":{"angle":0,"axis":"y","origin":[3,5,22]},"to":[13,9,23]},{"faces":{"down":{"texture":"#0","uv":[6.5,1.5,5.25,2]},"east":{"texture":"#0","uv":[8.25,4.375,8.75,4.5]},"north":{"texture":"#0","uv":[7.25,0.625,8.5,0.75]},"south":{"texture":"#0","uv":[7.25,0.75,8.5,0.875]},"up":{"texture":"#0","uv":[6.5,1.5,5.25,1]},"west":{"texture":"#0","uv":[5,8.25,5.5,8.375]}},"from":[3,9,18],"rotation":{"angle":0,"axis":"y","origin":[3,9,18]},"to":[13,10,22]},{"faces":{"down":{"texture":"#0","uv":[4.5,5.25,3.25,5.75]},"east":{"texture":"#0","uv":[8.25,5,8.75,5.125]},"north":{"texture":"#0","uv":[7.25,0.875,8.5,1]},"south":{"texture":"#0","uv":[7.25,1,8.5,1.125]},"up":{"texture":"#0","uv":[3.25,5.75,2,5.25]},"west":{"texture":"#0","uv":[8.25,5.125,8.75,5.25]}},"from":[3,4,18],"rotation":{"angle":0,"axis":"y","origin":[3,4,18]},"to":[13,5,22]},{"faces":{"down":{"texture":"#0","uv":[2.75,7.25,1.5,7.375]},"east":{"texture":"#0","uv":[1.25,8.375,1.375,8.5]},"north":{"texture":"#0","uv":[7.25,1.125,8.5,1.25]},"south":{"texture":"#0","uv":[7.25,1.25,8.5,1.375]},"up":{"texture":"#0","uv":[8.5,1.5,7.25,1.375]},"west":{"texture":"#0","uv":[1.375,8.375,1.5,8.5]}},"from":[3,5,18],"rotation":{"angle":0,"axis":"y","origin":[3,5,18]},"to":[13,6,19]},{"faces":{"down":{"texture":"#0","uv":[4,7.25,2.75,7.375]},"east":{"texture":"#0","uv":[1.5,8.375,1.625,8.5]},"north":{"texture":"#0","uv":[7.25,1.5,8.5,1.625]},"south":{"texture":"#0","uv":[7.25,1.625,8.5,1.75]},"up":{"texture":"#0","uv":[8.5,1.875,7.25,1.75]},"west":{"texture":"#0","uv":[1.625,8.375,1.75,8.5]}},"from":[3,8,18],"rotation":{"angle":0,"axis":"y","origin":[3,8,18]},"to":[13,9,19]},{"faces":{"down":{"texture":"#0","uv":[8.5,6.125,7.25,6.25]},"east":{"texture":"#0","uv":[1.75,8.375,1.875,8.5]},"north":{"texture":"#0","uv":[7.25,5.75,8.5,5.875]},"south":{"texture":"#0","uv":[7.25,5.875,8.5,6]},"up":{"texture":"#0","uv":[8.5,6.125,7.25,6]},"west":{"texture":"#0","uv":[1.875,8.375,2,8.5]}},"from":[3,5,21],"rotation":{"angle":0,"axis":"y","origin":[3,5,21]},"to":[13,6,22]},{"faces":{"down":{"texture":"#0","uv":[5,5.75,4,6.25]},"east":{"texture":"#0","uv":[5.25,6.625,5.75,7.125]},"north":{"texture":"#0","uv":[5.75,2.5,6.75,3]},"south":{"texture":"#0","uv":[3,5.75,4,6.25]},"up":{"texture":"#0","uv":[6.75,3.5,5.75,3]},"west":{"texture":"#0","uv":[0,6.75,0.5,7.25]}},"from":[4,5,18],"rotation":{"angle":0,"axis":"y","origin":[4,5,18]},"to":[12,9,22]},{"faces":{"down":{"texture":"#0","uv":[8.5,6.75,7.25,6.875]},"east":{"texture":"#0","uv":[2,8.375,2.125,8.5]},"north":{"texture":"#0","uv":[7.25,6.25,8.5,6.375]},"south":{"texture":"#0","uv":[7.25,6.375,8.5,6.5]},"up":{"texture":"#0","uv":[7.75,7.375,6.5,7.25]},"west":{"texture":"#0","uv":[2.125,8.375,2.25,8.5]}},"from":[3,8,21],"rotation":{"angle":0,"axis":"y","origin":[3,8,21]},"to":[13,9,22]},{"faces":{"down":{"texture":"#0","uv":[7.75,3,6.75,3.25]},"east":{"texture":"#0","uv":[1.25,7.625,1.5,8.125]},"north":{"texture":"#0","uv":[5.75,4,6.75,4.5]},"south":{"texture":"#0","uv":[5.75,4.5,6.75,5]},"up":{"texture":"#0","uv":[7.75,3,6.75,2.75]},"west":{"texture":"#0","uv":[6.25,7.625,6.5,8.125]}},"from":[4,5,24],"rotation":{"angle":0,"axis":"y","origin":[4,5,24]},"to":[12,9,26]},{"faces":{"down":{"texture":"#0","uv":[7.75,4.25,6.75,4.5]},"east":{"texture":"#0","uv":[6.75,8.25,7,8.5]},"north":{"texture":"#0","uv":[3.25,6.75,4.25,7]},"south":{"texture":"#0","uv":[6.75,3.25,7.75,3.5]},"up":{"texture":"#0","uv":[7.75,4.25,6.75,4]},"west":{"texture":"#0","uv":[7,8.25,7.25,8.5]}},"from":[4,6,26],"rotation":{"angle":0,"axis":"y","origin":[4,6,26]},"to":[12,8,28]},{"faces":{"down":{"texture":"#0","uv":[8.5,7,7.75,7.125]},"east":{"texture":"#0","uv":[0.125,8.375,0.25,8.625]},"north":{"texture":"#0","uv":[1.25,6,2,6.25]},"south":{"texture":"#0","uv":[6.5,6.75,7.25,7]},"up":{"texture":"#0","uv":[7.5,7.875,6.75,7.75]},"west":{"texture":"#0","uv":[0.25,8.375,0.375,8.625]}},"from":[5,6,23],"rotation":{"angle":0,"axis":"y","origin":[5,6,23]},"to":[11,8,24]},{"faces":{"down":{"texture":"#0","uv":[1.25,6.75,1,7.625]},"east":{"texture":"#0","uv":[7.75,5.25,8.625,5.375]},"north":{"texture":"#0","uv":[4,7.625,4.25,7.75]},"south":{"texture":"#0","uv":[5,7.625,5.25,7.75]},"up":{"texture":"#0","uv":[1,7.625,0.75,6.75]},"west":{"texture":"#0","uv":[7.75,5.375,8.625,5.5]}},"from":[7,6,16.4],"rotation":{"angle":-22.5,"axis":"x","origin":[7,6,16]},"to":[9,7,23.4]},{"faces":{"down":{"texture":"#0","uv":[6.5,6.75,6.25,7.625]},"east":{"texture":"#0","uv":[7.75,5.5,8.625,5.625]},"north":{"texture":"#0","uv":[0,8.125,0.25,8.25]},"south":{"texture":"#0","uv":[1.25,8.125,1.5,8.25]},"up":{"texture":"#0","uv":[6.25,7.625,6,6.75]},"west":{"texture":"#0","uv":[7.75,5.625,8.625,5.75]}},"from":[7,9,15.2],"rotation":{"angle":-22.5,"axis":"x","origin":[7,9,16]},"to":[9,10,22.2]},{"faces":{"down":{"texture":"#0","uv":[6,5.75,5.5,6.625]},"east":{"texture":"#0","uv":[6.75,4.5,7.625,4.75]},"north":{"texture":"#0","uv":[7.75,4.25,8.25,4.5]},"south":{"texture":"#0","uv":[5,7.75,5.5,8]},"up":{"texture":"#0","uv":[5.5,6.625,5,5.75]},"west":{"texture":"#0","uv":[6.75,4.75,7.625,5]}},"from":[6,7,16],"rotation":{"angle":-22.5,"axis":"x","origin":[6,7,16]},"to":[10,9,23]}],"texture_size":[128,128],"textures":{"0":"spooncraftadditions:item/shrink_ray","particle":"spooncraftadditions:item/shrink_ray"}}