{"providers":[{"advances":{"-":-8,".":-169,"_":-98},"type":"space"},{"ascent":13,"chars":["1"],"file":"spooncraftadditions:gui/gift_box.png","height":256,"type":"bitmap"},{"ascent":13,"chars":["2"],"file":"spooncraftadditions:gui/gift_box_rewards.png","height":256,"type":"bitmap"},{"ascent":13,"chars":["3"],"file":"spooncraftadditions:gui/gift_box_claimed.png","height":256,"type":"bitmap"},{"ascent":13,"chars":["4"],"file":"spooncraftadditions:gui/gift_box_all.png","height":256,"type":"bitmap"},{"ascent":13,"chars":["5"],"file":"spooncraftadditions:gui/gift_box_rewards_empty.png","height":256,"type":"bitmap"},{"ascent":13,"chars":["6"],"file":"spooncraftadditions:gui/gift_box_claimed_empty.png","height":256,"type":"bitmap"}]}