{"ambientocclusion":false,"elements":[{"faces":{"down":{"texture":"#sign","uv":[6.5,0.0,12.5,1.0]},"east":{"texture":"#sign","uv":[0.0,1.0,0.5,7.0]},"north":{"texture":"#sign","uv":[0.5,1.0,6.5,7.0]},"south":{"texture":"#sign","uv":[7.0,1.0,13.0,7.0]},"up":{"texture":"#sign","uv":[0.5,0.0,6.5,1.0]},"west":{"texture":"#sign","uv":[6.5,1.0,7.0,7.0]}},"from":[-0.04,4.2933,14.2933],"rotation":{"angle":0.0,"axis":"y","origin":[8.0,3.0,15.0]},"to":[16.04,12.3733,15.70663]}],"textures":{"particle":"#sign","sign":"minecraft:block/stone"}}