{"ambientocclusion":false,"elements":[{"faces":{"down":{"cullface":"down","texture":"#sign","uv":[1.0,7.0,1.5,8.0]},"east":{"texture":"#sign","uv":[0.0,8.0,0.5,15.0]},"north":{"texture":"#sign","uv":[0.5,8.0,1.0,15.0]},"south":{"texture":"#sign","uv":[1.5,8.0,2.0,15.0]},"west":{"texture":"#sign","uv":[1.0,8.0,1.5,15.0]}},"from":[7.2933,-0.04,7.2933],"to":[8.706629999999999,9.37333,8.706629999999999]},{"faces":{"down":{"texture":"#sign","uv":[6.5,0.0,12.5,1.0]},"east":{"texture":"#sign","uv":[0.0,1.0,0.5,7.0]},"north":{"texture":"#sign","uv":[0.5,1.0,6.5,7.0]},"south":{"texture":"#sign","uv":[7.0,1.0,13.0,7.0]},"up":{"texture":"#sign","uv":[0.5,0.0,6.5,1.0]},"west":{"texture":"#sign","uv":[6.5,1.0,7.0,7.0]}},"from":[-0.04,9.2933,7.2933],"to":[16.04,17.3733,8.706629999999999]}],"textures":{"particle":"#sign","sign":"minecraft:block/stone"}}