{
  "providers": [
    {
      "type": "space",
      "advances": {
        " ": 2
      }
    },
    {
      "type": "bitmap",
      "file": "spooncraft:font/role/admin.png",
      "chars": [
        "\ue110"
      ],
      "ascent": 7,
      "height": 8
    },
    {
      "type": "bitmap",
      "file": "spooncraft:font/role/mod.png",
      "chars": [
        "\ue111"
      ],
      "ascent": 7,
      "height": 8
    },
    {
      "type": "bitmap",
      "file": "spooncraft:font/role/helper.png",
      "chars": [
        "\ue112"
      ],
      "ascent": 7,
      "height": 8
    },
    {
      "type": "bitmap",
      "file": "spooncraft:font/role/event_staff.png",
      "chars": [
        "\ue113"
      ],
      "ascent": 7,
      "height": 8
    }
  ]
}
