{"hand_animation_on_swap":false,"model":{"entries":[{"model":{"model":"spooncraftadditions:item/spooncraft_sword/1","type":"minecraft:model"},"threshold":0},{"model":{"model":"spooncraftadditions:item/spooncraft_sword/2","type":"minecraft:model"},"threshold":1},{"model":{"model":"spooncraftadditions:item/spooncraft_sword/3","type":"minecraft:model"},"threshold":2},{"model":{"model":"spooncraftadditions:item/spooncraft_sword/4","type":"minecraft:model"},"threshold":3},{"model":{"model":"spooncraftadditions:item/spooncraft_sword/5","type":"minecraft:model"},"threshold":4},{"model":{"model":"spooncraftadditions:item/spooncraft_sword/6","type":"minecraft:model"},"threshold":5}],"property":"minecraft:custom_model_data","type":"minecraft:range_dispatch"}}