{"providers":[{"ascent":8,"chars":["󰀀󰀁󰀂󰀃󰀄󰀅󰀆󰀇󰀈󰀉󰀊󰀋©®‼⁉","™ℹ↔↕↖↗↘↙↩↪⌚⌛⌨⏏⏩⏪","⏫⏬⏭⏮⏯⏰⏱⏲⏳⏸⏹⏺Ⓜ▪▫▶","◀◻◼◽◾☀☁☂☃☄☎☑☔☕☘☝","󰀌󰀍󰀎󰀏󰀐☠☢☣☦☪☮☯☸☹☺♀","♂♈♉♊♋♌♍♎♏♐♑♒♓♟♠♣","♥♦♨♻♾♿⚒⚓⚔⚕⚖⚗⚙⚛⚜⚠","⚡⚧⚪⚫⚰⚱⚽⚾⛄⛅⛈⛎⛏⛑⛓󰀑","⛔⛩⛪⛰⛱⛲⛳⛴⛵⛷󰀒󰀓󰀔󰀕󰀖⛸","⛹󰀗󰀘󰀙󰀚󰀛󰀜󰀝󰀞󰀟󰀠󰀡󰀢󰀣󰀤󰀥","󰀦󰀧⛺⛽✂✅✈✉✊󰀨󰀩󰀪󰀫󰀬✋󰀭","󰀮󰀯󰀰󰀱✌󰀲󰀳󰀴󰀵󰀶✍󰀷󰀸󰀹󰀺󰀻","✏✒✔✖✝✡✨✳✴❄❇❌❎❓❔❕","❗❣❤󰀼󰀽➕➖➗➡➰➿⤴⤵⬅⬆⬇","⬛⬜⭐⭕〰〽㊗㊙🀄🃏🅰🅱🅾🅿🆎🆑","🆒🆓🆔🆕🆖🆗🆘🆙🆚🇦🇧🇨🇩🇪🇫🇬","🇭🇮🇯🇰🇱🇲🇳🇴🇵🇶🇷🇸🇹🇺🇻🇼","🇽🇾🇿🈁🈂🈚🈯🈲🈳🈴🈵🈶🈷🈸🈹🈺","🉐🉑🌀🌁🌂🌃🌄🌅🌆🌇🌈🌉🌊🌋🌌🌍","🌎🌏🌐🌑🌒🌓🌔🌕🌖🌗🌘🌙🌚🌛🌜🌝","🌞🌟🌠🌡🌤🌥🌦🌧🌨🌩🌪🌫🌬🌭🌮🌯","🌰🌱🌲🌳🌴🌵🌶🌷🌸🌹🌺🌻🌼🌽🌾🌿","🍀🍁🍂🍃🍄󰅀🍅🍆🍇🍈🍉🍊🍋󰅁🍌🍍","🍎🍏🍐🍑🍒🍓🍔🍕🍖🍗🍘🍙🍚🍛🍜🍝","🍞🍟🍠🍡🍢🍣🍤🍥🍦🍧🍨🍩🍪🍫🍬🍭","🍮🍯🍰🍱🍲🍳🍴🍵🍶🍷🍸🍹🍺🍻🍼🍽","🍾🍿🎀🎁🎂🎃🎄🎅󰅂󰅃󰅄󰅅󰅆🎆🎇🎈","🎉🎊🎋🎌🎍🎎🎏🎐🎑🎒🎓🎖🎗🎙🎚🎛","🎞🎟🎠🎡🎢🎣🎤🎥🎦🎧🎨🎩🎪🎫🎬🎭","🎮🎯🎰🎱🎲🎳🎴🎵🎶🎷🎸🎹🎺🎻🎼🎽","🎾🎿🏀🏁🏂󰅇󰅈󰅉󰅊󰅋🏃󰅌󰅍󰅎󰅏󰅐","󰅑󰅒󰅓󰅔󰅕󰅖󰅗󰅘󰅙󰅚󰅛󰅜󰅝󰅞󰅟󰅠","󰅡󰅢󰅣󰅤󰅥󰅦󰅧󰅨󰅩󰅪󰅫󰅬󰅭󰅮🏄󰅯","󰅰󰅱󰅲󰅳󰅴󰅵󰅶󰅷󰅸󰅹󰅺󰅻󰅼󰅽󰅾󰅿","🏅🏆🏇󰆀󰆁󰆂󰆃󰆄🏈🏉🏊󰆅󰆆󰆇󰆈󰆉","󰆊󰆋󰆌󰆍󰆎󰆏󰆐󰆑󰆒󰆓󰆔󰆕🏋󰆖󰆗󰆘","󰆙󰆚󰆛󰆜󰆝󰆞󰆟󰆠󰆡󰆢󰆣󰆤󰆥󰆦🏌󰆧","󰆨󰆩󰆪󰆫󰆬󰆭󰆮󰆯󰆰󰆱󰆲󰆳󰆴󰆵󰆶󰆷","🏍🏎🏏🏐🏑🏒🏓🏔🏕🏖🏗🏘🏙🏚🏛🏜","🏝🏞🏟🏠🏡🏢🏣🏤🏥🏦🏧🏨🏩🏪🏫🏬","🏭🏮🏯🏰🏳󰆸󰆹🏴󰆺󰆻󰆼󰆽🏵🏷🏸🏹","🏺🏻🏼🏽🏾🏿🐀🐁🐂🐃🐄🐅🐆🐇🐈󰆾","🐉🐊🐋🐌🐍🐎🐏🐐🐑🐒🐓🐔🐕󰆿🐖🐗","🐘🐙🐚🐛🐜🐝🐞🐟🐠🐡🐢🐣🐤🐥🐦󰇀","󰇁🐧🐨🐩🐪🐫🐬🐭🐮🐯🐰🐱🐲🐳🐴🐵","🐶🐷🐸🐹🐺🐻󰇂🐼🐽🐾🐿👀👁󰇃👂󰇄","󰇅󰇆󰇇󰇈👃󰇉󰇊󰇋󰇌󰇍👄👅👆󰇎󰇏󰇐","󰇑󰇒👇󰇓󰇔󰇕󰇖󰇗👈󰇘󰇙󰇚󰇛󰇜👉󰇝","󰇞󰇟󰇠󰇡👊󰇢󰇣󰇤󰇥󰇦👋󰇧󰇨󰇩󰇪󰇫","👌󰇬󰇭󰇮󰇯󰇰👍󰇱󰇲󰇳󰇴󰇵👎󰇶󰇷󰇸","󰇹󰇺👏󰇻󰇼󰇽󰇾󰇿👐󰈀󰈁󰈂󰈃󰈄👑👒","👓👔👕👖👗👘👙👚👛👜👝👞👟👠👡👢","👣👤👥👦󰈅󰈆󰈇󰈈󰈉👧󰈊󰈋󰈌󰈍󰈎👨","󰈏󰈐󰈑󰈒󰈓󰈔󰈕󰈖󰈗󰈘󰈙󰈚󰈛󰈜󰈝󰈞","󰈟󰈠󰈡󰈢󰈣󰈤󰈥󰈦󰈧󰈨󰈩󰈪󰈫󰈬󰈭󰈮","󰈯󰈰󰈱󰈲󰈳󰈴󰈵󰈶󰈷󰈸󰈹󰈺󰈻󰈼󰈽󰈾","󰈿󰉀󰉁󰉂󰉃󰉄󰉅󰉆󰉇󰉈󰉉󰉊󰉋󰉌󰉍󰉎","󰉏󰉐󰉑󰉒󰉓󰉔󰉕󰉖󰉗󰉘󰉙󰉚󰉛󰉜󰉝󰉞","󰉟󰉠󰉡󰉢󰉣󰉤󰉥󰉦󰉧󰉨󰉩󰉪󰉫󰉬󰉭󰉮","󰉯󰉰󰉱󰉲󰉳󰉴󰉵󰉶󰉷󰉸󰉹󰉺󰉻󰉼󰉽󰉾","󰉿󰊀󰊁󰊂󰊃󰊄󰊅󰊆󰊇󰊈󰊉󰊊󰊋󰊌󰊍󰊎","󰊏󰊐󰊑󰊒󰊓󰊔󰊕󰊖󰊗󰊘󰊙󰊚󰊛󰊜󰊝󰊞","󰊟󰊠󰊡󰊢󰊣󰊤󰊥󰊦󰊧󰊨󰊩󰊪󰊫󰊬󰊭󰊮","󰊯󰊰󰊱󰊲󰊳󰊴󰊵󰊶󰊷󰊸󰊹󰊺󰊻󰊼󰊽󰊾","󰊿󰋀󰋁󰋂󰋃󰋄󰋅󰋆󰋇󰋈󰋉󰋊󰋋󰋌󰋍󰋎","󰋏󰋐󰋑󰋒󰋓󰋔󰋕󰋖󰋗󰋘󰋙󰋚󰋛󰋜󰋝󰋞","󰋟󰋠󰋡󰋢󰋣󰋤󰋥󰋦󰋧󰋨󰋩󰋪󰋫󰋬󰋭󰋮","󰋯󰋰󰋱󰋲󰋳󰋴󰋵󰋶󰋷󰋸󰋹󰋺󰋻󰋼󰋽󰋾","󰋿󰌀󰌁󰌂󰌃󰌄󰌅󰌆󰌇󰌈󰌉󰌊󰌋󰌌󰌍󰌎","󰌏󰌐󰌑󰌒👩󰌓󰌔󰌕󰌖󰌗󰌘󰌙󰌚󰌛󰌜󰌝","󰌞󰌟󰌠󰌡󰌢󰌣󰌤󰌥󰌦󰌧󰌨󰌩󰌪󰌫󰌬󰌭","󰌮󰌯󰌰󰌱󰌲󰌳󰌴󰌵󰌶󰌷󰌸󰌹󰌺󰌻󰌼󰌽","󰌾󰌿󰍀󰍁󰍂󰍃󰍄󰍅󰍆󰍇󰍈󰍉󰍊󰍋󰍌󰍍","󰍎󰍏󰍐󰍑󰍒󰍓󰍔󰍕󰍖󰍗󰍘󰍙󰍚󰍛󰍜󰍝","󰍞󰍟󰍠󰍡󰍢󰍣󰍤󰍥󰍦󰍧󰍨󰍩󰍪󰍫󰍬󰍭","󰍮󰍯󰍰󰍱󰍲󰍳󰍴󰍵󰍶󰍷󰍸󰍹󰍺󰍻󰍼󰍽","󰍾󰍿󰎀󰎁󰎂󰎃󰎄󰎅󰎆󰎇󰎈󰎉󰎊󰎋󰎌󰎍","󰎎󰎏󰎐󰎑󰎒󰎓󰎔󰎕󰎖󰎗󰎘󰎙󰎚󰎛󰎜󰎝","󰎞󰎟󰎠󰎡󰎢󰎣󰎤󰎥󰎦󰎧󰎨󰎩󰎪󰎫󰎬󰎭","󰎮󰎯󰎰󰎱󰎲󰎳󰎴󰎵󰎶󰎷󰎸󰎹󰎺󰎻󰎼󰎽","󰎾󰎿󰏀󰏁󰏂󰏃󰏄󰏅󰏆󰏇󰏈󰏉󰏊󰏋󰏌󰏍","󰏎󰏏󰏐󰏑󰏒󰏓󰏔󰏕󰏖󰏗󰏘󰏙󰏚󰏛󰏜󰏝","󰏞󰏟󰏠󰏡󰏢󰏣󰏤󰏥󰏦󰏧󰏨󰏩󰏪󰏫󰏬󰏭","󰏮󰏯󰏰󰏱󰏲󰏳󰏴󰏵󰏶󰏷󰏸󰏹󰏺󰏻󰏼󰏽","󰏾󰏿󰐀󰐁󰐂󰐃󰐄󰐅󰐆󰐇󰐈󰐉󰐊󰐋󰐌󰐍","󰐎󰐏󰐐󰐑󰐒󰐓󰐔󰐕󰐖󰐗󰐘󰐙󰐚󰐛󰐜󰐝","󰐞󰐟󰐠󰐡󰐢󰐣󰐤󰐥󰐦󰐧󰐨󰐩󰐪󰐫󰐬󰐭","󰐮󰐯󰐰󰐱󰐲󰐳󰐴󰐵󰐶󰐷󰐸󰐹󰐺󰐻󰐼󰐽","󰐾󰐿󰑀󰑁󰑂󰑃󰑄󰑅󰑆󰑇󰑈󰑉󰑊󰑋󰑌󰑍","󰑎󰑏󰑐󰑑󰑒󰑓󰑔󰑕󰑖󰑗󰑘󰑙👪👫󰑚󰑛","󰑜󰑝󰑞👬󰑟󰑠󰑡󰑢󰑣👭󰑤󰑥󰑦󰑧󰑨👮","󰑩󰑪󰑫󰑬󰑭󰑮󰑯󰑰󰑱󰑲󰑳󰑴󰑵󰑶󰑷󰑸","󰑹👯󰑺󰑻👰󰑼󰑽󰑾󰑿󰒀󰒁󰒂󰒃󰒄󰒅󰒆","󰒇󰒈󰒉󰒊󰒋󰒌👱󰒍󰒎󰒏󰒐󰒑󰒒󰒓󰒔󰒕","󰒖󰒗󰒘󰒙󰒚󰒛󰒜󰒝👲󰒞󰒟󰒠󰒡󰒢👳󰒣","󰒤󰒥󰒦󰒧󰒨󰒩󰒪󰒫󰒬󰒭󰒮󰒯󰒰󰒱󰒲󰒳","👴󰒴󰒵󰒶󰒷󰒸👵󰒹󰒺󰒻󰒼󰒽👶󰒾󰒿󰓀","󰓁󰓂👷󰓃󰓄󰓅󰓆󰓇󰓈󰓉󰓊󰓋󰓌󰓍󰓎󰓏","󰓐󰓑󰓒󰓓👸󰓔󰓕󰓖󰓗󰓘👹👺👻👼󰓙󰓚","󰓛󰓜󰓝👽👾👿💀💁󰓞󰓟󰓠󰓡󰓢󰓣󰓤󰓥","󰓦󰓧󰓨󰓩󰓪󰓫󰓬󰓭󰓮💂󰓯󰓰󰓱󰓲󰓳󰓴","󰓵󰓶󰓷󰓸󰓹󰓺󰓻󰓼󰓽󰓾󰓿💃󰔀󰔁󰔂󰔃","󰔄💄💅󰔅󰔆󰔇󰔈󰔉💆󰔊󰔋󰔌󰔍󰔎󰔏󰔐","󰔑󰔒󰔓󰔔󰔕󰔖󰔗󰔘󰔙󰔚💇󰔛󰔜󰔝󰔞󰔟","󰔠󰔡󰔢󰔣󰔤󰔥󰔦󰔧󰔨󰔩󰔪󰔫💈💉💊💋","💌💍💎💏󰔬󰔭󰔮󰔯󰔰💐💑󰔱󰔲󰔳󰔴󰔵","💒💓💔💕💖💗💘💙💚💛💜💝💞💟💠💡","💢💣💤💥💦💧💨💩💪󰔶󰔷󰔸󰔹󰔺💫💬","💭💮💯💰💱💲💳💴💵💶💷💸💹💺💻💼","💽💾💿📀📁📂📃📄📅📆📇📈📉📊📋📌","📍📎📏📐📑📒📓📔📕📖📗📘📙📚📛📜","📝📞📟📠📡📢📣📤📥📦📧📨📩📪📫📬","📭📮📯📰📱📲📳📴📵📶📷📸📹📺📻📼","📽📿🔀🔁🔂🔃🔄🔅🔆🔇🔈🔉🔊🔋🔌🔍","🔎🔏🔐🔑🔒🔓🔔🔕🔖🔗🔘🔙🔚🔛🔜🔝","🔞🔟🔠🔡🔢🔣🔤🔥🔦🔧🔨🔩🔪🔫🔬🔭","🔮🔯🔰🔱🔲🔳🔴🔵🔶🔷🔸🔹🔺🔻🔼🔽","🕉🕊🕋🕌🕍🕎🕐🕑🕒🕓🕔🕕🕖🕗🕘🕙","🕚🕛🕜🕝🕞🕟🕠🕡🕢🕣🕤🕥🕦🕧🕯🕰","🕳🕴󰔻󰔼󰔽󰔾󰔿󰕀󰕁󰕂󰕃󰕄󰕅󰕆󰕇󰕈","󰕉󰕊󰕋🕵󰕌󰕍󰕎󰕏󰕐󰕑󰕒󰕓󰕔󰕕󰕖󰕗","󰕘󰕙󰕚󰕛󰕜🕶🕷🕸🕹🕺󰕝󰕞󰕟󰕠󰕡🖇","🖊🖋🖌🖍🖐󰕢󰕣󰕤󰕥󰕦🖕󰕧󰕨󰕩󰕪󰕫","🖖󰕬󰕭󰕮󰕯󰕰🖤🖥🖨🖱🖲🖼🗂🗃🗄🗑","🗒🗓🗜🗝🗞🗡🗣🗨🗯🗳🗺🗻🗼🗽🗾🗿","😀😁😂😃😄😅😆😇😈😉😊😋😌😍😎😏","😐😑😒😓😔😕😖😗😘😙😚😛😜😝😞😟","😠😡😢😣😤😥😦😧😨😩😪😫😬😭😮󰕱","😯😰😱😲😳😴😵󰕲😶󰕳😷😸😹😺😻😼","😽😾😿🙀🙁🙂󰕴󰕵🙃🙄🙅󰕶󰕷󰕸󰕹󰕺","󰕻󰕼󰕽󰕾󰕿󰖀󰖁󰖂󰖃󰖄󰖅󰖆🙆󰖇󰖈󰖉","󰖊󰖋󰖌󰖍󰖎󰖏󰖐󰖑󰖒󰖓󰖔󰖕󰖖󰖗🙇󰖘","󰖙󰖚󰖛󰖜󰖝󰖞󰖟󰖠󰖡󰖢󰖣󰖤󰖥󰖦󰖧󰖨","🙈🙉🙊🙋󰖩󰖪󰖫󰖬󰖭󰖮󰖯󰖰󰖱󰖲󰖳󰖴","󰖵󰖶󰖷󰖸󰖹🙌󰖺󰖻󰖼󰖽󰖾🙍󰖿󰗀󰗁󰗂","󰗃󰗄󰗅󰗆󰗇󰗈󰗉󰗊󰗋󰗌󰗍󰗎󰗏🙎󰗐󰗑","󰗒󰗓󰗔󰗕󰗖󰗗󰗘󰗙󰗚󰗛󰗜󰗝󰗞󰗟󰗠🙏","󰗡󰗢󰗣󰗤󰗥🚀🚁🚂🚃🚄🚅🚆🚇🚈🚉🚊","🚋🚌🚍🚎🚏🚐🚑🚒🚓🚔🚕🚖🚗🚘🚙🚚","🚛🚜🚝🚞🚟🚠🚡🚢🚣󰗦󰗧󰗨󰗩󰗪󰗫󰗬","󰗭󰗮󰗯󰗰󰗱󰗲󰗳󰗴󰗵󰗶🚤🚥🚦🚧🚨🚩","🚪🚫🚬🚭🚮🚯🚰🚱🚲🚳🚴󰗷󰗸󰗹󰗺󰗻","󰗼󰗽󰗾󰗿󰘀󰘁󰘂󰘃󰘄󰘅󰘆󰘇🚵󰘈󰘉󰘊","󰘋󰘌󰘍󰘎󰘏󰘐󰘑󰘒󰘓󰘔󰘕󰘖󰘗󰘘🚶󰘙","󰘚󰘛󰘜󰘝󰘞󰘟󰘠󰘡󰘢󰘣󰘤󰘥󰘦󰘧󰘨󰘩","󰘪󰘫󰘬󰘭󰘮󰘯󰘰󰘱󰘲󰘳󰘴󰘵󰘶󰘷󰘸󰘹","󰘺󰘻🚷🚸🚹🚺🚻🚼🚽🚾🚿🛀󰘼󰘽󰘾󰘿","󰙀🛁🛂🛃🛄🛅🛋🛌󰙁󰙂󰙃󰙄󰙅🛍🛎🛏","🛐🛑🛒🛕🛖🛗🛜🛝🛞🛟🛠🛡🛢🛣🛤🛥","🛩🛫🛬🛰🛳🛴🛵🛶🛷🛸🛹🛺🛻🛼🟠🟡","🟢🟣🟤🟥🟦🟧🟨🟩🟪🟫🟰🤌󰙆󰙇󰙈󰙉","󰙊🤍🤎🤏󰙋󰙌󰙍󰙎󰙏🤐🤑🤒🤓🤔🤕🤖","🤗🤘󰙐󰙑󰙒󰙓󰙔🤙󰙕󰙖󰙗󰙘󰙙🤚󰙚󰙛","󰙜󰙝󰙞🤛󰙟󰙠󰙡󰙢󰙣🤜󰙤󰙥󰙦󰙧󰙨🤝","󰙩󰙪󰙫󰙬󰙭🤞󰙮󰙯󰙰󰙱󰙲🤟󰙳󰙴󰙵󰙶","󰙷🤠🤡🤢🤣🤤🤥🤦󰙸󰙹󰙺󰙻󰙼󰙽󰙾󰙿","󰚀󰚁󰚂󰚃󰚄󰚅󰚆󰚇󰚈🤧🤨🤩🤪🤫🤬🤭","🤮🤯🤰󰚉󰚊󰚋󰚌󰚍🤱󰚎󰚏󰚐󰚑󰚒🤲󰚓","󰚔󰚕󰚖󰚗🤳󰚘󰚙󰚚󰚛󰚜🤴󰚝󰚞󰚟󰚠󰚡","🤵󰚢󰚣󰚤󰚥󰚦󰚧󰚨󰚩󰚪󰚫󰚬󰚭󰚮󰚯󰚰","󰚱󰚲🤶󰚳󰚴󰚵󰚶󰚷🤷󰚸󰚹󰚺󰚻󰚼󰚽󰚾","󰚿󰛀󰛁󰛂󰛃󰛄󰛅󰛆󰛇󰛈🤸󰛉󰛊󰛋󰛌󰛍","󰛎󰛏󰛐󰛑󰛒󰛓󰛔󰛕󰛖󰛗󰛘󰛙🤹󰛚󰛛󰛜","󰛝󰛞󰛟󰛠󰛡󰛢󰛣󰛤󰛥󰛦󰛧󰛨󰛩󰛪🤺🤼","󰛫󰛬🤽󰛭󰛮󰛯󰛰󰛱󰛲󰛳󰛴󰛵󰛶󰛷󰛸󰛹","󰛺󰛻󰛼󰛽🤾󰛾󰛿󰜀󰜁󰜂󰜃󰜄󰜅󰜆󰜇󰜈","󰜉󰜊󰜋󰜌󰜍󰜎🤿🥀🥁🥂🥃🥄🥅🥇🥈🥉","🥊🥋🥌🥍🥎🥏🥐🥑🥒🥓🥔🥕🥖🥗🥘🥙","🥚🥛🥜🥝🥞🥟🥠🥡🥢🥣🥤🥥🥦🥧🥨🥩","🥪🥫🥬🥭🥮🥯🥰🥱🥲🥳🥴🥵🥶🥷󰜏󰜐","󰜑󰜒󰜓🥸🥹🥺🥻🥼🥽🥾🥿🦀🦁🦂🦃🦄","🦅🦆🦇🦈🦉🦊🦋🦌🦍🦎🦏🦐🦑🦒🦓🦔","🦕🦖🦗🦘🦙🦚🦛🦜🦝🦞🦟🦠🦡🦢🦣🦤","🦥🦦🦧🦨🦩🦪🦫🦬🦭🦮🦯🦰🦱🦲🦳🦴","🦵󰜔󰜕󰜖󰜗󰜘🦶󰜙󰜚󰜛󰜜󰜝🦷🦸󰜞󰜟","󰜠󰜡󰜢󰜣󰜤󰜥󰜦󰜧󰜨󰜩󰜪󰜫󰜬󰜭󰜮🦹","󰜯󰜰󰜱󰜲󰜳󰜴󰜵󰜶󰜷󰜸󰜹󰜺󰜻󰜼󰜽󰜾","󰜿🦺🦻󰝀󰝁󰝂󰝃󰝄🦼🦽🦾🦿🧀🧁🧂🧃","🧄🧅🧆🧇🧈🧉🧊🧋🧌🧍󰝅󰝆󰝇󰝈󰝉󰝊","󰝋󰝌󰝍󰝎󰝏󰝐󰝑󰝒󰝓󰝔󰝕🧎󰝖󰝗󰝘󰝙","󰝚󰝛󰝜󰝝󰝞󰝟󰝠󰝡󰝢󰝣󰝤󰝥󰝦󰝧󰝨󰝩","󰝪󰝫󰝬󰝭󰝮󰝯󰝰󰝱󰝲󰝳󰝴󰝵󰝶󰝷󰝸🧏","󰝹󰝺󰝻󰝼󰝽󰝾󰝿󰞀󰞁󰞂󰞃󰞄󰞅󰞆󰞇󰞈","󰞉🧐🧑󰞊󰞋󰞌󰞍󰞎󰞏󰞐󰞑󰞒󰞓󰞔󰞕󰞖","󰞗󰞘󰞙󰞚󰞛󰞜󰞝󰞞󰞟󰞠󰞡󰞢󰞣󰞤󰞥󰞦","󰞧󰞨󰞩󰞪󰞫󰞬󰞭󰞮󰞯󰞰󰞱󰞲󰞳󰞴󰞵󰞶","󰞷󰞸󰞹󰞺󰞻󰞼󰞽󰞾󰞿󰟀󰟁󰟂󰟃󰟄󰟅󰟆","󰟇󰟈󰟉󰟊󰟋󰟌󰟍󰟎󰟏󰟐󰟑󰟒󰟓󰟔󰟕󰟖","󰟗󰟘󰟙󰟚󰟛󰟜󰟝󰟞󰟟󰟠󰟡󰟢󰟣󰟤󰟥󰟦","󰟧󰟨󰟩󰟪󰟫󰟬󰟭󰟮󰟯󰟰󰟱󰟲󰟳󰟴󰟵󰟶","󰟷󰟸󰟹󰟺󰟻󰟼󰟽󰟾󰟿󰠀󰠁󰠂󰠃󰠄󰠅󰠆","󰠇󰠈󰠉󰠊󰠋󰠌󰠍󰠎󰠏󰠐󰠑󰠒󰠓󰠔󰠕󰠖","󰠗󰠘󰠙󰠚󰠛󰠜󰠝󰠞󰠟󰠠󰠡󰠢󰠣󰠤󰠥󰠦","󰠧󰠨󰠩󰠪󰠫󰠬󰠭󰠮󰠯󰠰󰠱󰠲󰠳󰠴󰠵󰠶","󰠷󰠸󰠹󰠺󰠻󰠼󰠽󰠾󰠿󰡀󰡁󰡂󰡃󰡄󰡅󰡆","󰡇󰡈󰡉󰡊󰡋󰡌󰡍󰡎󰡏󰡐󰡑󰡒󰡓󰡔󰡕󰡖","󰡗󰡘󰡙󰡚󰡛󰡜󰡝󰡞󰡟󰡠󰡡󰡢󰡣󰡤󰡥󰡦","󰡧󰡨󰡩󰡪󰡫󰡬󰡭󰡮󰡯󰡰󰡱󰡲󰡳󰡴󰡵󰡶","󰡷󰡸󰡹󰡺󰡻󰡼🧒󰡽󰡾󰡿󰢀󰢁🧓󰢂󰢃󰢄","󰢅󰢆🧔󰢇󰢈󰢉󰢊󰢋󰢌󰢍󰢎󰢏󰢐󰢑󰢒󰢓","󰢔󰢕󰢖󰢗🧕󰢘󰢙󰢚󰢛󰢜🧖󰢝󰢞󰢟󰢠󰢡","󰢢󰢣󰢤󰢥󰢦󰢧󰢨󰢩󰢪󰢫󰢬󰢭🧗󰢮󰢯󰢰","󰢱󰢲󰢳󰢴󰢵󰢶󰢷󰢸󰢹󰢺󰢻󰢼󰢽󰢾🧘󰢿","󰣀󰣁󰣂󰣃󰣄󰣅󰣆󰣇󰣈󰣉󰣊󰣋󰣌󰣍󰣎󰣏","🧙󰣐󰣑󰣒󰣓󰣔󰣕󰣖󰣗󰣘󰣙󰣚󰣛󰣜󰣝󰣞","󰣟󰣠🧚󰣡󰣢󰣣󰣤󰣥󰣦󰣧󰣨󰣩󰣪󰣫󰣬󰣭","󰣮󰣯󰣰󰣱🧛󰣲󰣳󰣴󰣵󰣶󰣷󰣸󰣹󰣺󰣻󰣼","󰣽󰣾󰣿󰤀󰤁󰤂🧜󰤃󰤄󰤅󰤆󰤇󰤈󰤉󰤊󰤋","󰤌󰤍󰤎󰤏󰤐󰤑󰤒󰤓🧝󰤔󰤕󰤖󰤗󰤘󰤙󰤚","󰤛󰤜󰤝󰤞󰤟󰤠󰤡󰤢󰤣󰤤🧞󰤥󰤦🧟󰤧󰤨","🧠🧡🧢🧣🧤🧥🧦🧧🧨🧩🧪🧫🧬🧭🧮🧯","🧰🧱🧲🧳🧴🧵🧶🧷🧸🧹🧺🧻🧼🧽🧾🧿","🩰🩱🩲🩳🩴🩵🩶🩷🩸🩹🩺🩻🩼🪀🪁🪂","🪃🪄🪅🪆🪇🪈🪐🪑🪒🪓🪔🪕🪖🪗🪘🪙","🪚🪛🪜🪝🪞🪟🪠🪡🪢🪣🪤🪥🪦🪧🪨🪩","🪪🪫🪬🪭🪮🪯🪰🪱🪲🪳🪴🪵🪶🪷🪸🪹","🪺🪻🪼🪽🪿🫀🫁🫂🫃󰤩󰤪󰤫󰤬󰤭🫄󰤮","󰤯󰤰󰤱󰤲🫅󰤳󰤴󰤵󰤶󰤷🫎🫏🫐🫑🫒🫓","🫔🫕🫖🫗🫘🫙🫚🫛🫠🫡🫢🫣🫤🫥🫦🫧","🫨🫰󰤸󰤹󰤺󰤻󰤼🫱󰤽󰤾󰤿󰥀󰥁󰥂󰥃󰥄","󰥅󰥆󰥇󰥈󰥉󰥊󰥋󰥌󰥍󰥎󰥏󰥐󰥑󰥒󰥓󰥔","󰥕🫲󰥖󰥗󰥘󰥙󰥚🫳󰥛󰥜󰥝󰥞󰥟🫴󰥠󰥡","󰥢󰥣󰥤🫵󰥥󰥦󰥧󰥨󰥩🫶󰥪󰥫󰥬󰥭󰥮🫷","󰥯󰥰󰥱󰥲󰥳🫸󰥴󰥵󰥶󰥷󰥸\u0000\u0000\u0000\u0000\u0000"],"file":"twemoji:font/emoji.png","height":9,"type":"bitmap"},{"ascent":8,"chars":["󰀾󰀿󰁀󰁁󰁂󰁃󰁄󰁅󰁆󰁇󰁈󰁉󰁊󰁋󰁌󰁍","󰁎󰁏󰁐󰁑󰁒󰁓󰁔󰁕󰁖󰁗󰁘󰁙󰁚󰁛󰁜󰁝","󰁞󰁟󰁠󰁡󰁢󰁣󰁤󰁥󰁦󰁧󰁨󰁩󰁪󰁫󰁬󰁭","󰁮󰁯󰁰󰁱󰁲󰁳󰁴󰁵󰁶󰁷󰁸󰁹󰁺󰁻󰁼󰁽","󰁾󰁿󰂀󰂁󰂂󰂃󰂄󰂅󰂆󰂇󰂈󰂉󰂊󰂋󰂌󰂍","󰂎󰂏󰂐󰂑󰂒󰂓󰂔󰂕󰂖󰂗󰂘󰂙󰂚󰂛󰂜󰂝","󰂞󰂟󰂠󰂡󰂢󰂣󰂤󰂥󰂦󰂧󰂨󰂩󰂪󰂫󰂬󰂭","󰂮󰂯󰂰󰂱󰂲󰂳󰂴󰂵󰂶󰂷󰂸󰂹󰂺󰂻󰂼󰂽","󰂾󰂿󰃀󰃁󰃂󰃃󰃄󰃅󰃆󰃇󰃈󰃉󰃊󰃋󰃌󰃍","󰃎󰃏󰃐󰃑󰃒󰃓󰃔󰃕󰃖󰃗󰃘󰃙󰃚󰃛󰃜󰃝","󰃞󰃟󰃠󰃡󰃢󰃣󰃤󰃥󰃦󰃧󰃨󰃩󰃪󰃫󰃬󰃭","󰃮󰃯󰃰󰃱󰃲󰃳󰃴󰃵󰃶󰃷󰃸󰃹󰃺󰃻󰃼󰃽","󰃾󰃿󰄀󰄁󰄂󰄃󰄄󰄅󰄆󰄇󰄈󰄉󰄊󰄋󰄌󰄍","󰄎󰄏󰄐󰄑󰄒󰄓󰄔󰄕󰄖󰄗󰄘󰄙󰄚󰄛󰄜󰄝","󰄞󰄟󰄠󰄡󰄢󰄣󰄤󰄥󰄦󰄧󰄨󰄩󰄪󰄫󰄬󰄭","󰄮󰄯󰄰󰄱󰄲󰄳󰄴󰄵󰄶󰄷󰄸󰄹󰄺󰄻󰄼󰄽","󰄾󰄿\u0000\u0000\u0000\u0000\u0000\u0000\u0000\u0000\u0000\u0000\u0000\u0000\u0000\u0000"],"file":"twemoji:font/flags.png","height":9,"type":"bitmap"},{"ascent":8,"chars":["񠀀񠀁񠀂񠀃񠀄񠀅񠀆񠀇񠀈񠀉񠀊񠀋"],"file":"emoji_categories:font/categories.png","height":9,"type":"bitmap"}]}